"Denominação Comum Brasileira (DCB)","Forma farmacêutica​","Concentração","Componente de financiamento da Assistência Farmacêutica","Grupo de financiamento do Componente Especializado","Modalidade de aquisição do Componente da Assistência Farmacêutica em Oncologia","Código ATC","Classificação AWaRe","Observações"
"abatacepte","pó para solução para infusão","250 mg","ESPECIALIZADO","1A","","L04AA24","","Grupo 1A: medicamentos com aquisição centralizada pelo Ministério da Saúde e fornecidos às secretarias de saúde dos estados e Distrito Federal, sendo delas a responsabilidade pela programação, armazenamento, distribuição e dispensação para tratamento das doenças contempladas no âmbito do Componente Especializado da Assistência Farmacêutica."
"abatacepte","solução injetável","125 mg/mL","ESPECIALIZADO","1A","","L04AA24","","Grupo 1A: medicamentos com aquisição centralizada pelo Ministério da Saúde e fornecidos às secretarias de saúde dos estados e Distrito Federal, sendo delas a responsabilidade pela programação, armazenamento, distribuição e dispensação para tratamento das doenças contempladas no âmbito do Componente Especializado da Assistência Farmacêutica."
"abciximabe","solução injetável","2 mg/mL","PROCEDIMENTO HOSPITALAR","","","B01AC13","","""PROCEDIMENTO HOSPITALAR"" não é um Componente de financiamento da Assistência Farmacêutica. Os medicamentos nele relacionados estão elencados no Procedimento ""06 - Medicamentos"" da tabela Sigtap e são financiados pelo bloco da Alta e Média Complexidade."
"acetato de abiraterona","comprimido","250 mg","ONCOLÓGICO","","DESCENTRALIZADO","L02BX03","","Relatório de Recomendação da CONITEC Nº 464 de Julho/2019 - Abiraterona para tratamento do câncer de próstata metastático resistente à castração, em pacientes com uso prévio de quimioterapia.
 "
"acetato de abiraterona","comprimido","500 mg","ONCOLÓGICO","","DESCENTRALIZADO","L02BX03","","Relatório de Recomendação da CONITEC Nº 464 de Julho/2019 - Abiraterona para tratamento do câncer de próstata metastático resistente à castração, em pacientes com uso prévio de quimioterapia.
 "
"acetato de betametasona + fosfato dissódico de betametasona","suspensão injetável","3 mg/mL + 3 mg/mL","BÁSICO","","","H02AB01",""," "
"acetato de ciproterona","comprimido","50 mg","ESPECIALIZADO","1B","","G03HA01","","Grupo 1B: medicamentos financiados pelo Ministério da Saúde mediante transferência de recursos financeiros para aquisição pelas secretarias de saúde dos estados e Distrito Federal sendo delas a responsabilidade pela programação, armazenamento, distribuição e dispensação para tratamento das doenças contempladas no âmbito do Componente Especializado da Assistência Farmacêutica."
"acetato de desmopressina","comprimido","0,1 mg","ESPECIALIZADO","1A","","H01BA02","","Grupo 1A: medicamentos com aquisição centralizada pelo Ministério da Saúde e fornecidos às secretarias de saúde dos estados e Distrito Federal, sendo delas a responsabilidade pela programação, armazenamento, distribuição e dispensação para tratamento das doenças contempladas no âmbito do Componente Especializado da Assistência Farmacêutica."
"acetato de desmopressina","comprimido","0,2 mg ","ESPECIALIZADO","1A","","H01BA02","","Grupo 1A: medicamentos com aquisição centralizada pelo Ministério da Saúde e fornecidos às secretarias de saúde dos estados e Distrito Federal, sendo delas a responsabilidade pela programação, armazenamento, distribuição e dispensação para tratamento das doenças contempladas no âmbito do Componente Especializado da Assistência Farmacêutica."
"acetato de desmopressina","solução injetável","15 mcg/mL","ESTRATÉGICO","","","H01BA02",""," "
"acetato de desmopressina","solução injetável","4 mcg/mL","ESTRATÉGICO","","","H01BA02",""," "
"acetato de desmopressina","solução spray nasal","0,1 mg/mL","ESPECIALIZADO","1A","","H01BA02","","Grupo 1A: medicamentos com aquisição centralizada pelo Ministério da Saúde e fornecidos às secretarias de saúde dos estados e Distrito Federal, sendo delas a responsabilidade pela programação, armazenamento, distribuição e dispensação para tratamento das doenças contempladas no âmbito do Componente Especializado da Assistência Farmacêutica."
"acetato de fludrocortisona","comprimido","0,1 mg","ESPECIALIZADO","2","","H02AA02","","Grupo 2: medicamentos sob responsabilidade das secretarias de saúde dos estados e do Distrito Federal pelo financiamento, aquisição, programação, armazenamento, distribuição e dispensação para tratamento das doenças contempladas no âmbito do CEAF"
"acetato de glatirâmer","solução injetável","20 mg/mL","ESPECIALIZADO","1A","","L03AX13","","Grupo 1A: medicamentos com aquisição centralizada pelo Ministério da Saúde e fornecidos às secretarias de saúde dos estados e Distrito Federal, sendo delas a responsabilidade pela programação, armazenamento, distribuição e dispensação para tratamento das doenças contempladas no âmbito do Componente Especializado da Assistência Farmacêutica."
"acetato de glatirâmer","solução injetável","40 mg/mL","ESPECIALIZADO","1A","","L03AX13","","Grupo 1A: medicamentos com aquisição centralizada pelo Ministério da Saúde e fornecidos às secretarias de saúde dos estados e Distrito Federal, sendo delas a responsabilidade pela programação, armazenamento, distribuição e dispensação para tratamento das doenças contempladas no âmbito do Componente Especializado da Assistência Farmacêutica."
"acetato de gosserrelina","implante","10,8 mg","ESPECIALIZADO","1B","","L02AE03","","Grupo 1B: medicamentos financiados pelo Ministério da Saúde mediante transferência de recursos financeiros para aquisição pelas secretarias de saúde dos estados e Distrito Federal sendo delas a responsabilidade pela programação, armazenamento, distribuição e dispensação para tratamento das doenças contempladas no âmbito do Componente Especializado da Assistência Farmacêutica."
"acetato de gosserrelina","implante","3,6 mg","ESPECIALIZADO","1B","","L02AE03","","Grupo 1B: medicamentos financiados pelo Ministério da Saúde mediante transferência de recursos financeiros para aquisição pelas secretarias de saúde dos estados e Distrito Federal sendo delas a responsabilidade pela programação, armazenamento, distribuição e dispensação para tratamento das doenças contempladas no âmbito do Componente Especializado da Assistência Farmacêutica."
"acetato de hidrocortisona","creme","10 mg/g (1%)","BÁSICO","","","D07AA02",""," "
"acetato de lanreotida","solução injetável de liberação prolongada","120 mg","ESPECIALIZADO","1A","","H01CB03","","Grupo 1A: medicamentos com aquisição centralizada pelo Ministério da Saúde e fornecidos às secretarias de saúde dos estados e Distrito Federal, sendo delas a responsabilidade pela programação, armazenamento, distribuição e dispensação para tratamento das doenças contempladas no âmbito do Componente Especializado da Assistência Farmacêutica."
"acetato de lanreotida","solução injetável de liberação prolongada","60 mg","ESPECIALIZADO","1A","","H01CB03","","Grupo 1A: medicamentos com aquisição centralizada pelo Ministério da Saúde e fornecidos às secretarias de saúde dos estados e Distrito Federal, sendo delas a responsabilidade pela programação, armazenamento, distribuição e dispensação para tratamento das doenças contempladas no âmbito do Componente Especializado da Assistência Farmacêutica."
"acetato de lanreotida","solução injetável de liberação prolongada","90 mg","ESPECIALIZADO","1A","","H01CB03","","Grupo 1A: medicamentos com aquisição centralizada pelo Ministério da Saúde e fornecidos às secretarias de saúde dos estados e Distrito Federal, sendo delas a responsabilidade pela programação, armazenamento, distribuição e dispensação para tratamento das doenças contempladas no âmbito do Componente Especializado da Assistência Farmacêutica."
"acetato de leuprorrelina","pó liofilizado para suspensão injetável de liberação prolongada","22,5 mg","ONCOLÓGICO","","DESCENTRALIZADO","L02AE02",""," "
"acetato de leuprorrelina","pó liofilizado para suspensão injetável de liberação prolongada","7,5 mg","ONCOLÓGICO","","DESCENTRALIZADO","L02AE02",""," "
"acetato de leuprorrelina","pó para suspensão injetável","11,25 mg","ESPECIALIZADO","1B","","L02AE02","","Grupo 1B: medicamentos financiados pelo Ministério da Saúde mediante transferência de recursos financeiros para aquisição pelas secretarias de saúde dos estados e Distrito Federal sendo delas a responsabilidade pela programação, armazenamento, distribuição e dispensação para tratamento das doenças contempladas no âmbito do Componente Especializado da Assistência Farmacêutica."
"acetato de leuprorrelina","pó para suspensão injetável","3,75 mg","ESPECIALIZADO E ONCOLÓGICO","1B","DESCENTRALIZADO","L02AE02","","Grupo 1B: medicamentos financiados pelo Ministério da Saúde mediante transferência de recursos financeiros para aquisição pelas secretarias de saúde dos estados e Distrito Federal sendo delas a responsabilidade pela programação, armazenamento, distribuição e dispensação para tratamento das doenças contempladas no âmbito do Componente Especializado da Assistência Farmacêutica."
"acetato de leuprorrelina","pó para suspensão injetável","45 mg","ESPECIALIZADO E ONCOLÓGICO","1B","DESCENTRALIZADO","L02AE02","","Grupo 1B: medicamentos financiados pelo Ministério da Saúde mediante transferência de recursos financeiros para aquisição pelas secretarias de saúde dos estados e Distrito Federal sendo delas a responsabilidade pela programação, armazenamento, distribuição e dispensação para tratamento das doenças contempladas no âmbito do Componente Especializado da Assistência Farmacêutica."
"acetato de medroxiprogesterona","comprimido","10 mg","BÁSICO","","","G03DA02",""," "
"acetato de medroxiprogesterona","suspensão injetável","150 mg/mL","BÁSICO","","","G03AC06",""," "
"acetato de medroxiprogesterona","suspensão injetável","50 mg/mL","BÁSICO","","","G03AC06",""," "
"acetato de medroxiprogesterona + cipionato de estradiol","suspensão injetável","25 mg/0,5 mL + 5 mg/ 0,5 mL ","BÁSICO","","","G03AA17 ",""," "
"acetato de megestrol","comprimido","160 mg","ONCOLÓGICO","","DESCENTRALIZADO","L02AB01",""," "
"acetato de octreotida","pó para suspensão injetável","10 mg","ESPECIALIZADO","1B","","H01CB02","","Grupo 1B: medicamentos financiados pelo Ministério da Saúde mediante transferência de recursos financeiros para aquisição pelas secretarias de saúde dos estados e Distrito Federal sendo delas a responsabilidade pela programação, armazenamento, distribuição e dispensação para tratamento das doenças contempladas no âmbito do Componente Especializado da Assistência Farmacêutica."
"acetato de octreotida","pó para suspensão injetável","20 mg","ESPECIALIZADO","1A","","H01CB02","","Grupo 1A: medicamentos com aquisição centralizada pelo Ministério da Saúde e fornecidos às secretarias de saúde dos estados e Distrito Federal, sendo delas a responsabilidade pela programação, armazenamento, distribuição e dispensação para tratamento das doenças contempladas no âmbito do Componente Especializado da Assistência Farmacêutica."
"acetato de octreotida","pó para suspensão injetável","30 mg","ESPECIALIZADO","1A","","H01CB02","","Grupo 1A: medicamentos com aquisição centralizada pelo Ministério da Saúde e fornecidos às secretarias de saúde dos estados e Distrito Federal, sendo delas a responsabilidade pela programação, armazenamento, distribuição e dispensação para tratamento das doenças contempladas no âmbito do Componente Especializado da Assistência Farmacêutica."
"acetato de octreotida","solução injetável","0,1 mg/mL","ESPECIALIZADO","1B","","H01CB02","","Grupo 1B: medicamentos financiados pelo Ministério da Saúde mediante transferência de recursos financeiros para aquisição pelas secretarias de saúde dos estados e Distrito Federal sendo delas a responsabilidade pela programação, armazenamento, distribuição e dispensação para tratamento das doenças contempladas no âmbito do Componente Especializado da Assistência Farmacêutica."
"acetato de sódio","solução injetável","2 mEq/mL","BÁSICO","","","B05XA08",""," "
"acetazolamida","comprimido","250 mg","BÁSICO E ESPECIALIZADO","2","","S01EC01","","Grupo 2: medicamentos sob responsabilidade das secretarias de saúde dos estados e do Distrito Federal pelo financiamento, aquisição, programação, armazenamento, distribuição e dispensação para tratamento das doenças contempladas no âmbito do CEAF"
"aciclovir","comprimido","200 mg","BÁSICO","","","J05AB01",""," "
"aciclovir","creme","50 mg/g (5%)","BÁSICO","","","D06BB03",""," "
"aciclovir","pó para solução injetável","250 mg","BÁSICO","","","J05AB01",""," "
"ácido acetilsalicílico","comprimido","100 mg","BÁSICO","","","B01AC06",""," "
"ácido acetilsalicílico","comprimido","500 mg","BÁSICO","","","N02BA01",""," "
"ácido fólico","comprimido","5 mg","BÁSICO","","","B03BB01",""," "
"ácido fólico","solução oral","0,2 mg/mL","BÁSICO","","","B03BB01",""," "
"ácido folínico","comprimido","15 mg","BÁSICO e ESTRATÉGICO","","","V03AF03",""," "
"ácido nicotínico","comprimido de liberação prolongada","500 mg","ESPECIALIZADO","2","","C10AD02","","Grupo 2: medicamentos sob responsabilidade das secretarias de saúde dos estados e do Distrito Federal pelo financiamento, aquisição, programação, armazenamento, distribuição e dispensação para tratamento das doenças contempladas no âmbito do CEAF"
"ácido paraminossalicílico","granulado oral","4 g","ESTRATÉGICO","","","J04AA01",""," "
"ácido salicílico (FN)","pomada","50 mg/g (5%)","BÁSICO","","","D02AF",""," "
"ácido tranexâmico","comprimido","250 mg","ESTRATÉGICO","","","B02AA02",""," "
"ácido ursodesoxicólico","comprimido","150 mg","ESPECIALIZADO","1B","","A05AA02","","Grupo 1B: medicamentos financiados pelo Ministério da Saúde mediante transferência de recursos financeiros para aquisição pelas secretarias de saúde dos estados e Distrito Federal sendo delas a responsabilidade pela programação, armazenamento, distribuição e dispensação para tratamento das doenças contempladas no âmbito do Componente Especializado da Assistência Farmacêutica."
"ácido ursodesoxicólico","comprimido","300 mg","ESPECIALIZADO","1B","","A05AA02","","Grupo 1B: medicamentos financiados pelo Ministério da Saúde mediante transferência de recursos financeiros para aquisição pelas secretarias de saúde dos estados e Distrito Federal sendo delas a responsabilidade pela programação, armazenamento, distribuição e dispensação para tratamento das doenças contempladas no âmbito do Componente Especializado da Assistência Farmacêutica."
"ácido ursodesoxicólico","comprimido","50 mg","ESPECIALIZADO","1B","","A05AA02","","Grupo 1B: medicamentos financiados pelo Ministério da Saúde mediante transferência de recursos financeiros para aquisição pelas secretarias de saúde dos estados e Distrito Federal sendo delas a responsabilidade pela programação, armazenamento, distribuição e dispensação para tratamento das doenças contempladas no âmbito do Componente Especializado da Assistência Farmacêutica."
"ácido valpróico","cápsula","250 mg","BÁSICO","","","N03AG01",""," "
"ácido valpróico","comprimido","250 mg","BÁSICO","","","N03AG01",""," "
"ácido valpróico","comprimido","300 mg","BÁSICO","","","N03AG01",""," "
"ácido valpróico","comprimido","500 mg","BÁSICO","","","N03AG01",""," "
"ácido valpróico","solução oral","50 mg/mL","BÁSICO","","","N03AG01",""," "
"ácido valpróico","xarope","50 mg/mL","BÁSICO","","","N03AG01",""," "
"ácido zoledrônico","solução para infusão","0,05 mg/mL","ESPECIALIZADO","2","","M05BA08","","Grupo 2: medicamentos sob responsabilidade das secretarias de saúde dos estados e do Distrito Federal pelo financiamento, aquisição, programação, armazenamento, distribuição e dispensação para tratamento das doenças contempladas no âmbito do CEAF"
"acitretina","cápsula","10 mg","ESPECIALIZADO","1B","","D05BB02","","Grupo 1B: medicamentos financiados pelo Ministério da Saúde mediante transferência de recursos financeiros para aquisição pelas secretarias de saúde dos estados e Distrito Federal sendo delas a responsabilidade pela programação, armazenamento, distribuição e dispensação para tratamento das doenças contempladas no âmbito do Componente Especializado da Assistência Farmacêutica."
"acitretina","cápsula","25 mg","ESPECIALIZADO","1B","","D05BB02","","Grupo 1B: medicamentos financiados pelo Ministério da Saúde mediante transferência de recursos financeiros para aquisição pelas secretarias de saúde dos estados e Distrito Federal sendo delas a responsabilidade pela programação, armazenamento, distribuição e dispensação para tratamento das doenças contempladas no âmbito do Componente Especializado da Assistência Farmacêutica."
"adalimumabe","solução injetável","40 mg","ESPECIALIZADO","1A","","L04AB04","","Grupo 1A: medicamentos com aquisição centralizada pelo Ministério da Saúde e fornecidos às secretarias de saúde dos estados e Distrito Federal, sendo delas a responsabilidade pela programação, armazenamento, distribuição e dispensação para tratamento das doenças contempladas no âmbito do Componente Especializado da Assistência Farmacêutica."
"água para injetáveis","solução injetável 10 mL","-","Insumos (BÁSICO)","","","V07AB",""," "
"água para injetáveis","solução injetável 100 mL","-","Insumos (BÁSICO)","","","V07AB",""," "
"água para injetáveis","solução injetável 5 mL","-","Insumos (BÁSICO)","","","V07AB",""," "
"água para injetáveis","solução injetável 500 mL","-","Insumos (BÁSICO)","","","V07AB",""," "
"agulha para caneta aplicadora de insulina","-","-","Insumos (BÁSICO)","","","NC",""," "
"albendazol","comprimido mastigável","400 mg","BÁSICO E ESTRATÉGICO","","","P02CA03",""," "
"albendazol","suspensão oral","40 mg/mL","BÁSICO","","","P02CA03",""," "
"albumina humana","solução injetável","0,2 g/mL (20%)","PROCEDIMENTO HOSPITALAR","","","B05AA01  ","","""PROCEDIMENTO HOSPITALAR"" não é um Componente de financiamento da Assistência Farmacêutica. Os medicamentos nele relacionados estão elencados no Procedimento ""06 - Medicamentos"" da tabela Sigtap e são financiados pelo bloco da Alta e Média Complexidade."
"alcachofra (Cynara scolymus L.)","cápsula","24 a 48 mg de derivados de ácido cafeoilquínico expressos em ácido clorogênico (dose diária)","BÁSICO","","","C10AW5006*","","O código ATC atribuído aos fitoterápicos refere-se ao índice Herbal ATC que, embora adote uma classificação semelhante à utilizada para os demais medicamentos, inclui caracteres adicionais nos códigos para indicar as especificidades dos fitoterápicos."
"alcachofra (Cynara scolymus L.)","comprimido","24 a 48 mg de derivados de ácido cafeoilquínico expressos em ácido clorogênico (dose diária)","BÁSICO","","","C10AW5006*","","O código ATC atribuído aos fitoterápicos refere-se ao índice Herbal ATC que, embora adote uma classificação semelhante à utilizada para os demais medicamentos, inclui caracteres adicionais nos códigos para indicar as especificidades dos fitoterápicos."
"alcachofra (Cynara scolymus L.)","solução oral","24 a 48 mg de derivados de ácido cafeoilquínico expressos em ácido clorogênico (dose diária)","BÁSICO","","","C10AW5006*","","O código ATC atribuído aos fitoterápicos refere-se ao índice Herbal ATC que, embora adote uma classificação semelhante à utilizada para os demais medicamentos, inclui caracteres adicionais nos códigos para indicar as especificidades dos fitoterápicos."
"alcachofra (Cynara scolymus L.)","tintura","24 a 48 mg de derivados de ácido cafeoilquínico expressos em ácido clorogênico (dose diária)","BÁSICO","","","C10AW5006*","","O código ATC atribuído aos fitoterápicos refere-se ao índice Herbal ATC que, embora adote uma classificação semelhante à utilizada para os demais medicamentos, inclui caracteres adicionais nos códigos para indicar as especificidades dos fitoterápicos."
"alcatrão mineral (FN)","pomada","10 mg/g (1%)","BÁSICO","","","D05AA",""," "
"álcool etílico (FN)","gel","70%","Insumos (BÁSICO)","","","D08AX08",""," "
"álcool etílico (FN)","solução","70%","Insumos (BÁSICO)","","","D08AX08",""," "
"alendronato de sódio","comprimido","10 mg","BÁSICO","","","M05BA04",""," "
"alendronato de sódio","comprimido","70 mg","BÁSICO","","","M05BA04",""," "
"alentuzumabe","solução para diluição para infusão","10 mg/mL","ESPECIALIZADO","1A","","L04AG06","","Grupo 1A: medicamentos com aquisição centralizada pelo Ministério da Saúde e fornecidos às secretarias de saúde dos estados e Distrito Federal, sendo delas a responsabilidade pela programação, armazenamento, distribuição e dispensação para tratamento das doenças contempladas no âmbito do Componente Especializado da Assistência Farmacêutica."
"alfa-alglicosidade","pó para solução injetável","50 mg","ESPECIALIZADO","1A","","A16AB07","","Grupo 1A: medicamentos com aquisição centralizada pelo Ministério da Saúde e fornecidos às secretarias de saúde dos estados e Distrito Federal, sendo delas a responsabilidade pela programação, armazenamento, distribuição e dispensação para tratamento das doenças contempladas no âmbito do Componente Especializado da Assistência Farmacêutica."
"alfacerliponase","solução para infusão","30 mg/mL","ESPECIALIZADO","1A","","A16AB17","","Grupo 1A: medicamentos com aquisição centralizada pelo Ministério da Saúde e fornecidos às secretarias de saúde dos estados e Distrito Federal, sendo delas a responsabilidade pela programação, armazenamento, distribuição e dispensação para tratamento das doenças contempladas no âmbito do Componente Especializado da Assistência Farmacêutica."
"alfadornase","solução inalatória","1 mg/mL","ESPECIALIZADO","1A","","R05CB13","","Grupo 1A: medicamentos com aquisição centralizada pelo Ministério da Saúde e fornecidos às secretarias de saúde dos estados e Distrito Federal, sendo delas a responsabilidade pela programação, armazenamento, distribuição e dispensação para tratamento das doenças contempladas no âmbito do Componente Especializado da Assistência Farmacêutica."
"alfaelosulfase ","solução injetável","5 mg","ESPECIALIZADO","1A","","A16AB12","","Grupo 1A: medicamentos com aquisição centralizada pelo Ministério da Saúde e fornecidos às secretarias de saúde dos estados e Distrito Federal, sendo delas a responsabilidade pela programação, armazenamento, distribuição e dispensação para tratamento das doenças contempladas no âmbito do Componente Especializado da Assistência Farmacêutica."
"alfaepoetina","pó para solução injetável","1.000 UI","ESPECIALIZADO","1A","","B03XA01","","Grupo 1A: medicamentos com aquisição centralizada pelo Ministério da Saúde e fornecidos às secretarias de saúde dos estados e Distrito Federal, sendo delas a responsabilidade pela programação, armazenamento, distribuição e dispensação para tratamento das doenças contempladas no âmbito do Componente Especializado da Assistência Farmacêutica."
"alfaepoetina","pó para solução injetável","10.000 UI","ESPECIALIZADO","1A","","B03XA01","","Grupo 1A: medicamentos com aquisição centralizada pelo Ministério da Saúde e fornecidos às secretarias de saúde dos estados e Distrito Federal, sendo delas a responsabilidade pela programação, armazenamento, distribuição e dispensação para tratamento das doenças contempladas no âmbito do Componente Especializado da Assistência Farmacêutica."
"alfaepoetina","pó para solução injetável","2.000 UI","ESPECIALIZADO","1A","","B03XA01","","Grupo 1A: medicamentos com aquisição centralizada pelo Ministério da Saúde e fornecidos às secretarias de saúde dos estados e Distrito Federal, sendo delas a responsabilidade pela programação, armazenamento, distribuição e dispensação para tratamento das doenças contempladas no âmbito do Componente Especializado da Assistência Farmacêutica."
"alfaepoetina","pó para solução injetável","3.000 UI","ESPECIALIZADO","1A","","B03XA01","","Grupo 1A: medicamentos com aquisição centralizada pelo Ministério da Saúde e fornecidos às secretarias de saúde dos estados e Distrito Federal, sendo delas a responsabilidade pela programação, armazenamento, distribuição e dispensação para tratamento das doenças contempladas no âmbito do Componente Especializado da Assistência Farmacêutica."
"alfaepoetina","pó para solução injetável","4.000 UI","ESPECIALIZADO","1A","","B03XA01","","Grupo 1A: medicamentos com aquisição centralizada pelo Ministério da Saúde e fornecidos às secretarias de saúde dos estados e Distrito Federal, sendo delas a responsabilidade pela programação, armazenamento, distribuição e dispensação para tratamento das doenças contempladas no âmbito do Componente Especializado da Assistência Farmacêutica."
"alfaepoetina","solução injetável","1.000 UI","ESPECIALIZADO","1A","","B03XA01","","Grupo 1A: medicamentos com aquisição centralizada pelo Ministério da Saúde e fornecidos às secretarias de saúde dos estados e Distrito Federal, sendo delas a responsabilidade pela programação, armazenamento, distribuição e dispensação para tratamento das doenças contempladas no âmbito do Componente Especializado da Assistência Farmacêutica."
"alfaepoetina","solução injetável","10.000 UI","ESPECIALIZADO","1A","","B03XA01","","Grupo 1A: medicamentos com aquisição centralizada pelo Ministério da Saúde e fornecidos às secretarias de saúde dos estados e Distrito Federal, sendo delas a responsabilidade pela programação, armazenamento, distribuição e dispensação para tratamento das doenças contempladas no âmbito do Componente Especializado da Assistência Farmacêutica."
"alfaepoetina","solução injetável","2.000 UI","ESPECIALIZADO","1A","","B03XA01","","Grupo 1A: medicamentos com aquisição centralizada pelo Ministério da Saúde e fornecidos às secretarias de saúde dos estados e Distrito Federal, sendo delas a responsabilidade pela programação, armazenamento, distribuição e dispensação para tratamento das doenças contempladas no âmbito do Componente Especializado da Assistência Farmacêutica."
"alfaepoetina","solução injetável","3.000 UI","ESPECIALIZADO","1A","","B03XA01","","Grupo 1A: medicamentos com aquisição centralizada pelo Ministério da Saúde e fornecidos às secretarias de saúde dos estados e Distrito Federal, sendo delas a responsabilidade pela programação, armazenamento, distribuição e dispensação para tratamento das doenças contempladas no âmbito do Componente Especializado da Assistência Farmacêutica."
"alfaepoetina","solução injetável","4.000 UI","ESPECIALIZADO","1A","","B03XA01","","Grupo 1A: medicamentos com aquisição centralizada pelo Ministério da Saúde e fornecidos às secretarias de saúde dos estados e Distrito Federal, sendo delas a responsabilidade pela programação, armazenamento, distribuição e dispensação para tratamento das doenças contempladas no âmbito do Componente Especializado da Assistência Farmacêutica."
"alfagalsidase","solução injetável","1 mg/mL","ESPECIALIZADO","1A","","A16AB03","","Grupo 1A: medicamentos com aquisição centralizada pelo Ministério da Saúde e fornecidos às secretarias de saúde dos estados e Distrito Federal, sendo delas a responsabilidade pela programação, armazenamento, distribuição e dispensação para tratamento das doenças contempladas no âmbito do Componente Especializado da Assistência Farmacêutica."
"alfainterferona 2b","pó para solução injetável","10.000.000 UI","ESPECIALIZADO","1B","","L03AB05","","Grupo 1B: medicamentos financiados pelo Ministério da Saúde mediante transferência de recursos financeiros para aquisição pelas secretarias de saúde dos estados e Distrito Federal sendo delas a responsabilidade pela programação, armazenamento, distribuição e dispensação para tratamento das doenças contempladas no âmbito do Componente Especializado da Assistência Farmacêutica."
"alfainterferona 2b","pó para solução injetável","3.000.000 UI","ESPECIALIZADO","1B","","L03AB05","","Grupo 1B: medicamentos financiados pelo Ministério da Saúde mediante transferência de recursos financeiros para aquisição pelas secretarias de saúde dos estados e Distrito Federal sendo delas a responsabilidade pela programação, armazenamento, distribuição e dispensação para tratamento das doenças contempladas no âmbito do Componente Especializado da Assistência Farmacêutica."
"alfainterferona 2b","pó para solução injetável","5.000.000 UI","ESPECIALIZADO","1B","","L03AB05","","Grupo 1B: medicamentos financiados pelo Ministério da Saúde mediante transferência de recursos financeiros para aquisição pelas secretarias de saúde dos estados e Distrito Federal sendo delas a responsabilidade pela programação, armazenamento, distribuição e dispensação para tratamento das doenças contempladas no âmbito do Componente Especializado da Assistência Farmacêutica."
"alfapeginterferona 2a","solução injetável","180 mcg","ESTRATÉGICO","","","L03AB11",""," "
"alfapeginterferona 2b","pó para solução injetável","118,4 microgramas (80 microgramas/0,5 mL após reconstituição)","ESTRATÉGICO","","","L03AB10",""," "
"alfapeginterferona 2b","pó para solução injetável","148 microgramas (100 microgramas/0,5 mL após reconstituição)","ESTRATÉGICO","","","L03AB10",""," "
"alfapeginterferona 2b","pó para solução injetável","177,6 microgramas (120 microgramas/0,5 mL após reconstituição)","ESTRATÉGICO","","","L03AB10",""," "
"alfaporactanto (surfactante pulmonar)","suspensão injetável intratecal ou intrabronquica","80 mg/mL","PROCEDIMENTO HOSPITALAR","","","R07AA","","""PROCEDIMENTO HOSPITALAR"" não é um Componente de financiamento da Assistência Farmacêutica. Os medicamentos nele relacionados estão elencados no Procedimento ""06 - Medicamentos"" da tabela Sigtap e são financiados pelo bloco da Alta e Média Complexidade."
"alfataliglicerase","pó para solução injetável","200 U","ESPECIALIZADO","1A","","A16AB11","","Grupo 1A: medicamentos com aquisição centralizada pelo Ministério da Saúde e fornecidos às secretarias de saúde dos estados e Distrito Federal, sendo delas a responsabilidade pela programação, armazenamento, distribuição e dispensação para tratamento das doenças contempladas no âmbito do Componente Especializado da Assistência Farmacêutica."
"alfavelaglicerase","pó para solução injetável","400 U","ESPECIALIZADO","1A","","A16AB10","","Grupo 1A: medicamentos com aquisição centralizada pelo Ministério da Saúde e fornecidos às secretarias de saúde dos estados e Distrito Federal, sendo delas a responsabilidade pela programação, armazenamento, distribuição e dispensação para tratamento das doenças contempladas no âmbito do Componente Especializado da Assistência Farmacêutica."
"alfavestronidase   ","solução injetável","2 mg/mL","ESPECIALIZADO","1A","","A16AB18","","Grupo 1A: medicamentos com aquisição centralizada pelo Ministério da Saúde e fornecidos às secretarias de saúde dos estados e Distrito Federal, sendo delas a responsabilidade pela programação, armazenamento, distribuição e dispensação para tratamento das doenças contempladas no âmbito do Componente Especializado da Assistência Farmacêutica."
"algestona acetofenida + enantato de estradiol","solução injetável","150 mg/mL + 10 mg/mL","BÁSICO","","","G03F",""," "
"alopurinol","comprimido","100 mg","BÁSICO","","","M04AA01",""," "
"alopurinol","comprimido","300 mg","BÁSICO","","","M04AA01",""," "
"alteplase","pó para solução injetável","10 mg","PROCEDIMENTO HOSPITALAR","","","B01AD02","","""PROCEDIMENTO HOSPITALAR"" não é um Componente de financiamento da Assistência Farmacêutica. Os medicamentos nele relacionados estão elencados no Procedimento ""06 - Medicamentos"" da tabela Sigtap e são financiados pelo bloco da Alta e Média Complexidade."
"alteplase","pó para solução injetável","20 mg","PROCEDIMENTO HOSPITALAR","","","B01AD02","","""PROCEDIMENTO HOSPITALAR"" não é um Componente de financiamento da Assistência Farmacêutica. Os medicamentos nele relacionados estão elencados no Procedimento ""06 - Medicamentos"" da tabela Sigtap e são financiados pelo bloco da Alta e Média Complexidade."
"alteplase","pó para solução injetável","50 mg","PROCEDIMENTO HOSPITALAR","","","B01AD02","","""PROCEDIMENTO HOSPITALAR"" não é um Componente de financiamento da Assistência Farmacêutica. Os medicamentos nele relacionados estão elencados no Procedimento ""06 - Medicamentos"" da tabela Sigtap e são financiados pelo bloco da Alta e Média Complexidade."
"ambrisentana","comprimido","10 mg","ESPECIALIZADO","1B","","C02KX02","","Grupo 1B: medicamentos financiados pelo Ministério da Saúde mediante transferência de recursos financeiros para aquisição pelas secretarias de saúde dos estados e Distrito Federal sendo delas a responsabilidade pela programação, armazenamento, distribuição e dispensação para tratamento das doenças contempladas no âmbito do Componente Especializado da Assistência Farmacêutica."
"ambrisentana","comprimido","5 mg","ESPECIALIZADO","1B","","C02KX02","","Grupo 1B: medicamentos financiados pelo Ministério da Saúde mediante transferência de recursos financeiros para aquisição pelas secretarias de saúde dos estados e Distrito Federal sendo delas a responsabilidade pela programação, armazenamento, distribuição e dispensação para tratamento das doenças contempladas no âmbito do Componente Especializado da Assistência Farmacêutica."
"amoxicilina","cápsula","500 mg","BÁSICO","","","J01CA04","Acesso"," "
"amoxicilina","comprimido","500 mg","BÁSICO","","","J01CA04","Acesso"," "
"amoxicilina","suspensão oral","50 mg/mL","BÁSICO","","","J01CA04","Acesso"," "
"amoxicilina + clavulanato de potássio","comprimido","500 mg + 125 mg","BÁSICO","","","J01CR02","Acesso"," "
"amoxicilina + clavulanato de potássio","suspensão oral","50 mg/mL + 12,5 mg/mL","BÁSICO","","","J01CR02","Acesso"," "
"anastrozol","comprimido revestido","1 mg","ONCOLÓGICO","","DESCENTRALIZADO","L02BG03",""," "
"anfotericina B (complexo lipídico) ","suspensão injetável","5 mg/mL","ESTRATÉGICO","","","J02AA01",""," "
"anfotericina B (desoxicolato)","pó para solução injetável","50 mg","ESTRATÉGICO","","","J02AA01",""," "
"anfotericina B (lipossomal)","pó para solução injetável","50 mg","ESTRATÉGICO","","","J02AA01",""," "
"anidulafungina","pó liofilizado para solução injetável","100 mg","ESTRATÉGICO","","","J02AX06",""," "
"antimoniato de meglumina","solução injetável","300 mg/mL","ESTRATÉGICO","","","P01CB01",""," "
"aroeira (Schinus terebinthifolia Raddi)","gel vaginal","1,932 mg de ácido gálico (dose diária)","BÁSICO","","","NC",""," "
"arteméter + lumefantrina","comprimido","20 mg + 120 mg","ESTRATÉGICO","","","P01BF01",""," "
"artesunato","pó para solução injetável","60 mg/mL","ESTRATÉGICO","","","P01BE03",""," "
"artesunato + mefloquina","comprimido","100 mg + 220 mg","ESTRATÉGICO","","","P01BF02",""," "
"artesunato + mefloquina","comprimido","25 mg + 50 mg","ESTRATÉGICO","","","P01BF02",""," "
"atenolol","comprimido","100 mg","BÁSICO","","","C07AB03",""," "
"atenolol","comprimido","50 mg","BÁSICO","","","C07AB03",""," "
"atorvastatina cálcica","comprimido","10 mg","ESPECIALIZADO","2","","C10AA05","","Grupo 2: medicamentos sob responsabilidade das secretarias de saúde dos estados e do Distrito Federal pelo financiamento, aquisição, programação, armazenamento, distribuição e dispensação para tratamento das doenças contempladas no âmbito do CEAF"
"atorvastatina cálcica","comprimido","20 mg","ESPECIALIZADO","2","","C10AA05","","Grupo 2: medicamentos sob responsabilidade das secretarias de saúde dos estados e do Distrito Federal pelo financiamento, aquisição, programação, armazenamento, distribuição e dispensação para tratamento das doenças contempladas no âmbito do CEAF"
"atorvastatina cálcica","comprimido","40 mg","ESPECIALIZADO","2","","C10AA05","","Grupo 2: medicamentos sob responsabilidade das secretarias de saúde dos estados e do Distrito Federal pelo financiamento, aquisição, programação, armazenamento, distribuição e dispensação para tratamento das doenças contempladas no âmbito do CEAF"
"atorvastatina cálcica","comprimido","80 mg","ESPECIALIZADO","2","","C10AA05","","Grupo 2: medicamentos sob responsabilidade das secretarias de saúde dos estados e do Distrito Federal pelo financiamento, aquisição, programação, armazenamento, distribuição e dispensação para tratamento das doenças contempladas no âmbito do CEAF"
"azatioprina","comprimido","50 mg","ESPECIALIZADO","2","","L04AX01","","Grupo 2: medicamentos sob responsabilidade das secretarias de saúde dos estados e do Distrito Federal pelo financiamento, aquisição, programação, armazenamento, distribuição e dispensação para tratamento das doenças contempladas no âmbito do CEAF"
"azitromicina","comprimido","250 mg","ESTRATÉGICO","","","J01FA10","Alerta"," "
"azitromicina","comprimido","500 mg","BÁSICO E ESTRATÉGICO","","","J01FA10","Alerta"," "
"azitromicina","pó para suspensão oral","40 mg/mL","BÁSICO E ESTRATÉGICO","","","J01FA10","Alerta"," "
"babosa (Aloe vera (L.) Burm. f.)","creme","10-70% gel fresco","BÁSICO","","","D02WA5001*","","O código ATC atribuído aos fitoterápicos refere-se ao índice Herbal ATC que, embora adote uma classificação semelhante à utilizada para os demais medicamentos, inclui caracteres adicionais nos códigos para indicar as especificidades dos fitoterápicos."
"babosa (Aloe vera (L.) Burm. f.)","gel","10-70% gel fresco","BÁSICO","","","D02WA5001*","","O código ATC atribuído aos fitoterápicos refere-se ao índice Herbal ATC que, embora adote uma classificação semelhante à utilizada para os demais medicamentos, inclui caracteres adicionais nos códigos para indicar as especificidades dos fitoterápicos."
"baricitinibe","comprimido","2 mg","ESPECIALIZADO","1A","","L04AF02","","Grupo 1A: medicamentos com aquisição centralizada pelo Ministério da Saúde e fornecidos às secretarias de saúde dos estados e Distrito Federal, sendo delas a responsabilidade pela programação, armazenamento, distribuição e dispensação para tratamento das doenças contempladas no âmbito do Componente Especializado da Assistência Farmacêutica."
"baricitinibe","comprimido","4 mg","ESPECIALIZADO","1A","","L04AF02","","Grupo 1A: medicamentos com aquisição centralizada pelo Ministério da Saúde e fornecidos às secretarias de saúde dos estados e Distrito Federal, sendo delas a responsabilidade pela programação, armazenamento, distribuição e dispensação para tratamento das doenças contempladas no âmbito do Componente Especializado da Assistência Farmacêutica."
"basiliximabe","pó para solução injetável","20 mg","PROCEDIMENTO HOSPITALAR","","","L04AC02","","""PROCEDIMENTO HOSPITALAR"" não é um Componente de financiamento da Assistência Farmacêutica. Os medicamentos nele relacionados estão elencados no Procedimento ""06 - Medicamentos"" da tabela Sigtap e são financiados pelo bloco da Alta e Média Complexidade."
"bedaquilina","comprimido","100 mg","ESTRATÉGICO","","","J04AK05",""," "
"benralizumabe","solução injetável","30 mg/mL","ESPECIALIZADO","1B","","R03DX10","","Grupo 1B: medicamentos financiados pelo Ministério da Saúde mediante transferência de recursos financeiros para aquisição pelas secretarias de saúde dos estados e Distrito Federal sendo delas a responsabilidade pela programação, armazenamento, distribuição e dispensação para tratamento das doenças contempladas no âmbito do Componente Especializado da Assistência Farmacêutica."
"benzilpenicilina benzatina","pó para suspensão injetável","1.200.000 UI","BÁSICO E ESTRATÉGICO","","","J01CE08","Acesso"," "
"benzilpenicilina benzatina","pó para suspensão injetável","600.000 UI","BÁSICO","","","J01CE08","Acesso"," "
"benzilpenicilina benzatina","suspensão injetável","1.200.000 UI","BÁSICO E ESTRATÉGICO","","","J01CE08","Acesso"," "
"benzilpenicilina benzatina","suspensão injetável","600.000 UI","BÁSICO","","","J01CE08","Acesso"," "
"benzilpenicilina potássica","pó para solução injetável","5.000.000 UI","BÁSICO E ESTRATÉGICO","","","J01CE01","Acesso"," "
"benzilpenicilina procaína + benzilpenicilina potássica","pó para suspensão injetável","300.000 UI + 100.000 UI","BÁSICO","","","J01CE30","Acesso"," "
"benznidazol","comprimido","100 mg","ESTRATÉGICO","","","P01CA02",""," "
"benznidazol","comprimido","12,5 mg","ESTRATÉGICO","","","P01CA02",""," "
"benzoilmetronidazol","suspensão oral","40 mg/mL","BÁSICO","","","P01AB01",""," "
"beractanto (surfactante Pulmonar","solução injetável intratecal ou intrabronquica","25 mg/mL","PROCEDIMENTO HOSPITALAR","","","R07AA","","""PROCEDIMENTO HOSPITALAR"" não é um Componente de financiamento da Assistência Farmacêutica. Os medicamentos nele relacionados estão elencados no Procedimento ""06 - Medicamentos"" da tabela Sigtap e são financiados pelo bloco da Alta e Média Complexidade."
"besilato de anlodipino","comprimido","10 mg","BÁSICO","","","C08CA01",""," "
"besilato de anlodipino","comprimido","5 mg","BÁSICO","","","C08CA01",""," "
"beta-agalsidase","pó para solução injetável","35 mg","ESPECIALIZADO","1A","","A16AB04","","Grupo 1A: medicamentos com aquisição centralizada pelo Ministério da Saúde e fornecidos às secretarias de saúde dos estados e Distrito Federal, sendo delas a responsabilidade pela programação, armazenamento, distribuição e dispensação para tratamento das doenças contempladas no âmbito do Componente Especializado da Assistência Farmacêutica."
"betainterferona 1a","solução injetável","22 mcg (6.000.000 UI)","ESPECIALIZADO","1A","","L03AB07","","Grupo 1A: medicamentos com aquisição centralizada pelo Ministério da Saúde e fornecidos às secretarias de saúde dos estados e Distrito Federal, sendo delas a responsabilidade pela programação, armazenamento, distribuição e dispensação para tratamento das doenças contempladas no âmbito do Componente Especializado da Assistência Farmacêutica."
"betainterferona 1a","solução injetável","30 mcg (6.000.000 UI)","ESPECIALIZADO","1A","","L03AB07","","Grupo 1A: medicamentos com aquisição centralizada pelo Ministério da Saúde e fornecidos às secretarias de saúde dos estados e Distrito Federal, sendo delas a responsabilidade pela programação, armazenamento, distribuição e dispensação para tratamento das doenças contempladas no âmbito do Componente Especializado da Assistência Farmacêutica."
"betainterferona 1a","solução injetável","44 mcg (12.000.000 UI)","ESPECIALIZADO","1A","","L03AB07","","Grupo 1A: medicamentos com aquisição centralizada pelo Ministério da Saúde e fornecidos às secretarias de saúde dos estados e Distrito Federal, sendo delas a responsabilidade pela programação, armazenamento, distribuição e dispensação para tratamento das doenças contempladas no âmbito do Componente Especializado da Assistência Farmacêutica."
"betainterferona 1b","pó para solução injetável","300 mcg (9.600.000 UI)","ESPECIALIZADO","1A","","L03AB08","","Grupo 1A: medicamentos com aquisição centralizada pelo Ministério da Saúde e fornecidos às secretarias de saúde dos estados e Distrito Federal, sendo delas a responsabilidade pela programação, armazenamento, distribuição e dispensação para tratamento das doenças contempladas no âmbito do Componente Especializado da Assistência Farmacêutica."
"bezafibrato","comprimido","200 mg","ESPECIALIZADO","2","","C10AB02","","Grupo 2: medicamentos sob responsabilidade das secretarias de saúde dos estados e do Distrito Federal pelo financiamento, aquisição, programação, armazenamento, distribuição e dispensação para tratamento das doenças contempladas no âmbito do CEAF"
"bezafibrato","comprimido de liberação prolongada","400 mg","ESPECIALIZADO","2","","C10AB02","","Grupo 2: medicamentos sob responsabilidade das secretarias de saúde dos estados e do Distrito Federal pelo financiamento, aquisição, programação, armazenamento, distribuição e dispensação para tratamento das doenças contempladas no âmbito do CEAF"
"bicalutamida","comprimido revestido","150 mg","ONCOLÓGICO","","DESCENTRALIZADO","L02BB03",""," "
"bicalutamida","comprimido revestido","50 mg","ONCOLÓGICO","","DESCENTRALIZADO","L02BB03",""," "
"bicarbonato de sódio","solução injetável","84 mg/mL (8,4%) equivalente a 1 mEq/mL","BÁSICO","","","B05XA02",""," "
"bimatoprosta","solução oftálmica","0,3 mg/mL (0,03%)","ESPECIALIZADO","1A","","S01EE03","","Grupo 1A: medicamentos com aquisição centralizada pelo Ministério da Saúde e fornecidos às secretarias de saúde dos estados e Distrito Federal, sendo delas a responsabilidade pela programação, armazenamento, distribuição e dispensação para tratamento das doenças contempladas no âmbito do Componente Especializado da Assistência Farmacêutica."
"biotina","cápsula","2,5 mg","ESPECIALIZADO","1A","","A11HA05","","Grupo 1A: medicamentos com aquisição centralizada pelo Ministério da Saúde e fornecidos às secretarias de saúde dos estados e Distrito Federal, sendo delas a responsabilidade pela programação, armazenamento, distribuição e dispensação para tratamento das doenças contempladas no âmbito do Componente Especializado da Assistência Farmacêutica."
"bissulfato de clopidogrel","comprimido","75 mg","ESPECIALIZADO E PROCEDIMENTO HOSPITALAR","2","","B01AC04","","""PROCEDIMENTO HOSPITALAR"" não é um Componente de financiamento da Assistência Farmacêutica. Os medicamentos nele relacionados estão elencados no Procedimento ""06 - Medicamentos"" da tabela Sigtap e são financiados pelo bloco da Alta e Média Complexidade.                            Grupo 2: medicamentos sob responsabilidade das secretarias de saúde dos estados e do Distrito Federal pelo financiamento, aquisição, programação, armazenamento, distribuição e dispensação para tratamento das doenças contempladas no âmbito do CEAF"
"blinatumomabe","pó liofilizado para solução injetável","38,5 mcg","ONCOLÓGICO","","DESCENTRALIZADO","L01FX07","","Relatório de Recomendação da CONITEC Nº 725 de Maio/2022 - Leucemia linfoblástica aguda (LLA) B derivada pediátrica em primeira recidiva medular de alto risco.
Relatório de Recomendação nº 806 de março/2023 - Protocolo de uso do Blinatumomabe para Leucemia Linfoblástica Aguda (LLA) B Derivada Pediátrica em Primeira Recidiva Medular de Alto Risco.
Relatório de Recomendação da CONITEC Nº 1.014 de Julho/2025 - Blinatumomabe para adultos com leucemia linfoblástica aguda de células B, cromossomo Philadelphia negativo, com doença residual mínima positiva que atingiram a remissão completa."
"bortezomibe","pó liofilizado para solução injetável","1 mg","ONCOLÓGICO","","DESCENTRALIZADO","L01XG01","","Relatório de Recomendação da CONITEC Nº 557 de Setembro/2020 -  Tratamento do mieloma múltiplo em pacientes adultos, que foram previamente tratados, apresentaram recidiva ou refratariedade.
Relatório de Recomendação da CONITEC Nº 558 de Setembro/2020 - Tratamento do mieloma múltiplo em pacientes adultos, que não receberam tratamento prévio e que são elegíveis a tratamento de indução com alta dose de quimioterapia e transplante autólogo de células-tronco hematopoiéticas.
Relatório de Recomendação da CONITEC Nº 559 de Setembro/2020 -  Tratamento do mieloma múltiplo em pacientes adultos, não previamente tratados, inelegíveis ao transplante autólogo de células-tronco hematopoiéticas."
"bortezomibe","pó liofilizado para solução injetável","1,5 mg","ONCOLÓGICO","","DESCENTRALIZADO","L01XG01","","Relatório de Recomendação da CONITEC Nº 557 de Setembro/2020 -  Tratamento do mieloma múltiplo em pacientes adultos, que foram previamente tratados, apresentaram recidiva ou refratariedade.
Relatório de Recomendação da CONITEC Nº 558 de Setembro/2020 - Tratamento do mieloma múltiplo em pacientes adultos, que não receberam tratamento prévio e que são elegíveis a tratamento de indução com alta dose de quimioterapia e transplante autólogo de células-tronco hematopoiéticas.
Relatório de Recomendação da CONITEC Nº 559 de Setembro/2020 -  Tratamento do mieloma múltiplo em pacientes adultos, não previamente tratados, inelegíveis ao transplante autólogo de células-tronco hematopoiéticas."
"bortezomibe","pó liofilizado para solução injetável","3,5 mg","ONCOLÓGICO","","DESCENTRALIZADO","L01XG01","","Relatório de Recomendação da CONITEC Nº 557 de Setembro/2020 -  Tratamento do mieloma múltiplo em pacientes adultos, que foram previamente tratados, apresentaram recidiva ou refratariedade.
Relatório de Recomendação da CONITEC Nº 558 de Setembro/2020 - Tratamento do mieloma múltiplo em pacientes adultos, que não receberam tratamento prévio e que são elegíveis a tratamento de indução com alta dose de quimioterapia e transplante autólogo de células-tronco hematopoiéticas.
Relatório de Recomendação da CONITEC Nº 559 de Setembro/2020 -  Tratamento do mieloma múltiplo em pacientes adultos, não previamente tratados, inelegíveis ao transplante autólogo de células-tronco hematopoiéticas."
"bosentana","comprimido","125 mg","ESPECIALIZADO","1B","","C02KX01","","Grupo 1B: medicamentos financiados pelo Ministério da Saúde mediante transferência de recursos financeiros para aquisição pelas secretarias de saúde dos estados e Distrito Federal sendo delas a responsabilidade pela programação, armazenamento, distribuição e dispensação para tratamento das doenças contempladas no âmbito do Componente Especializado da Assistência Farmacêutica."
"bosentana","comprimido","62,5 mg","ESPECIALIZADO","1B","","C02KX01","","Grupo 1B: medicamentos financiados pelo Ministério da Saúde mediante transferência de recursos financeiros para aquisição pelas secretarias de saúde dos estados e Distrito Federal sendo delas a responsabilidade pela programação, armazenamento, distribuição e dispensação para tratamento das doenças contempladas no âmbito do Componente Especializado da Assistência Farmacêutica."
"brinzolamida","suspensão oftálmica","10 mg/mL (1%)","ESPECIALIZADO","2","","S01EC04","","Grupo 2: medicamentos sob responsabilidade das secretarias de saúde dos estados e do Distrito Federal pelo financiamento, aquisição, programação, armazenamento, distribuição e dispensação para tratamento das doenças contempladas no âmbito do CEAF"
"brometo de ipratrópio","solução para inalação","0,25 mg/mL","BÁSICO","","","R03BB01",""," "
"brometo de piridostigmina","comprimido","60 mg","ESPECIALIZADO","2","","N07AA02","","Grupo 2: medicamentos sob responsabilidade das secretarias de saúde dos estados e do Distrito Federal pelo financiamento, aquisição, programação, armazenamento, distribuição e dispensação para tratamento das doenças contempladas no âmbito do CEAF"
"brometo de tiotrópio monoidratado + cloridrato de olodaterol ","solução inalatória","2,5 mcg + 2,5 mcg ","ESPECIALIZADO","1B","","R03AL06","","Grupo 1B: medicamentos financiados pelo Ministério da Saúde mediante transferência de recursos financeiros para aquisição pelas secretarias de saúde dos estados e Distrito Federal sendo delas a responsabilidade pela programação, armazenamento, distribuição e dispensação para tratamento das doenças contempladas no âmbito do Componente Especializado da Assistência Farmacêutica."
"brometo de umeclidínio + trifenatato de vilanterol","pó inalatório","62,5 mcg + 25 mcg ","ESPECIALIZADO","1B","","R03AL03","","Grupo 1B: medicamentos financiados pelo Ministério da Saúde mediante transferência de recursos financeiros para aquisição pelas secretarias de saúde dos estados e Distrito Federal sendo delas a responsabilidade pela programação, armazenamento, distribuição e dispensação para tratamento das doenças contempladas no âmbito do Componente Especializado da Assistência Farmacêutica."
"bromidrato de fenoterol","solução aerossol","100 mcg/dose","ESPECIALIZADO","2","","R03AC04","","Grupo 2: medicamentos sob responsabilidade das secretarias de saúde dos estados e do Distrito Federal pelo financiamento, aquisição, programação, armazenamento, distribuição e dispensação para tratamento das doenças contempladas no âmbito do CEAF"
"bromidrato de galantamina","cápsula de liberação prolongada","16 mg","ESPECIALIZADO","1A","","N06DA04","","Grupo 1A: medicamentos com aquisição centralizada pelo Ministério da Saúde e fornecidos às secretarias de saúde dos estados e Distrito Federal, sendo delas a responsabilidade pela programação, armazenamento, distribuição e dispensação para tratamento das doenças contempladas no âmbito do Componente Especializado da Assistência Farmacêutica."
"bromidrato de galantamina","cápsula de liberação prolongada","24 mg","ESPECIALIZADO","1A","","N06DA04","","Grupo 1A: medicamentos com aquisição centralizada pelo Ministério da Saúde e fornecidos às secretarias de saúde dos estados e Distrito Federal, sendo delas a responsabilidade pela programação, armazenamento, distribuição e dispensação para tratamento das doenças contempladas no âmbito do Componente Especializado da Assistência Farmacêutica."
"bromidrato de galantamina","cápsula de liberação prolongada","8 mg","ESPECIALIZADO","1A","","N06DA04","","Grupo 1A: medicamentos com aquisição centralizada pelo Ministério da Saúde e fornecidos às secretarias de saúde dos estados e Distrito Federal, sendo delas a responsabilidade pela programação, armazenamento, distribuição e dispensação para tratamento das doenças contempladas no âmbito do Componente Especializado da Assistência Farmacêutica."
"budesonida","aerossol oral","200 mcg","ESPECIALIZADO","2","","R03BA02","","Grupo 2: medicamentos sob responsabilidade das secretarias de saúde dos estados e do Distrito Federal pelo financiamento, aquisição, programação, armazenamento, distribuição e dispensação para tratamento das doenças contempladas no âmbito do CEAF"
"budesonida","cápsula inalatória","200 mcg","ESPECIALIZADO","2","","R03BA02","","Grupo 2: medicamentos sob responsabilidade das secretarias de saúde dos estados e do Distrito Federal pelo financiamento, aquisição, programação, armazenamento, distribuição e dispensação para tratamento das doenças contempladas no âmbito do CEAF"
"budesonida","cápsula inalatória","400 mcg","ESPECIALIZADO","2","","R03BA02","","Grupo 2: medicamentos sob responsabilidade das secretarias de saúde dos estados e do Distrito Federal pelo financiamento, aquisição, programação, armazenamento, distribuição e dispensação para tratamento das doenças contempladas no âmbito do CEAF"
"budesonida","pó inalatório","200 mcg","ESPECIALIZADO","2","","R03BA02","","Grupo 2: medicamentos sob responsabilidade das secretarias de saúde dos estados e do Distrito Federal pelo financiamento, aquisição, programação, armazenamento, distribuição e dispensação para tratamento das doenças contempladas no âmbito do CEAF"
"budesonida","suspensão para inalação nasal","32 mcg","BÁSICO","","","R01AD05",""," "
"budesonida","suspensão para inalação nasal","50 mcg","BÁSICO","","","R01AD05",""," "
"budesonida","suspensão para inalação nasal","64 mcg","BÁSICO","","","R01AD05",""," "
"burosumabe","solução injetável","10 mg/mL","ESPECIALIZADO","1A","","M05BX05","","Grupo 1A: medicamentos com aquisição centralizada pelo Ministério da Saúde e fornecidos às secretarias de saúde dos estados e Distrito Federal, sendo delas a responsabilidade pela programação, armazenamento, distribuição e dispensação para tratamento das doenças contempladas no âmbito do Componente Especializado da Assistência Farmacêutica."
"burosumabe","solução injetável","20 mg/mL","ESPECIALIZADO","1A","","M05BX05","","Grupo 1A: medicamentos com aquisição centralizada pelo Ministério da Saúde e fornecidos às secretarias de saúde dos estados e Distrito Federal, sendo delas a responsabilidade pela programação, armazenamento, distribuição e dispensação para tratamento das doenças contempladas no âmbito do Componente Especializado da Assistência Farmacêutica."
"burosumabe","solução injetável","30 mg/mL","ESPECIALIZADO","1A","","M05BX05","","Grupo 1A: medicamentos com aquisição centralizada pelo Ministério da Saúde e fornecidos às secretarias de saúde dos estados e Distrito Federal, sendo delas a responsabilidade pela programação, armazenamento, distribuição e dispensação para tratamento das doenças contempladas no âmbito do Componente Especializado da Assistência Farmacêutica."
"cabergolina","comprimido","0,5 mg","BÁSICO, ESPECIALIZADO E PROCEDIMENTO HOSPITALAR","1A","","G02CB03","","Classificado também com o código ATC “N04BC06”, relacionado à indicação terapêutica não contemplada nos PCDT associados a este medicamento.                                                                                                                                                       ""PROCEDIMENTO HOSPITALAR"" não é um Componente de financiamento da Assistência Farmacêutica. Os medicamentos nele relacionados estão elencados no Procedimento ""06 - Medicamentos"" da tabela Sigtap e são financiados pelo bloco da Alta e Média Complexidade.                                                                                                                                                                                Classificado também com o código ATC “G04BE03”, relacionado à indicação terapêutica não contemplada nos PCDT associados a este medicamento.                                                                                                                                                                     Grupo 1A: medicamentos com aquisição centralizada pelo Ministério da Saúde e fornecidos às secretarias de saúde dos estados e Distrito Federal, sendo delas a responsabilidade pela programação, armazenamento, distribuição e dispensação para tratamento das doenças contempladas no âmbito do Componente Especializado da Assistência Farmacêutica."
"calcipotriol","pomada","50 mcg/g (0,005%)","ESPECIALIZADO","2","","D05AX02","","Grupo 2: medicamentos sob responsabilidade das secretarias de saúde dos estados e do Distrito Federal pelo financiamento, aquisição, programação, armazenamento, distribuição e dispensação para tratamento das doenças contempladas no âmbito do CEAF"
"calcitonina","solução nasal","200 UI/dose","ESPECIALIZADO","2","","H05BA01","","Grupo 2: medicamentos sob responsabilidade das secretarias de saúde dos estados e do Distrito Federal pelo financiamento, aquisição, programação, armazenamento, distribuição e dispensação para tratamento das doenças contempladas no âmbito do CEAF"
"calcitriol","cápsula","0,25 mcg","ESPECIALIZADO","2","","A11CC04","","Grupo 2: medicamentos sob responsabilidade das secretarias de saúde dos estados e do Distrito Federal pelo financiamento, aquisição, programação, armazenamento, distribuição e dispensação para tratamento das doenças contempladas no âmbito do CEAF"
"caneta para aplicação de insulina","-","-","Insumos (BÁSICO)","","","NC",""," "
"capecitabina ","comprimido revestido","150 mg","ONCOLÓGICO","","DESCENTRALIZADO","L01BC06",""," "
"capecitabina ","comprimido revestido","500 mg","ONCOLÓGICO","","DESCENTRALIZADO","L01BC06",""," "
"capreomicina","pó para solução injetável","1 g","ESTRATÉGICO","","","J04AB30",""," "
"captopril","comprimido","25 mg","BÁSICO","","","C09AA01",""," "
"carbamazepina","comprimido","200 mg","BÁSICO","","","N03AF01",""," "
"carbamazepina","comprimido","400 mg","BÁSICO","","","N03AF01",""," "
"carbamazepina","suspensão oral","20 mg/mL","BÁSICO","","","N03AF01",""," "
"carbonato de cálcio","comprimido","1.250 mg (equivalente a 500 mg de cálcio elementar)","BÁSICO","","","A12AA04",""," "
"carbonato de cálcio + colecalciferol","comprimido","1.250 mg (equivalente a 500 mg de cálcio elementar) + 200 UI","BÁSICO","","","A12AX",""," "
"carbonato de cálcio + colecalciferol","comprimido","1.250 mg (equivalente a 500 mg de cálcio elementar) + 400 UI","BÁSICO","","","A12AX",""," "
"carbonato de cálcio + colecalciferol","comprimido","1.500 mg (equivalente a 600 mg de cálcio elementar) + 400 UI","BÁSICO","","","A12AX",""," "
"carbonato de lítio","comprimido","300 mg","BÁSICO","","","N05AN01",""," "
"carboplatina","solução injetável","10 mg/mL","ONCOLÓGICO","","DESCENTRALIZADO","L01XA02","","Apresentações de 5 mL, 15 mL e 45 mL                                                                                                                                                     "
"carmustina","pó liofilizado para solução injetável","100 mg","ONCOLÓGICO","","DESCENTRALIZADO","L01AD01",""," "
"carvão vegetal ativado","pó para suspensão oral","-","BÁSICO","","","A07BA01",""," "
"carvedilol","comprimido","12,5 mg","BÁSICO","","","C07AG02",""," "
"carvedilol","comprimido","25 mg","BÁSICO","","","C07AG02",""," "
"carvedilol","comprimido","3,125 mg","BÁSICO","","","C07AG02",""," "
"carvedilol","comprimido","6,25 mg","BÁSICO","","","C07AG02",""," "
"cáscara-sagrada (Rhamnus purshiana)","cápsula","20 a 30 mg de derivados hidroxiantracênicos expressos em cascarosídeo A (dose diária)","BÁSICO","","","A06AB5014*","","O código ATC atribuído aos fitoterápicos refere-se ao índice Herbal ATC que, embora adote uma classificação semelhante à utilizada para os demais medicamentos, inclui caracteres adicionais nos códigos para indicar as especificidades dos fitoterápicos."
"cáscara-sagrada (Rhamnus purshiana)","tintura","20 a 30 mg de derivados hidroxiantracênicos expressos em cascarosídeo A (dose diária)","BÁSICO","","","A06AB5014*","","O código ATC atribuído aos fitoterápicos refere-se ao índice Herbal ATC que, embora adote uma classificação semelhante à utilizada para os demais medicamentos, inclui caracteres adicionais nos códigos para indicar as especificidades dos fitoterápicos."
"cefalexina","cápsula","500 mg","BÁSICO","","","J01DB01","Acesso"," "
"cefalexina","comprimido","500 mg","BÁSICO","","","J01DB01","Acesso"," "
"cefalexina","suspensão oral","50 mg/mL","BÁSICO","","","J01DB01","Acesso"," "
"cefotaxima sódica","pó para solução injetável","500 mg","BÁSICO","","","J01DD01","Alerta"," "
"ceftriaxona","pó para solução injetável","1 g","BÁSICO","","","J01DD04","Alerta"," "
"ceftriaxona","pó para solução injetável","250 mg","BÁSICO","","","J01DD04","Alerta"," "
"ceftriaxona","pó para solução injetável","500 mg","BÁSICO","","","J01DD04","Alerta"," "
"certolizumabe pegol","solução injetável","200 mg/mL","ESPECIALIZADO","1A","","L04AB05","","Grupo 1A: medicamentos com aquisição centralizada pelo Ministério da Saúde e fornecidos às secretarias de saúde dos estados e Distrito Federal, sendo delas a responsabilidade pela programação, armazenamento, distribuição e dispensação para tratamento das doenças contempladas no âmbito do Componente Especializado da Assistência Farmacêutica."
"cetoconazol","xampu","20 mg/mL (2%)","BÁSICO","","","D01AC08",""," "
"cianocobalamina","solução injetável","500 mcg/mL","BÁSICO","","","B03BA01",""," "
"ciclofosfamida","comprimido de liberação retardada","50 mg","ESPECIALIZADO","2","","L01AA01","","Grupo 2: medicamentos sob responsabilidade das secretarias de saúde dos estados e do Distrito Federal pelo financiamento, aquisição, programação, armazenamento, distribuição e dispensação para tratamento das doenças contempladas no âmbito do CEAF"
"ciclofosfamida monoidratada","comprimido de liberação retardada","50 mg","ONCOLÓGICO","","DESCENTRALIZADO","L01AA01",""," "
"ciclofosfamida monoidratada","pó estéril para solução injetável","1000 mg","ONCOLÓGICO","","DESCENTRALIZADO","L01AA01",""," "
"ciclofosfamida monoidratada","pó estéril para solução injetável","200 mg","ONCOLÓGICO","","DESCENTRALIZADO","L01AA01",""," "
"ciclosporina","cápsula","10 mg","ESPECIALIZADO E PROCEDIMENTO HOSPITALAR","2","","L04AD01","","""PROCEDIMENTO HOSPITALAR"" não é um Componente de financiamento da Assistência Farmacêutica. Os medicamentos nele relacionados estão elencados no Procedimento ""06 - Medicamentos"" da tabela Sigtap e são financiados pelo bloco da Alta e Média Complexidade.                            Grupo 2: medicamentos sob responsabilidade das secretarias de saúde dos estados e do Distrito Federal pelo financiamento, aquisição, programação, armazenamento, distribuição e dispensação para tratamento das doenças contempladas no âmbito do CEAF"
"ciclosporina","cápsula","100 mg","ESPECIALIZADO E PROCEDIMENTO HOSPITALAR","2","","L04AD01","","""PROCEDIMENTO HOSPITALAR"" não é um Componente de financiamento da Assistência Farmacêutica. Os medicamentos nele relacionados estão elencados no Procedimento ""06 - Medicamentos"" da tabela Sigtap e são financiados pelo bloco da Alta e Média Complexidade.                            Grupo 2: medicamentos sob responsabilidade das secretarias de saúde dos estados e do Distrito Federal pelo financiamento, aquisição, programação, armazenamento, distribuição e dispensação para tratamento das doenças contempladas no âmbito do CEAF"
"ciclosporina","cápsula","25 mg","ESPECIALIZADO E PROCEDIMENTO HOSPITALAR","2","","L04AD01","","""PROCEDIMENTO HOSPITALAR"" não é um Componente de financiamento da Assistência Farmacêutica. Os medicamentos nele relacionados estão elencados no Procedimento ""06 - Medicamentos"" da tabela Sigtap e são financiados pelo bloco da Alta e Média Complexidade.                            Grupo 2: medicamentos sob responsabilidade das secretarias de saúde dos estados e do Distrito Federal pelo financiamento, aquisição, programação, armazenamento, distribuição e dispensação para tratamento das doenças contempladas no âmbito do CEAF"
"ciclosporina","cápsula","50 mg","ESPECIALIZADO E PROCEDIMENTO HOSPITALAR","2","","L04AD01","","""PROCEDIMENTO HOSPITALAR"" não é um Componente de financiamento da Assistência Farmacêutica. Os medicamentos nele relacionados estão elencados no Procedimento ""06 - Medicamentos"" da tabela Sigtap e são financiados pelo bloco da Alta e Média Complexidade.                            Grupo 2: medicamentos sob responsabilidade das secretarias de saúde dos estados e do Distrito Federal pelo financiamento, aquisição, programação, armazenamento, distribuição e dispensação para tratamento das doenças contempladas no âmbito do CEAF"
"ciclosporina","solução injetável","50 mg","PROCEDIMENTO HOSPITALAR","","","L04AD01  ","","""PROCEDIMENTO HOSPITALAR"" não é um Componente de financiamento da Assistência Farmacêutica. Os medicamentos nele relacionados estão elencados no Procedimento ""06 - Medicamentos"" da tabela Sigtap e são financiados pelo bloco da Alta e Média Complexidade."
"ciclosporina","solução oral","100 mg/mL","ESPECIALIZADO E PROCEDIMENTO HOSPITALAR","2","","L04AD01","","""PROCEDIMENTO HOSPITALAR"" não é um Componente de financiamento da Assistência Farmacêutica. Os medicamentos nele relacionados estão elencados no Procedimento ""06 - Medicamentos"" da tabela Sigtap e são financiados pelo bloco da Alta e Média Complexidade.                            Grupo 2: medicamentos sob responsabilidade das secretarias de saúde dos estados e do Distrito Federal pelo financiamento, aquisição, programação, armazenamento, distribuição e dispensação para tratamento das doenças contempladas no âmbito do CEAF"
"ciprofibrato","comprimido","100 mg","ESPECIALIZADO","2","","C10AB08","","Grupo 2: medicamentos sob responsabilidade das secretarias de saúde dos estados e do Distrito Federal pelo financiamento, aquisição, programação, armazenamento, distribuição e dispensação para tratamento das doenças contempladas no âmbito do CEAF"
"ciprofloxacino","comprimido","250 mg","BÁSICO","","","J01MA02","Alerta"," "
"ciprofloxacino","comprimido","500 mg","BÁSICO","","","J01MA02","Alerta"," "
"cisplatina","solução injetável","0,5 mg/mL","ONCOLÓGICO","","DESCENTRALIZADO","L01XA01","","Apresentação de 20 mL                                                                                                                                                              "
"cisplatina","solução injetável","1 mg/mL","ONCOLÓGICO","","DESCENTRALIZADO","L01XA01","","Apresentações de 10 mL, 50 mL e 100 mL                                                                                                                                         "
"citarabina","solução injetável","100 mg/mL","ONCOLÓGICO","","DESCENTRALIZADO","L01BC01","","Apresentações de 1 mL, 5 mL e 10 mL                                                                                                                                            "
"citarabina","solução injetável","20 mg/mL","ONCOLÓGICO","","DESCENTRALIZADO","L01BC01","","Apresentações de 5 mL e 50 mL                                                                                                                                                  "
"citrato de dietilcarbamazina","comprimido","50 mg","ESTRATÉGICO","","","P02CB02",""," "
"citrato de sildenafila","comprimido","20 mg","ESPECIALIZADO","1A","","C01CE","","Classificado também com o código ATC “G04BE03”, relacionado à indicação terapêutica não contemplada nos PCDT associados a este medicamento.                                                                                                                                                                     Grupo 1A: medicamentos com aquisição centralizada pelo Ministério da Saúde e fornecidos às secretarias de saúde dos estados e Distrito Federal, sendo delas a responsabilidade pela programação, armazenamento, distribuição e dispensação para tratamento das doenças contempladas no âmbito do Componente Especializado da Assistência Farmacêutica."
"citrato de sildenafila","comprimido","25 mg","ESPECIALIZADO","1A","","C01CE","","Classificado também com o código ATC “G04BE03”, relacionado à indicação terapêutica não contemplada nos PCDT associados a este medicamento.                                                                                                                                                                     Grupo 1A: medicamentos com aquisição centralizada pelo Ministério da Saúde e fornecidos às secretarias de saúde dos estados e Distrito Federal, sendo delas a responsabilidade pela programação, armazenamento, distribuição e dispensação para tratamento das doenças contempladas no âmbito do Componente Especializado da Assistência Farmacêutica."
"citrato de sildenafila","comprimido","50 mg","ESPECIALIZADO","1A","","C01CE","","Classificado também com o código ATC “G04BE03”, relacionado à indicação terapêutica não contemplada nos PCDT associados a este medicamento.                                                                                                                                                                     Grupo 1A: medicamentos com aquisição centralizada pelo Ministério da Saúde e fornecidos às secretarias de saúde dos estados e Distrito Federal, sendo delas a responsabilidade pela programação, armazenamento, distribuição e dispensação para tratamento das doenças contempladas no âmbito do Componente Especializado da Assistência Farmacêutica."
"citrato de tamoxifeno","comprimido revestido","10 mg","ONCOLÓGICO","","DESCENTRALIZADO","L02BA01",""," "
"citrato de tamoxifeno","comprimido revestido","20 mg","ONCOLÓGICO","","DESCENTRALIZADO","L02BA01",""," "
"cladribina","comprimido","10 mg","ESPECIALIZADO","1A","","L04AA40","","Grupo 1A: medicamentos com aquisição centralizada pelo Ministério da Saúde e fornecidos às secretarias de saúde dos estados e Distrito Federal, sendo delas a responsabilidade pela programação, armazenamento, distribuição e dispensação para tratamento das doenças contempladas no âmbito do Componente Especializado da Assistência Farmacêutica."
"claritromicina","cápsula","500 mg","BÁSICO E ESTRATÉGICO","","","J01FA09","Alerta"," "
"claritromicina","comprimido","250 mg","BÁSICO","","","J01FA09","Alerta"," "
"claritromicina","comprimido","500 mg","BÁSICO E ESTRATÉGICO","","","J01FA09","Alerta"," "
"claritromicina","grânulo para suspensão oral","50 mg/mL","BÁSICO","","","J01FA09","Alerta"," "
"clobazam","comprimido","10 mg","ESPECIALIZADO","2","","N05BA09","","Grupo 2: medicamentos sob responsabilidade das secretarias de saúde dos estados e do Distrito Federal pelo financiamento, aquisição, programação, armazenamento, distribuição e dispensação para tratamento das doenças contempladas no âmbito do CEAF"
"clobazam","comprimido","20 mg","ESPECIALIZADO","2","","N05BA09","","Grupo 2: medicamentos sob responsabilidade das secretarias de saúde dos estados e do Distrito Federal pelo financiamento, aquisição, programação, armazenamento, distribuição e dispensação para tratamento das doenças contempladas no âmbito do CEAF"
"clofazimina*","cápsula","100 mg*","ESTRATÉGICO","","","J04BA01 e J04BA51","","* Disponível apenas no blíster da Poliquimioterapia Única – PQT-U, com outros medicamentos, para o esquema de tratamento da hanseníase"
"clofazimina*","cápsula","50 mg*","ESTRATÉGICO","","","J04BA01 e J04BA51","","* Disponível apenas no blíster da Poliquimioterapia Única – PQT-U, com outros medicamentos, para o esquema de tratamento da hanseníase"
"clonazepam","solução oral","2,5 mg/mL","BÁSICO","","","N03AE01",""," "
"clorambucila","comprimido revestido","2 mg","ONCOLÓGICO","","DESCENTRALIZADO","L01AA02",""," "
"cloranfenicol","cápsula","250 mg","BÁSICO","","","J01BA01","Acesso"," "
"cloranfenicol","comprimido","250 mg","BÁSICO","","","J01BA01","Acesso"," "
"cloranfenicol","suspensão oral","25 mg/mL","ESTRATÉGICO","","","J01BA01","Acesso"," "
"cloreto de potássio","solução injetável","191 mg/mL (19,1%) equivalente a 2,56 mEq/mL","BÁSICO","","","B05XA01",""," "
"cloreto de sódio","solução injetável","200 mg/mL (20%) equivalente a 3,4 mEq/mL","BÁSICO","","","B05XA03",""," "
"cloreto de sódio","solução injetável","9 mg/mL (0,9%) equivalente a 0,154 mEq/mL","BÁSICO","","","B05XA03",""," "
"cloreto de sódio","solução nasal","9 mg/mL (0,9%)","BÁSICO","","","R01AX10",""," "
"cloridrato de amantadina","comprimido","100 mg","ESPECIALIZADO","1B","","N04BB01","","Grupo 1B: medicamentos financiados pelo Ministério da Saúde mediante transferência de recursos financeiros para aquisição pelas secretarias de saúde dos estados e Distrito Federal sendo delas a responsabilidade pela programação, armazenamento, distribuição e dispensação para tratamento das doenças contempladas no âmbito do Componente Especializado da Assistência Farmacêutica."
"cloridrato de amiodarona","comprimido","200 mg","BÁSICO","","","C01BD01",""," "
"cloridrato de amiodarona","solução injetável","50 mg/mL","BÁSICO","","","C01BD01",""," "
"cloridrato de amitriptilina","comprimido","25 mg","BÁSICO","","","N06AA09",""," "
"cloridrato de amitriptilina","comprimido","75 mg","BÁSICO","","","N06AA09",""," "
"cloridrato de biperideno","comprimido","2 mg","BÁSICO","","","N04AA02",""," "
"cloridrato de biperideno","comprimido de liberação prolongada","4 mg","BÁSICO","","","N04AA02",""," "
"cloridrato de bupivacaína ","solução injetável","2,5 mg/mL (0,25%)","BÁSICO","","","N01BB01",""," "
"cloridrato de bupivacaína ","solução injetável","5 mg/mL (0,50%)","BÁSICO","","","N01BB01",""," "
"cloridrato de bupropiona","comprimido de liberação prolongada","150 mg","ESTRATÉGICO","","","N06AX12",""," "
"cloridrato de cinacalcete","comprimido","30 mg","ESPECIALIZADO","1A","","H05BX01","","Grupo 1A: medicamentos com aquisição centralizada pelo Ministério da Saúde e fornecidos às secretarias de saúde dos estados e Distrito Federal, sendo delas a responsabilidade pela programação, armazenamento, distribuição e dispensação para tratamento das doenças contempladas no âmbito do Componente Especializado da Assistência Farmacêutica."
"cloridrato de cinacalcete","comprimido","60 mg","ESPECIALIZADO","1A","","H05BX01","","Grupo 1A: medicamentos com aquisição centralizada pelo Ministério da Saúde e fornecidos às secretarias de saúde dos estados e Distrito Federal, sendo delas a responsabilidade pela programação, armazenamento, distribuição e dispensação para tratamento das doenças contempladas no âmbito do Componente Especializado da Assistência Farmacêutica."
"cloridrato de clindamicina","cápsula","150 mg","BÁSICO","","","J01FF01","Acesso"," "
"cloridrato de clindamicina","cápsula","300 mg","BÁSICO","","","J01FF01","Acesso"," "
"cloridrato de clomipramina","comprimido","10 mg","BÁSICO","","","N06AA04",""," "
"cloridrato de clomipramina","comprimido","25 mg","BÁSICO","","","N06AA04",""," "
"cloridrato de clorpromazina","comprimido","100 mg","BÁSICO","","","N05AA01",""," "
"cloridrato de clorpromazina","comprimido","25 mg","BÁSICO","","","N05AA01",""," "
"cloridrato de clorpromazina","solução injetável","5 mg/mL","BÁSICO","","","N05AA01",""," "
"cloridrato de clorpromazina","solução oral","40 mg/mL","BÁSICO","","","N05AA01",""," "
"cloridrato de daunorrubicina","pó liofilizado para solução injetável","20 mg","ONCOLÓGICO","","DESCENTRALIZADO","L01DB02 ",""," "
"cloridrato de dobutamina","solução injetável","12,5 mg/mL","BÁSICO","","","C01CA07",""," "
"cloridrato de donepezila","comprimido","10 mg","ESPECIALIZADO","1A","","N06DA02","","Grupo 1A: medicamentos com aquisição centralizada pelo Ministério da Saúde e fornecidos às secretarias de saúde dos estados e Distrito Federal, sendo delas a responsabilidade pela programação, armazenamento, distribuição e dispensação para tratamento das doenças contempladas no âmbito do Componente Especializado da Assistência Farmacêutica."
"cloridrato de donepezila","comprimido","5 mg","ESPECIALIZADO","1A","","N06DA02","","Grupo 1A: medicamentos com aquisição centralizada pelo Ministério da Saúde e fornecidos às secretarias de saúde dos estados e Distrito Federal, sendo delas a responsabilidade pela programação, armazenamento, distribuição e dispensação para tratamento das doenças contempladas no âmbito do Componente Especializado da Assistência Farmacêutica."
"cloridrato de dopamina","solução injetável","5 mg/mL","BÁSICO","","","C01CA04",""," "
"cloridrato de dorzolamida","solução oftálmica","20 mg/mL","ESPECIALIZADO","2","","S01EC03","","Grupo 2: medicamentos sob responsabilidade das secretarias de saúde dos estados e do Distrito Federal pelo financiamento, aquisição, programação, armazenamento, distribuição e dispensação para tratamento das doenças contempladas no âmbito do CEAF"
"cloridrato de doxorrubicina","pó liofilizado para solução injetável","10 mg","ONCOLÓGICO","","DESCENTRALIZADO","L01DB01",""," "
"cloridrato de doxorrubicina","pó liofilizado para solução injetável","50 mg","ONCOLÓGICO","","DESCENTRALIZADO","L01DB01",""," "
"cloridrato de doxorrubicina","solução injetável","2 mg/mL","ONCOLÓGICO","","DESCENTRALIZADO","L01DB01","","Apresentações de 5 mL e 25 mL                                                                                                                                                   "
"cloridrato de epirrubicina ","solução injetável","2 mg/ml","ONCOLÓGICO","","DESCENTRALIZADO","L01DB03","","Apresentações de 5 mL, 10 mL e 25 mL                                                                                                                                            "
"cloridrato de etambutol","comprimido","400 mg","ESTRATÉGICO","","","J04AK02",""," "
"cloridrato de fingolimode","cápsula","0,5 mg","ESPECIALIZADO","1A","","L04AE01","","Grupo 1A: medicamentos com aquisição centralizada pelo Ministério da Saúde e fornecidos às secretarias de saúde dos estados e Distrito Federal, sendo delas a responsabilidade pela programação, armazenamento, distribuição e dispensação para tratamento das doenças contempladas no âmbito do Componente Especializado da Assistência Farmacêutica."
"cloridrato de fluoxetina","cápsula","20 mg","BÁSICO","","","N06AB03",""," "
"cloridrato de fluoxetina","comprimido","20 mg","BÁSICO","","","N06AB03",""," "
"cloridrato de gencitabina","pó liofilizado para solução injetável","1 g","ONCOLÓGICO","","DESCENTRALIZADO","L01BC05 ",""," "
"cloridrato de gencitabina","pó liofilizado para solução injetável","200 mg","ONCOLÓGICO","","DESCENTRALIZADO","L01BC05 ",""," "
"cloridrato de gencitabina","solução para diluição para infusão","40 mg/mL","ONCOLÓGICO","","DESCENTRALIZADO","L01BC05 ","","Apresentações de 5 mL e 25 mL                                                                                                                                                   "
"cloridrato de hidralazina","comprimido","25 mg","BÁSICO","","","C02DB02",""," "
"cloridrato de hidralazina","comprimido","50 mg","BÁSICO","","","C02DB02",""," "
"cloridrato de hidroxocobalamina","pó para solução injetável","5 g","ESTRATÉGICO","","","V03AB33",""," "
"cloridrato de irinotecano","solução para diluição para infusão","20 mg/mL","ONCOLÓGICO","","DESCENTRALIZADO","L01CE02","","Apresentações de 2 mL e 5 mL                                                                                                                                                   "
"cloridrato de irinotecano","suspensão injetável de libração prolongada","4,3 mg/mL","ONCOLÓGICO","","DESCENTRALIZADO","L01CE02","","Apresentação de 10 mL                                                                                                                                                             "
"cloridrato de lidocaína","gel","20 mg/g (2%)","BÁSICO","","","D04AB01",""," "
"cloridrato de lidocaína","solução injetável","10 mg/mL (1%)","BÁSICO","","","C01BB01; N01BB02",""," "
"cloridrato de lidocaína","solução injetável","20 mg/mL (2%)","BÁSICO","","","C01BB01; N01BB02",""," "
"cloridrato de lidocaína","solução spray","100 mg/mL (10%)","BÁSICO","","","N01BB02",""," "
"cloridrato de lidocaína + glicose","solução injetável","50 mg/mL + 75 mg/mL (5% + 7,5%)","BÁSICO","","","N01BB52",""," "
"cloridrato de lidocaína + hemitartarato de epinefrina","solução injetável","1% + 1:200.000 (10 mg + 20 mcg/mL)","BÁSICO","","","N01BB52",""," "
"cloridrato de lidocaína + hemitartarato de epinefrina","solução injetável","2% + 1:200.000 (20 mg + 20 mcg/mL)","BÁSICO","","","N01BB52",""," "
"cloridrato de lidocaína + hemitartarato de epinefrina","solução injetável","2% + 1:80.000 (20 mg + 12,5 mcg/mL)","BÁSICO","","","N01BB52",""," "
"cloridrato de memantina","comprimido","10 mg","ESPECIALIZADO","1A","","N06DX01","","Grupo 1A: medicamentos com aquisição centralizada pelo Ministério da Saúde e fornecidos às secretarias de saúde dos estados e Distrito Federal, sendo delas a responsabilidade pela programação, armazenamento, distribuição e dispensação para tratamento das doenças contempladas no âmbito do Componente Especializado da Assistência Farmacêutica."
"cloridrato de metadona","comprimido","10 mg","ESPECIALIZADO","2","","N07BC02","","Grupo 2: medicamentos sob responsabilidade das secretarias de saúde dos estados e do Distrito Federal pelo financiamento, aquisição, programação, armazenamento, distribuição e dispensação para tratamento das doenças contempladas no âmbito do CEAF"
"cloridrato de metadona","comprimido","5 mg","ESPECIALIZADO","2","","N07BC02","","Grupo 2: medicamentos sob responsabilidade das secretarias de saúde dos estados e do Distrito Federal pelo financiamento, aquisição, programação, armazenamento, distribuição e dispensação para tratamento das doenças contempladas no âmbito do CEAF"
"cloridrato de metadona","solução injetável","10 mg/mL","ESPECIALIZADO","2","","N07BC02","","Grupo 2: medicamentos sob responsabilidade das secretarias de saúde dos estados e do Distrito Federal pelo financiamento, aquisição, programação, armazenamento, distribuição e dispensação para tratamento das doenças contempladas no âmbito do CEAF"
"cloridrato de metformina","comprimido","500 mg","BÁSICO","","","A10BA02",""," "
"cloridrato de metformina","comprimido","850 mg","BÁSICO","","","A10BA02",""," "
"cloridrato de metoclopramida","comprimido","10 mg","BÁSICO","","","A03FA01",""," "
"cloridrato de metoclopramida","solução injetável","5 mg/ mL","BÁSICO","","","A03FA01",""," "
"cloridrato de metoclopramida","solução oral","4 mg/mL","BÁSICO","","","A03FA01",""," "
"cloridrato de minociclina","comprimido","100 mg","ESTRATÉGICO","","","J01AA08","Alerta"," "
"cloridrato de moxifloxacino","comprimido","400 mg","ESTRATÉGICO","","","J01MA14","Alerta"," "
"cloridrato de naloxona","solução injetável","0,4 mg/mL","BÁSICO","","","V03AB15",""," "
"cloridrato de nortriptilina","cápsula","10 mg","BÁSICO","","","N06AA10",""," "
"cloridrato de nortriptilina","cápsula","25 mg","BÁSICO","","","N06AA10",""," "
"cloridrato de nortriptilina","cápsula","50 mg","BÁSICO","","","N06AA10",""," "
"cloridrato de nortriptilina","cápsula","75 mg","BÁSICO","","","N06AA10",""," "
"cloridrato de ondansetrona","comprimido","4 mg","BÁSICO","","","A04AA01",""," "
"cloridrato de ondansetrona","comprimido","8 mg","BÁSICO","","","A04AA01",""," "
"cloridrato de ondansetrona","comprimido orodispersível","4 mg","BÁSICO","","","A04AA01",""," "
"cloridrato de ondansetrona","comprimido orodispersível","8 mg","BÁSICO","","","A04AA01",""," "
"cloridrato de pilocarpina","solução oftálmica","20 mg/mL (2%)","BÁSICO E ESPECIALIZADO","2","","S01EB01","","Grupo 2: medicamentos sob responsabilidade das secretarias de saúde dos estados e do Distrito Federal pelo financiamento, aquisição, programação, armazenamento, distribuição e dispensação para tratamento das doenças contempladas no âmbito do CEAF"
"cloridrato de piridoxina","comprimido","100 mg","ESTRATÉGICO","","","A11HA02",""," "
"cloridrato de piridoxina","comprimido","40 mg","BÁSICO","","","A11HA02",""," "
"cloridrato de piridoxina","comprimido","50mg","ESTRATÉGICO","","","A11HA02",""," "
"cloridrato de prilocaína + felipressina","solução injetável","30 mg/mL (3%) + 0,03 UI/mL","BÁSICO","","","N01BB54",""," "
"cloridrato de prometazina","comprimido","25 mg","BÁSICO","","","R06AD02",""," "
"cloridrato de prometazina","solução injetável","25 mg/mL","BÁSICO","","","R06AD02",""," "
"cloridrato de propafenona","comprimido","150 mg","BÁSICO","","","C01BC03",""," "
"cloridrato de propafenona","comprimido","300 mg","BÁSICO","","","C01BC03",""," "
"cloridrato de propranolol","comprimido","10 mg","BÁSICO","","","C07AA05",""," "
"cloridrato de propranolol","comprimido","40 mg","BÁSICO","","","C07AA05",""," "
"cloridrato de protamina","solução injetável","10 mg/mL","BÁSICO","","","V03AB14",""," "
"cloridrato de raloxifeno","comprimido","60 mg","ESPECIALIZADO","2","","G03XC01","","Grupo 2: medicamentos sob responsabilidade das secretarias de saúde dos estados e do Distrito Federal pelo financiamento, aquisição, programação, armazenamento, distribuição e dispensação para tratamento das doenças contempladas no âmbito do CEAF"
"cloridrato de sevelâmer","comprimido","800 mg","ESPECIALIZADO","1A","","V03AE02","","Grupo 1A: medicamentos com aquisição centralizada pelo Ministério da Saúde e fornecidos às secretarias de saúde dos estados e Distrito Federal, sendo delas a responsabilidade pela programação, armazenamento, distribuição e dispensação para tratamento das doenças contempladas no âmbito do Componente Especializado da Assistência Farmacêutica."
"cloridrato de tetraciclina","cápsula","500 mg","BÁSICO","","","J01AA07","Acesso"," "
"cloridrato de tetraciclina","pomada oftálmica","5 mg/g","BÁSICO","","","S01AA09",""," "
"cloridrato de tiamina","comprimido","300 mg","BÁSICO","","","A11DA01",""," "
"cloridrato de tirofibana","solução injetável","0,25 mg/mL","PROCEDIMENTO HOSPITALAR","","","B01AC17","","""PROCEDIMENTO HOSPITALAR"" não é um Componente de financiamento da Assistência Farmacêutica. Os medicamentos nele relacionados estão elencados no Procedimento ""06 - Medicamentos"" da tabela Sigtap e são financiados pelo bloco da Alta e Média Complexidade."
"cloridrato de topotecana","pó liofilizado para solução injetável","4 mg","ONCOLÓGICO","","DESCENTRALIZADO","L01CE01",""," "
"cloridrato de triexifenidil","comprimido","5 mg","ESPECIALIZADO","1B","","N04AA01","","Grupo 1B: medicamentos financiados pelo Ministério da Saúde mediante transferência de recursos financeiros para aquisição pelas secretarias de saúde dos estados e Distrito Federal sendo delas a responsabilidade pela programação, armazenamento, distribuição e dispensação para tratamento das doenças contempladas no âmbito do Componente Especializado da Assistência Farmacêutica."
"cloridrato de verapamil","comprimido","120 mg","BÁSICO","","","C08DA01",""," "
"cloridrato de verapamil","comprimido","80 mg","BÁSICO","","","C08DA01",""," "
"cloridrato de verapamil","solução injetável","2,5 mg/mL","BÁSICO","","","C08DA01",""," "
"cloridrato de ziprasidona","cápsula","40 mg","ESPECIALIZADO","1A","","N05AE04","","Grupo 1A: medicamentos com aquisição centralizada pelo Ministério da Saúde e fornecidos às secretarias de saúde dos estados e Distrito Federal, sendo delas a responsabilidade pela programação, armazenamento, distribuição e dispensação para tratamento das doenças contempladas no âmbito do Componente Especializado da Assistência Farmacêutica."
"cloridrato de ziprasidona","cápsula","80 mg","ESPECIALIZADO","1A","","N05AE04","","Grupo 1A: medicamentos com aquisição centralizada pelo Ministério da Saúde e fornecidos às secretarias de saúde dos estados e Distrito Federal, sendo delas a responsabilidade pela programação, armazenamento, distribuição e dispensação para tratamento das doenças contempladas no âmbito do Componente Especializado da Assistência Farmacêutica."
"clozapina","comprimido","100 mg","ESPECIALIZADO","1A","","N05AH02","","Grupo 1A: medicamentos com aquisição centralizada pelo Ministério da Saúde e fornecidos às secretarias de saúde dos estados e Distrito Federal, sendo delas a responsabilidade pela programação, armazenamento, distribuição e dispensação para tratamento das doenças contempladas no âmbito do Componente Especializado da Assistência Farmacêutica."
"clozapina","comprimido","25 mg","ESPECIALIZADO","1A","","N05AH02","","Grupo 1A: medicamentos com aquisição centralizada pelo Ministério da Saúde e fornecidos às secretarias de saúde dos estados e Distrito Federal, sendo delas a responsabilidade pela programação, armazenamento, distribuição e dispensação para tratamento das doenças contempladas no âmbito do Componente Especializado da Assistência Farmacêutica."
"colistimetato de sódio","pó para solução para infusão e inalação","1.000.000 UI (80 mg)","ESPECIALIZADO","1A","","J01XB01 ","Reservado","Grupo 1A: medicamentos com aquisição centralizada pelo Ministério da Saúde e fornecidos às secretarias de saúde dos estados e Distrito Federal, sendo delas a responsabilidade pela programação, armazenamento, distribuição e dispensação para tratamento das doenças contempladas no âmbito do Componente Especializado da Assistência Farmacêutica."
"colistimetato de sódio","pó para solução para infusão e inalação","2.000.000 UI (160 mg)","ESPECIALIZADO","1A","","J01XB01 ","Reservado","Grupo 1A: medicamentos com aquisição centralizada pelo Ministério da Saúde e fornecidos às secretarias de saúde dos estados e Distrito Federal, sendo delas a responsabilidade pela programação, armazenamento, distribuição e dispensação para tratamento das doenças contempladas no âmbito do Componente Especializado da Assistência Farmacêutica."
"complemento alimentar para paciente fenilcetonúrico maior de 1 ano (fórmula de aminoácidos isenta de fenilalanina)","pó","","ESPECIALIZADO","2","","V06CA ","","Grupo 2: medicamentos sob responsabilidade das secretarias de saúde dos estados e do Distrito Federal pelo financiamento, aquisição, programação, armazenamento, distribuição e dispensação para tratamento das doenças contempladas no âmbito do CEAF"
"complemento alimentar para paciente fenilcetonúrico menor de 1 ano (fórmula de aminoácidos isenta de fenilalanina)","pó","","ESPECIALIZADO","2","","V06CA ","","Grupo 2: medicamentos sob responsabilidade das secretarias de saúde dos estados e do Distrito Federal pelo financiamento, aquisição, programação, armazenamento, distribuição e dispensação para tratamento das doenças contempladas no âmbito do CEAF"
"complexo protrombínico humano","pó para solução injetável","500 UI","ESTRATÉGICO","","","B02BD01",""," "
"complexo protrombínico humano","pó para solução injetável","600 UI","ESTRATÉGICO E PROCEDIMENTO HOSPITALAR","","","B02BD01","","""PROCEDIMENTO HOSPITALAR"" não é um Componente de financiamento da Assistência Farmacêutica. Os medicamentos nele relacionados estão elencados no Procedimento ""06 - Medicamentos"" da tabela Sigtap e são financiados pelo bloco da Alta e Média Complexidade."
"complexo protrombínico parcialmente ativado","pó para solução injetável","1.000UI","ESTRATÉGICO","","","B02BD03",""," "
"complexo protrombínico parcialmente ativado","pó para solução injetável","2.500UI","ESTRATÉGICO","","","B02BD03",""," "
"complexo protrombínico parcialmente ativado","pó para solução injetável","500UI","ESTRATÉGICO","","","B02BD03",""," "
"dacarbazina","pó liofilizado para solução injetável","100 mg","ONCOLÓGICO","","DESCENTRALIZADO","L01AX04",""," "
"dacarbazina","pó liofilizado para solução injetável","200 mg","ONCOLÓGICO","","DESCENTRALIZADO","L01AX04",""," "
"dacarbazina","pó liofilizado para solução injetável","600 mg","ONCOLÓGICO","","DESCENTRALIZADO","L01AX04",""," "
"daclatasvir","comprimido","30 mg","ESTRATÉGICO","","","J05AP07",""," "
"daclatasvir","comprimido","60 mg","ESTRATÉGICO","","","J05AP07",""," "
"daclizumabe","solução injetável","5 mg/mL","PROCEDIMENTO HOSPITALAR","","","L04AC01","","""PROCEDIMENTO HOSPITALAR"" não é um Componente de financiamento da Assistência Farmacêutica. Os medicamentos nele relacionados estão elencados no Procedimento ""06 - Medicamentos"" da tabela Sigtap e são financiados pelo bloco da Alta e Média Complexidade."
"dactinomicina","pó liofilizado para solução injetável","0,5 mg","ONCOLÓGICO","","DESCENTRALIZADO","L01DA01",""," "
"danazol","cápsula","100 mg","ESPECIALIZADO","1B","","G03XA01","","Grupo 1B: medicamentos financiados pelo Ministério da Saúde mediante transferência de recursos financeiros para aquisição pelas secretarias de saúde dos estados e Distrito Federal sendo delas a responsabilidade pela programação, armazenamento, distribuição e dispensação para tratamento das doenças contempladas no âmbito do Componente Especializado da Assistência Farmacêutica."
"danazol","cápsula","200 mg","ESPECIALIZADO","1B","","G03XA01","","Grupo 1B: medicamentos financiados pelo Ministério da Saúde mediante transferência de recursos financeiros para aquisição pelas secretarias de saúde dos estados e Distrito Federal sendo delas a responsabilidade pela programação, armazenamento, distribuição e dispensação para tratamento das doenças contempladas no âmbito do Componente Especializado da Assistência Farmacêutica."
"dapagliflozina propanodiol","comprimido","10 mg","ESPECIALIZADO","2","","A10BK01","","Grupo 2: medicamentos sob responsabilidade das secretarias de saúde dos estados e do Distrito Federal pelo financiamento, aquisição, programação, armazenamento, distribuição e dispensação para tratamento das doenças contempladas no âmbito do CEAF"
"dapsona","comprimido","100 mg*","ESTRATÉGICO","","","J04BA02 e J04BA51 ","","* Disponível apenas no blíster da Poliquimioterapia Única – PQT-U, com outros medicamentos, para o esquema de tratamento da hanseníase"
"dapsona","comprimido","50 mg*","ESTRATÉGICO","","","J04BA02 e J04BA51 ","","* Disponível apenas no blíster da Poliquimioterapia Única – PQT-U, com outros medicamentos, para o esquema de tratamento da hanseníase"
"darunavir","comprimido","150 mg","ESTRATÉGICO","","","J05AE10",""," "
"darunavir","comprimido","600 mg","ESTRATÉGICO","","","J05AE10",""," "
"darunavir","comprimido","75 mg","ESTRATÉGICO","","","J05AE10",""," "
"darunavir","comprimido","800mg","ESTRATÉGICO","","","
J05AE10",""," "
"dasatinibe ","comprimido revestido","100 mg","ONCOLÓGICO","","CENTRALIZADO","L01EA02 ","","Relatório de Recomendação da CONITEC nº 528/2021, que aprova o PCDT da Leucemia Mieloide Crônica do adulto"
"dasatinibe ","comprimido revestido","20 mg","ONCOLÓGICO","","CENTRALIZADO","L01EA02 ","","Relatório de Recomendação da CONITEC nº 528/2021, que aprova o PCDT da Leucemia Mieloide Crônica do adulto"
"deferasirox","comprimido para suspensão","125 mg","ESPECIALIZADO","1A","","V03AC03","","Grupo 1A: medicamentos com aquisição centralizada pelo Ministério da Saúde e fornecidos às secretarias de saúde dos estados e Distrito Federal, sendo delas a responsabilidade pela programação, armazenamento, distribuição e dispensação para tratamento das doenças contempladas no âmbito do Componente Especializado da Assistência Farmacêutica."
"deferasirox","comprimido para suspensão","250 mg","ESPECIALIZADO","1A","","V03AC03","","Grupo 1A: medicamentos com aquisição centralizada pelo Ministério da Saúde e fornecidos às secretarias de saúde dos estados e Distrito Federal, sendo delas a responsabilidade pela programação, armazenamento, distribuição e dispensação para tratamento das doenças contempladas no âmbito do Componente Especializado da Assistência Farmacêutica."
"deferasirox","comprimido para suspensão","500 mg","ESPECIALIZADO","1A","","V03AC03","","Grupo 1A: medicamentos com aquisição centralizada pelo Ministério da Saúde e fornecidos às secretarias de saúde dos estados e Distrito Federal, sendo delas a responsabilidade pela programação, armazenamento, distribuição e dispensação para tratamento das doenças contempladas no âmbito do Componente Especializado da Assistência Farmacêutica."
"deferiprona","comprimido","1.000 mg","ESPECIALIZADO","1B","","V03AC02","","Grupo 1B: medicamentos financiados pelo Ministério da Saúde mediante transferência de recursos financeiros para aquisição pelas secretarias de saúde dos estados e Distrito Federal sendo delas a responsabilidade pela programação, armazenamento, distribuição e dispensação para tratamento das doenças contempladas no âmbito do Componente Especializado da Assistência Farmacêutica."
"deferiprona","comprimido","500 mg","ESPECIALIZADO","1B","","V03AC02","","Grupo 1B: medicamentos financiados pelo Ministério da Saúde mediante transferência de recursos financeiros para aquisição pelas secretarias de saúde dos estados e Distrito Federal sendo delas a responsabilidade pela programação, armazenamento, distribuição e dispensação para tratamento das doenças contempladas no âmbito do Componente Especializado da Assistência Farmacêutica."
"delamanida","comprimido","50 mg","ESTRATÉGICO","","","J04AK06",""," "
"desogestrel","comprimido revestido","0,075 mg","BÁSICO","","","G03AC09",""," "
"dexametasona","comprimido","4 mg","BÁSICO","","","H02AB02",""," "
"dexametasona","creme dermatológico","1 mg/g (0,1%)","BÁSICO","","","D07AB19",""," "
"dexametasona","elixir","0,1 mg/mL","BÁSICO","","","H02AB02 ",""," "
"dexametasona","pomada oftálmica","1 mg/g (0,1%)","BÁSICO","","","S01BA01",""," "
"dexametasona","solução injetável","4 mg/mL","BÁSICO","","","H02AB02 ",""," "
"dexametasona","suspensão oftálmica","1 mg/mL (0,1%)","BÁSICO","","","S01BA01",""," "
"diafragma","-","60 mm de diâmetro","Insumos (BÁSICO)","","","NC",""," "
"diafragma","-","65 mm de diâmetro","Insumos (BÁSICO)","","","NC",""," "
"diafragma","-","70 mm de diâmetro","Insumos (BÁSICO)","","","NC",""," "
"diafragma","-","75 mm de diâmetro","Insumos (BÁSICO)","","","NC",""," "
"diafragma","-","80 mm de diâmetro","Insumos (BÁSICO)","","","NC",""," "
"diafragma","-","85 mm de diâmetro","Insumos (BÁSICO)","","","NC",""," "
"diazepam","comprimido","10 mg","BÁSICO","","","N05BA01",""," "
"diazepam","comprimido","5 mg","BÁSICO","","","N05BA01",""," "
"diazepam","solução injetável","5 mg/mL","BÁSICO","","","N05BA01",""," "
"dicloridrato de pramipexol","comprimido","0,125 mg","ESPECIALIZADO","1A","","N04BC05","","Grupo 1A: medicamentos com aquisição centralizada pelo Ministério da Saúde e fornecidos às secretarias de saúde dos estados e Distrito Federal, sendo delas a responsabilidade pela programação, armazenamento, distribuição e dispensação para tratamento das doenças contempladas no âmbito do Componente Especializado da Assistência Farmacêutica."
"dicloridrato de pramipexol","comprimido","0,25 mg","ESPECIALIZADO","1A","","N04BC05","","Grupo 1A: medicamentos com aquisição centralizada pelo Ministério da Saúde e fornecidos às secretarias de saúde dos estados e Distrito Federal, sendo delas a responsabilidade pela programação, armazenamento, distribuição e dispensação para tratamento das doenças contempladas no âmbito do Componente Especializado da Assistência Farmacêutica."
"dicloridrato de pramipexol","comprimido","1 mg","ESPECIALIZADO","1A","","N04BC05","","Grupo 1A: medicamentos com aquisição centralizada pelo Ministério da Saúde e fornecidos às secretarias de saúde dos estados e Distrito Federal, sendo delas a responsabilidade pela programação, armazenamento, distribuição e dispensação para tratamento das doenças contempladas no âmbito do Componente Especializado da Assistência Farmacêutica."
"dicloridrato de sapropterina","comprimido solúvel","100 mg","ESTRATÉGICO E ESPECIALIZADO","1B","","A16AX07","","Grupo 1B: medicamentos financiados pelo Ministério da Saúde mediante transferência de recursos financeiros para aquisição pelas secretarias de saúde dos estados e Distrito Federal sendo delas a responsabilidade pela programação, armazenamento, distribuição e dispensação para tratamento das doenças contempladas no âmbito do Componente Especializado da Assistência Farmacêutica."
"dicloridrato de trientina","cápsula","250 mg","ESPECIALIZADO","1A","","A16AX12","","Grupo 1A: medicamentos com aquisição centralizada pelo Ministério da Saúde e fornecidos às secretarias de saúde dos estados e Distrito Federal, sendo delas a responsabilidade pela programação, armazenamento, distribuição e dispensação para tratamento das doenças contempladas no âmbito do Componente Especializado da Assistência Farmacêutica."
"dietilestilbestrol","comprimido revestido","1 mg","ONCOLÓGICO","","DESCENTRALIZADO","L02AA01",""," "
"difosfato de cloroquina","comprimido","150 mg","ESTRATÉGICO E ESPECIALIZADO","2","","P01BA01","","Grupo 2: medicamentos sob responsabilidade das secretarias de saúde dos estados e do Distrito Federal pelo financiamento, aquisição, programação, armazenamento, distribuição e dispensação para tratamento das doenças contempladas no âmbito do CEAF"
"difosfato de primaquina","comprimido","15 mg","ESTRATÉGICO","","","P01BA03",""," "
"difosfato de primaquina","comprimido","5 mg","ESTRATÉGICO","","","P01BA03",""," "
"digliconato de clorexidina","solução bucal","0,12%","BÁSICO","","","A01AB03",""," "
"digliconato de clorexidina","solução para uso tópico","2% a 4%","BÁSICO","","","D08AC02",""," "
"digoxina","comprimido","0,25 mg","BÁSICO","","","C01AA05",""," "
"digoxina","elixir","0,05 mg/mL","BÁSICO","","","C01AA05",""," "
"dinitrato de isossorbida","comprimido sublingual","5 mg","BÁSICO","","","C01DA08 ",""," "
"dipirona","comprimido","500 mg","BÁSICO","","","N02BB02",""," "
"dipirona","solução injetável","500 mg/mL","BÁSICO","","","N02BB02",""," "
"dipirona","solução oral","500 mg/mL","BÁSICO","","","N02BB02",""," "
"dipropionato de beclometasona","cápsula para inalação oral","200 mcg/dose","BÁSICO","","","R03BA01",""," "
"dipropionato de beclometasona","cápsula para inalação oral","400 mcg/dose","BÁSICO","","","R03BA01",""," "
"dipropionato de beclometasona","pó para inalação oral","200 mcg/dose","BÁSICO","","","R03BA01",""," "
"dipropionato de beclometasona","pó para inalação oral","400 mcg/dose","BÁSICO","","","R03BA01",""," "
"dipropionato de beclometasona","solução aerossol","200 mcg/dose","BÁSICO","","","R03BA01",""," "
"dipropionato de beclometasona","solução aerossol","250 mcg/dose","BÁSICO","","","R03BA01",""," "
"dipropionato de beclometasona","solução aerossol","50 mcg/dose","BÁSICO","","","R03BA01",""," "
"dipropionato de beclometasona","suspensão para inalação nasal","50 mcg/dose","BÁSICO","","","R03BA01",""," "
"dipropionato de beclometasona + fumarato de formoterol di-hidratado + brometo de glicopirrônio","solução aerossol","100 mcg + 6 mcg + 12,5 mcg","ESPECIALIZADO","1B","","R03AL09","","Grupo 1B: medicamentos financiados pelo Ministério da Saúde mediante transferência de recursos financeiros para aquisição pelas secretarias de saúde dos estados e Distrito Federal sendo delas a responsabilidade pela programação, armazenamento, distribuição e dispensação para tratamento das doenças contempladas no âmbito do Componente Especializado da Assistência Farmacêutica."
"dispositivo intrauterino plástico com cobre (DIU) ","modelo T 380 mm2","-","Insumos (BÁSICO)","","","G02BA02",""," "
"docetaxel","pó liofilizado para solução injetável","20 mg/ml","ONCOLÓGICO","","DESCENTRALIZADO","L01CD02","","Apresentações de 1 mL e 4 mL                                                                                                                                                             "
"dolutegravir sódico","comprimido","50 mg","ESTRATÉGICO","","","J05AJ03 ",""," "
"dolutegravir sódico","comprimidos dispersíveis","5mg","ESTRATÉGICO","","","J05AJ03 ",""," "
"dolutegravir sódico + lamivudina","comprimido","50mg + 300mg","ESTRATÉGICO","","","J05AR25 ",""," "
"doxiciclina","comprimido","100 mg","ESTRATÉGICO","","","J01AA02","Acesso"," "
"doxiciclina","comprimido solúvel","100 mg","ESTRATÉGICO","","","J01AA02","Acesso"," "
"doxiciclina","pó para solução injetável","100 mg","ESTRATÉGICO","","","J01AA02","Acesso"," "
"dupilumabe ","solução injetável","200 mg","ESPECIALIZADO","1A","","D11AH05","","Grupo 1A: medicamentos com aquisição centralizada pelo Ministério da Saúde e fornecidos às secretarias de saúde dos estados e Distrito Federal, sendo delas a responsabilidade pela programação, armazenamento, distribuição e dispensação para tratamento das doenças contempladas no âmbito do Componente Especializado da Assistência Farmacêutica."
"dupilumabe ","solução injetável","300 mg","ESPECIALIZADO","1A","","D11AH05","","Grupo 1A: medicamentos com aquisição centralizada pelo Ministério da Saúde e fornecidos às secretarias de saúde dos estados e Distrito Federal, sendo delas a responsabilidade pela programação, armazenamento, distribuição e dispensação para tratamento das doenças contempladas no âmbito do Componente Especializado da Assistência Farmacêutica."
"eculizumabe","solução para diluição para infusão","10 mg/mL","ESPECIALIZADO","1A","","L04AJ01","","Grupo 1A: medicamentos com aquisição centralizada pelo Ministério da Saúde e fornecidos às secretarias de saúde dos estados e Distrito Federal, sendo delas a responsabilidade pela programação, armazenamento, distribuição e dispensação para tratamento das doenças contempladas no âmbito do Componente Especializado da Assistência Farmacêutica."
"efavirenz","cápsula","200 mg","ESTRATÉGICO","","","J05AG03",""," "
"efavirenz","comprimido","600 mg","ESTRATÉGICO","","","J05AG03",""," "
"efavirenz","solução oral","30 mg/mL","ESTRATÉGICO","","","J05AG03",""," "
"elexacaftor/tezacaftor/ivacaftor + ivacaftor","comprimido","100 mg/50 mg/75 mg + 150 mg","ESPECIALIZADO","1A","","R07AX32","","Grupo 1A: medicamentos com aquisição centralizada pelo Ministério da Saúde e fornecidos às secretarias de saúde dos estados e Distrito Federal, sendo delas a responsabilidade pela programação, armazenamento, distribuição e dispensação para tratamento das doenças contempladas no âmbito do Componente Especializado da Assistência Farmacêutica."
"elexacaftor/tezacaftor/ivacaftor + ivacaftor","comprimido","50 mg/25 mg/37,5 mg + 75 mg","ESPECIALIZADO","1A","","R07AX32","","Grupo 1A: medicamentos com aquisição centralizada pelo Ministério da Saúde e fornecidos às secretarias de saúde dos estados e Distrito Federal, sendo delas a responsabilidade pela programação, armazenamento, distribuição e dispensação para tratamento das doenças contempladas no âmbito do Componente Especializado da Assistência Farmacêutica."
"eltrombopague olamina","comprimido","25 mg","ESPECIALIZADO","1B","","B02BX05","","Grupo 1B: medicamentos financiados pelo Ministério da Saúde mediante transferência de recursos financeiros para aquisição pelas secretarias de saúde dos estados e Distrito Federal sendo delas a responsabilidade pela programação, armazenamento, distribuição e dispensação para tratamento das doenças contempladas no âmbito do Componente Especializado da Assistência Farmacêutica."
"eltrombopague olamina","comprimido","50 mg","ESPECIALIZADO","1B","","B02BX05","","Grupo 1B: medicamentos financiados pelo Ministério da Saúde mediante transferência de recursos financeiros para aquisição pelas secretarias de saúde dos estados e Distrito Federal sendo delas a responsabilidade pela programação, armazenamento, distribuição e dispensação para tratamento das doenças contempladas no âmbito do Componente Especializado da Assistência Farmacêutica."
"embonato de triptorrelina","pó para suspensão injetável de liberação prolongada","11,25 mg","ESPECIALIZADO","1B","","L02AE04","","Grupo 1B: medicamentos financiados pelo Ministério da Saúde mediante transferência de recursos financeiros para aquisição pelas secretarias de saúde dos estados e Distrito Federal sendo delas a responsabilidade pela programação, armazenamento, distribuição e dispensação para tratamento das doenças contempladas no âmbito do Componente Especializado da Assistência Farmacêutica."
"embonato de triptorrelina","pó para suspensão injetável de liberação prolongada","22,5 mg","ESPECIALIZADO","1B","","L02AE04","","Grupo 1B: medicamentos financiados pelo Ministério da Saúde mediante transferência de recursos financeiros para aquisição pelas secretarias de saúde dos estados e Distrito Federal sendo delas a responsabilidade pela programação, armazenamento, distribuição e dispensação para tratamento das doenças contempladas no âmbito do Componente Especializado da Assistência Farmacêutica."
"emicizumabe","solução injetável","150 mg /mL (apresentações de 0,4 ml , 0,7 ml e 1 ml)","ESTRATÉGICO","","","B02BX06",""," "
"emicizumabe","solução injetável","30 mg/mL","ESTRATÉGICO","","","B02BX06",""," "
"enantato de noretisterona + valerato de estradiol","solução injetável","50 mg/mL + 5 mg/mL","BÁSICO","","","G03FA01",""," "
"enfuvirtida","pó para solução injetável","108 mg (90 mg/mL após reconstituição)","ESTRATÉGICO","","","J05AX07",""," "
"enoxaparina sódica","solução injetável","40 mg/0,4 mL","ESPECIALIZADO","1A","","B01AB05","","Grupo 1A: medicamentos com aquisição centralizada pelo Ministério da Saúde e fornecidos às secretarias de saúde dos estados e Distrito Federal, sendo delas a responsabilidade pela programação, armazenamento, distribuição e dispensação para tratamento das doenças contempladas no âmbito do Componente Especializado da Assistência Farmacêutica."
"enoxaparina sódica","solução injetável","60 mg/0,6 mL","ESPECIALIZADO","1A","","B01AB05","","Grupo 1A: medicamentos com aquisição centralizada pelo Ministério da Saúde e fornecidos às secretarias de saúde dos estados e Distrito Federal, sendo delas a responsabilidade pela programação, armazenamento, distribuição e dispensação para tratamento das doenças contempladas no âmbito do Componente Especializado da Assistência Farmacêutica."
"entacapona","comprimido","200 mg","ESPECIALIZADO","1A","","N04BX02","","Grupo 1A: medicamentos com aquisição centralizada pelo Ministério da Saúde e fornecidos às secretarias de saúde dos estados e Distrito Federal, sendo delas a responsabilidade pela programação, armazenamento, distribuição e dispensação para tratamento das doenças contempladas no âmbito do Componente Especializado da Assistência Farmacêutica."
"entecavir","comprimido","0,5 mg","ESTRATÉGICO","","","J05AF10",""," "
"entecavir","comprimido","1 mg","ESTRATÉGICO","","","J05AF10",""," "
"epinefrina","solução injetável","1 mg/mL","BÁSICO","","","C01CA24",""," "
"espinheira-santa (Maytenus ilicifolia Mart. ex Reissek e/ou Monteverdia ilicifolia (Mart. ex Reissek) Biral )","cápsula","60 a 90 mg taninos totais expressos em pirogalol (dose diária)","BÁSICO","","","NC",""," "
"espinheira-santa (Maytenus ilicifolia Mart. ex Reissek e/ou Monteverdia ilicifolia (Mart. ex Reissek) Biral )","emulsão oral","60 a 90 mg taninos totais expressos em pirogalol (dose diária)","BÁSICO","","","NC",""," "
"espinheira-santa (Maytenus ilicifolia Mart. ex Reissek e/ou Monteverdia ilicifolia (Mart. ex Reissek) Biral )","suspensão oral","60 a 90 mg taninos totais expressos em pirogalol (dose diária)","BÁSICO","","","NC",""," "
"espinheira-santa (Maytenus ilicifolia Mart. ex Reissek e/ou Monteverdia ilicifolia (Mart. ex Reissek) Biral )","tintura","60 a 90 mg taninos totais expressos em pirogalol (dose diária)","BÁSICO","","","NC",""," "
"espiramicina","comprimido","1.500.000 UI","ESTRATÉGICO","","","J01FA02","Alerta"," "
"espironolactona","comprimido","100 mg","BÁSICO","","","C03DA01",""," "
"espironolactona","comprimido","25 mg","BÁSICO","","","C03DA01",""," "
"estolato de eritromicina","comprimido","500 mg","BÁSICO E ESTRATÉGICO","","","J01FA01","Alerta"," "
"estolato de eritromicina","suspensão oral","25 mg/mL","BÁSICO","","","J01FA01","Alerta"," "
"estolato de eritromicina","suspensão oral","50 mg/mL","BÁSICO E ESTRATÉGICO","","","J01FA01","Alerta"," "
"estreptoquinase","pó para solução injetável","250.000 UI","PROCEDIMENTO HOSPITALAR","","","B01AD01","","""PROCEDIMENTO HOSPITALAR"" não é um Componente de financiamento da Assistência Farmacêutica. Os medicamentos nele relacionados estão elencados no Procedimento ""06 - Medicamentos"" da tabela Sigtap e são financiados pelo bloco da Alta e Média Complexidade."
"estriol","creme vaginal","1 mg/g","BÁSICO","","","G03CA04",""," "
"estrogênios conjugados","comprimido","0,3 mg","BÁSICO","","","G03CA57",""," "
"estrogênios conjugados","comprimido","0,625 mg","BÁSICO","","","G03CA57",""," "
"estrogênios conjugados","creme vaginal","0,625 mg/g","BÁSICO","","","G03CA57",""," "
"etanercepte","solução injetável","25 mg","ESPECIALIZADO","1A","","L04AB01","","Grupo 1A: medicamentos com aquisição centralizada pelo Ministério da Saúde e fornecidos às secretarias de saúde dos estados e Distrito Federal, sendo delas a responsabilidade pela programação, armazenamento, distribuição e dispensação para tratamento das doenças contempladas no âmbito do Componente Especializado da Assistência Farmacêutica."
"etanercepte","solução injetável","50 mg","ESPECIALIZADO","1A","","L04AB01","","Grupo 1A: medicamentos com aquisição centralizada pelo Ministério da Saúde e fornecidos às secretarias de saúde dos estados e Distrito Federal, sendo delas a responsabilidade pela programação, armazenamento, distribuição e dispensação para tratamento das doenças contempladas no âmbito do Componente Especializado da Assistência Farmacêutica."
"etinilestradiol + levonorgestrel","comprimido","0,03 mg + 0,15 mg","BÁSICO","","","G03AA07",""," "
"etionamida","comprimido","250 mg","ESTRATÉGICO","","","J04AD03",""," "
"etofibrato","cápsula","500 mg","ESPECIALIZADO","2","","C10AB09","","Grupo 2: medicamentos sob responsabilidade das secretarias de saúde dos estados e do Distrito Federal pelo financiamento, aquisição, programação, armazenamento, distribuição e dispensação para tratamento das doenças contempladas no âmbito do CEAF"
"etoposídeo","solução injetável","20 mg/ml","ONCOLÓGICO","","DESCENTRALIZADO","L01CB01","","Apresentação de 5 mL"
"etossuximida","xarope","50 mg/mL","ESPECIALIZADO","2","","N03AD01","","Grupo 2: medicamentos sob responsabilidade das secretarias de saúde dos estados e do Distrito Federal pelo financiamento, aquisição, programação, armazenamento, distribuição e dispensação para tratamento das doenças contempladas no âmbito do CEAF"
"etravirina","comprimido","100 mg","ESTRATÉGICO","","","J05AG04",""," "
"etravirina","comprimido","200 mg","ESTRATÉGICO","","","J05AG04",""," "
"everolimo","comprimido","0,5 mg","ESPECIALIZADO, ONCOLÓGICO E PROCEDIMENTO HOSPITALAR","1A","DESCENTRALIZADO","L04AH02","","""PROCEDIMENTO HOSPITALAR"" não é um Componente de financiamento da Assistência Farmacêutica. Os medicamentos nele relacionados estão elencados no Procedimento ""06 - Medicamentos"" da tabela Sigtap e são financiados pelo bloco da Alta e Média Complexidade.                                                                                                                                                                                                                                                                          Grupo 1A: medicamentos com aquisição centralizada pelo Ministério da Saúde e fornecidos às secretarias de saúde dos estados e Distrito Federal, sendo delas a responsabilidade pela programação, armazenamento, distribuição e dispensação para tratamento das doenças contempladas no âmbito do Componente Especializado da Assistência Farmacêutica."
"everolimo","comprimido","0,75 mg","ESPECIALIZADO, ONCOLÓGICO E PROCEDIMENTO HOSPITALAR","1A","DESCENTRALIZADO","L04AH02","","""PROCEDIMENTO HOSPITALAR"" não é um Componente de financiamento da Assistência Farmacêutica. Os medicamentos nele relacionados estão elencados no Procedimento ""06 - Medicamentos"" da tabela Sigtap e são financiados pelo bloco da Alta e Média Complexidade.                                                                                                                                                                         Grupo 1A: medicamentos com aquisição centralizada pelo Ministério da Saúde e fornecidos às secretarias de saúde dos estados e Distrito Federal, sendo delas a responsabilidade pela programação, armazenamento, distribuição e dispensação para tratamento das doenças contempladas no âmbito do Componente Especializado da Assistência Farmacêutica."
"everolimo","comprimido","1 mg","ESPECIALIZADO, ONCOLÓGICO E PROCEDIMENTO HOSPITALAR","1A","DESCENTRALIZADO","L04AH02","","""PROCEDIMENTO HOSPITALAR"" não é um Componente de financiamento da Assistência Farmacêutica. Os medicamentos nele relacionados estão elencados no Procedimento ""06 - Medicamentos"" da tabela Sigtap e são financiados pelo bloco da Alta e Média Complexidade.                                                                                                                                                                         Grupo 1A: medicamentos com aquisição centralizada pelo Ministério da Saúde e fornecidos às secretarias de saúde dos estados e Distrito Federal, sendo delas a responsabilidade pela programação, armazenamento, distribuição e dispensação para tratamento das doenças contempladas no âmbito do Componente Especializado da Assistência Farmacêutica."
"everolimo","comprimido","10 mg","ONCOLÓGICO","","DESCENTRALIZADO","L01EG02",""," "
"everolimo","comprimido","2,5mg","ONCOLÓGICO","","DESCENTRALIZADO","L01EG02",""," "
"everolimo","comprimido","5 mg","ONCOLÓGICO","","DESCENTRALIZADO","L01EG02",""," "
"exemestano","comprimido revestido","25 mg","ONCOLÓGICO","","DESCENTRALIZADO","L02BG06",""," "
"fator IX de coagulação","pó para solução injetável","1.000 UI","ESTRATÉGICO","","","B02BD04",""," "
"fator IX de coagulação","pó para solução injetável","1.200 UI","ESTRATÉGICO","","","B02BD04",""," "
"fator IX de coagulação","pó para solução injetável","200 UI","ESTRATÉGICO","","","B02BD04",""," "
"fator IX de coagulação","pó para solução injetável","250 UI","ESTRATÉGICO","","","B02BD04",""," "
"fator IX de coagulação","pó para solução injetável","500 UI","ESTRATÉGICO","","","B02BD04",""," "
"fator IX de coagulação","pó para solução injetável","600 UI","ESTRATÉGICO","","","B02BD04",""," "
"fator VII de coagulação ativado recombinante","pó para solução injetável","1 mg (50.000 UI)","ESTRATÉGICO","","","B02BD05",""," "
"fator VII de coagulação ativado recombinante","pó para solução injetável","2 mg (100.000 UI)","ESTRATÉGICO","","","B02BD05",""," "
"fator VII de coagulação ativado recombinante","pó para solução injetável","5 mg (250.000 UI)","ESTRATÉGICO","","","B02BD05",""," "
"fator VIII de coagulação","pó para solução injetável","1.000 UI","ESTRATÉGICO","","","B02BD02",""," "
"fator VIII de coagulação","pó para solução injetável","250 UI","ESTRATÉGICO","","","B02BD02",""," "
"fator VIII de coagulação","pó para solução injetável","500 UI","ESTRATÉGICO","","","B02BD02",""," "
"fator VIII de coagulação contendo fator de von Willebrand","pó para solução injetável","1.000 UI","ESTRATÉGICO","","","B02BD06",""," "
"fator VIII de coagulação contendo fator de von Willebrand","pó para solução injetável","250 UI","ESTRATÉGICO","","","B02BD06",""," "
"fator VIII de coagulação contendo fator de von Willebrand","pó para solução injetável","500 UI","ESTRATÉGICO","","","B02BD06",""," "
"fator VIII de coagulação recombinante","pó para solução injetável","1.000 UI","ESTRATÉGICO","","","B02BD02",""," "
"fator VIII de coagulação recombinante","pó para solução injetável","1.500UI","ESTRATÉGICO","","","B02BD02",""," "
"fator VIII de coagulação recombinante","pó para solução injetável","250 UI","ESTRATÉGICO","","","B02BD02",""," "
"fator VIII de coagulação recombinante","pó para solução injetável","500 UI","ESTRATÉGICO","","","B02BD02",""," "
"fator XIII de coagulação","pó para solução injetável","250 UI","ESTRATÉGICO","","","B02BD07",""," "
"fenitoína","comprimido","100 mg","BÁSICO","","","N03AB02",""," "
"fenitoína","solução injetável","50 mg/mL","BÁSICO","","","N03AB02",""," "
"fenitoína","suspensão oral","20 mg/mL","BÁSICO","","","N03AB02",""," "
"fenobarbital","comprimido","100 mg","BÁSICO","","","N03AA02",""," "
"fenobarbital","solução injetável","100 mg/mL","BÁSICO","","","N03AA02",""," "
"fenobarbital","solução oral","40 mg/mL","BÁSICO","","","N03AA02",""," "
"fenofibrato","cápsula","200 mg","ESPECIALIZADO","2","","C10AB05","","Grupo 2: medicamentos sob responsabilidade das secretarias de saúde dos estados e do Distrito Federal pelo financiamento, aquisição, programação, armazenamento, distribuição e dispensação para tratamento das doenças contempladas no âmbito do CEAF"
"fenofibrato","cápsula de liberação retardada","250 mg","ESPECIALIZADO","2","","C10AB05","","Grupo 2: medicamentos sob responsabilidade das secretarias de saúde dos estados e do Distrito Federal pelo financiamento, aquisição, programação, armazenamento, distribuição e dispensação para tratamento das doenças contempladas no âmbito do CEAF"
"fenoximetilpenicilina potássica","pó para solução oral","80.000 UI/mL","ESTRATÉGICO","","","J01CE02","Acesso"," "
"ferripolimaltose","comprimido mastigável","100 mg","BÁSICO","","","B03AB05",""," "
"ferripolimaltose","solução oral","50 mg/mL","BÁSICO","","","B03AB05",""," "
"ferripolimaltose","xarope","10 mg/mL","BÁSICO","","","B03AB05",""," "
"fibrinogênio","pó para solução injetável","1 g","ESTRATÉGICO","","","B02BB01",""," "
"filgrastim","solução injetável","300 mcg","ESPECIALIZADO","1A","","L03AA02","","Grupo 1A: medicamentos com aquisição centralizada pelo Ministério da Saúde e fornecidos às secretarias de saúde dos estados e Distrito Federal, sendo delas a responsabilidade pela programação, armazenamento, distribuição e dispensação para tratamento das doenças contempladas no âmbito do Componente Especializado da Assistência Farmacêutica."
"finasterida","comprimido","5 mg","BÁSICO","","","G04CB01",""," "
"flucitosina","cápsula","500 mg","ESTRATÉGICO","","","J02AX01",""," "
"fluconazol","cápsula","100 mg","BÁSICO","","","J02AC01",""," "
"fluconazol","cápsula","150 mg","BÁSICO","","","J02AC01",""," "
"fluconazol","solução injetável","2 mg/mL","ESTRATÉGICO","","","J02AC01",""," "
"fluconazol","suspensão oral","10 mg/mL","BÁSICO","","","J02AC01",""," "
"flumazenil","solução injetável","0,1 mg/mL","BÁSICO","","","V03AB25",""," "
"fluoruracila","solução injetável","25 mg/ml","ONCOLÓGICO","","DESCENTRALIZADO","L01BC02","","Apresentações de 10 mL, 20 mL e 40 mL                                                                                                                                "
"fluoruracila","solução injetável","50 mg/ml","ONCOLÓGICO","","DESCENTRALIZADO","L01BC02","","Apresentações de 5 mL, 10 mL, 20 mL e 50 mL                                                                                                                                "
"flutamida","comprimido","250 mg","ONCOLÓGICO","","DESCENTRALIZADO","L02BB01",""," "
"folinato de cálcio","comprimido","15 mg","BÁSICO E ESTRATÉGICO","","","V03AF03",""," "
"fosamprenavir","suspensão oral","50 mg/mL","ESTRATÉGICO","","","J05AE07",""," "
"fosfato de cálcio tribásico + colecalciferol","comprimido","1661,616 mg (600 mg de cálcio) + 400 UI","BÁSICO","","","A12AX",""," "
"fosfato de clindamicina","gel","10 mg/g","BÁSICO","","","D10AF01",""," "
"fosfato de clindamicina","solução tópica","10 mg/g","BÁSICO","","","D10AF01",""," "
"fosfato de codeína","comprimido","30 mg","ESPECIALIZADO","2","","R05DA04","","Grupo 2: medicamentos sob responsabilidade das secretarias de saúde dos estados e do Distrito Federal pelo financiamento, aquisição, programação, armazenamento, distribuição e dispensação para tratamento das doenças contempladas no âmbito do CEAF"
"fosfato de codeína","comprimido","60 mg","ESPECIALIZADO","2","","R05DA04","","Grupo 2: medicamentos sob responsabilidade das secretarias de saúde dos estados e do Distrito Federal pelo financiamento, aquisição, programação, armazenamento, distribuição e dispensação para tratamento das doenças contempladas no âmbito do CEAF"
"fosfato de codeína","solução injetável","30 mg/mL","ESPECIALIZADO","2","","R05DA04","","Grupo 2: medicamentos sob responsabilidade das secretarias de saúde dos estados e do Distrito Federal pelo financiamento, aquisição, programação, armazenamento, distribuição e dispensação para tratamento das doenças contempladas no âmbito do CEAF"
"fosfato de codeína","solução oral","3 mg/mL","ESPECIALIZADO","2","","R05DA04","","Grupo 2: medicamentos sob responsabilidade das secretarias de saúde dos estados e do Distrito Federal pelo financiamento, aquisição, programação, armazenamento, distribuição e dispensação para tratamento das doenças contempladas no âmbito do CEAF"
"fosfato de oseltamivir","cápsula","30 mg","ESTRATÉGICO","","","J05AH02",""," "
"fosfato de oseltamivir","cápsula","45 mg","ESTRATÉGICO","","","J05AH02",""," "
"fosfato de oseltamivir","cápsula","75 mg","ESTRATÉGICO","","","J05AH02",""," "
"fosfato de potássio monobásico + fosfato de potássio dibásico","solução injetável","0,03 g/mL + 0,1567 g/mL (equivalente a 2 mEq/mL)","BÁSICO","","","B05XA06",""," "
"fosfato sódico de prednisolona","solução oral","1 mg/mL","BÁSICO","","","H02AB06",""," "
"fosfato sódico de prednisolona","solução oral","3 mg/mL","BÁSICO","","","H02AB06",""," "
"fostensavir trometamol","comprimido de liberação prolongada","600 mg","ESTRATÉGICO","","","J05AX29",""," "
"fulvestranto","solução injetável","50 mg/ml","ONCOLÓGICO","","DESCENTRALIZADO","L02BA03","","Apresentação de seringa preenchida de 5 mL                                                                                                                          "
"fumarato de dimetila","cápsula de liberação retardada","120 mg","ESPECIALIZADO","1A","","L04AX07","","Grupo 1A: medicamentos com aquisição centralizada pelo Ministério da Saúde e fornecidos às secretarias de saúde dos estados e Distrito Federal, sendo delas a responsabilidade pela programação, armazenamento, distribuição e dispensação para tratamento das doenças contempladas no âmbito do Componente Especializado da Assistência Farmacêutica."
"fumarato de dimetila","cápsula de liberação retardada","240 mg","ESPECIALIZADO","1A","","L04AX07","","Grupo 1A: medicamentos com aquisição centralizada pelo Ministério da Saúde e fornecidos às secretarias de saúde dos estados e Distrito Federal, sendo delas a responsabilidade pela programação, armazenamento, distribuição e dispensação para tratamento das doenças contempladas no âmbito do Componente Especializado da Assistência Farmacêutica."
"fumarato de formoterol","cápsula inalatória","12 mcg","ESPECIALIZADO","2","","R03AC13","","Grupo 2: medicamentos sob responsabilidade das secretarias de saúde dos estados e do Distrito Federal pelo financiamento, aquisição, programação, armazenamento, distribuição e dispensação para tratamento das doenças contempladas no âmbito do CEAF"
"fumarato de formoterol","pó inalatório","12 mcg","ESPECIALIZADO","2","","R03AC13","","Grupo 2: medicamentos sob responsabilidade das secretarias de saúde dos estados e do Distrito Federal pelo financiamento, aquisição, programação, armazenamento, distribuição e dispensação para tratamento das doenças contempladas no âmbito do CEAF"
"fumarato de formoterol + budesonida","cápsula inalatória","12 mcg + 400 mcg","ESPECIALIZADO","2","","R03AK07","","Grupo 2: medicamentos sob responsabilidade das secretarias de saúde dos estados e do Distrito Federal pelo financiamento, aquisição, programação, armazenamento, distribuição e dispensação para tratamento das doenças contempladas no âmbito do CEAF"
"fumarato de formoterol + budesonida","cápsula inalatória","6 mcg + 200 mcg","ESPECIALIZADO","2","","R03AK07","","Grupo 2: medicamentos sob responsabilidade das secretarias de saúde dos estados e do Distrito Federal pelo financiamento, aquisição, programação, armazenamento, distribuição e dispensação para tratamento das doenças contempladas no âmbito do CEAF"
"fumarato de formoterol + budesonida","pó inalatório","12 mcg + 400 mcg","ESPECIALIZADO","2","","R03AK07","","Grupo 2: medicamentos sob responsabilidade das secretarias de saúde dos estados e do Distrito Federal pelo financiamento, aquisição, programação, armazenamento, distribuição e dispensação para tratamento das doenças contempladas no âmbito do CEAF"
"fumarato de formoterol + budesonida","pó inalatório","6 mcg + 200 mcg","ESPECIALIZADO","2","","R03AK07","","Grupo 2: medicamentos sob responsabilidade das secretarias de saúde dos estados e do Distrito Federal pelo financiamento, aquisição, programação, armazenamento, distribuição e dispensação para tratamento das doenças contempladas no âmbito do CEAF"
"fumarato de tenofovir desoproxila","comprimido","300 mg","ESTRATÉGICO","","","J05AF07",""," "
"fumarato de tenofovir desoproxila + entricitabina ","comprimido","300 mg + 200 mg","ESTRATÉGICO","","","J05AR03",""," "
"fumarato de tenofovir desoproxila + lamivudina","comprimido","300 mg + 300 mg","ESTRATÉGICO","","","J05AR12",""," "
"fumarato de tenofovir desoproxila + lamivudina + efavirenz","comprimido","300 mg + 300 mg + 600 mg","ESTRATÉGICO","","","J05AR11",""," "
"furoato de fluticasona + brometo de umeclidínio + trifenatato de vilanterol ","pó para inalação","100 mcg + 62,5 mcg + 25 mcg","ESPECIALIZADO","1B","","R03AL08","","Grupo 1B: medicamentos financiados pelo Ministério da Saúde mediante transferência de recursos financeiros para aquisição pelas secretarias de saúde dos estados e Distrito Federal sendo delas a responsabilidade pela programação, armazenamento, distribuição e dispensação para tratamento das doenças contempladas no âmbito do Componente Especializado da Assistência Farmacêutica."
"furoato de mometasona ","creme","1 mg/g","ESPECIALIZADO","2","","D07AC13","","Grupo 2: medicamentos sob responsabilidade das secretarias de saúde dos estados e do Distrito Federal pelo financiamento, aquisição, programação, armazenamento, distribuição e dispensação para tratamento das doenças contempladas no âmbito do CEAF"
"furoato de mometasona ","pomada","1 mg/g","ESPECIALIZADO","2","","D07AC13","","Grupo 2: medicamentos sob responsabilidade das secretarias de saúde dos estados e do Distrito Federal pelo financiamento, aquisição, programação, armazenamento, distribuição e dispensação para tratamento das doenças contempladas no âmbito do CEAF"
"furosemida","comprimido","40 mg","BÁSICO","","","C03CA01",""," "
"furosemida","solução injetável","10 mg/mL","BÁSICO","","","C03CA01",""," "
"gabapentina","cápsula","300 mg","ESPECIALIZADO","2","","N02BF01","","Grupo 2: medicamentos sob responsabilidade das secretarias de saúde dos estados e do Distrito Federal pelo financiamento, aquisição, programação, armazenamento, distribuição e dispensação para tratamento das doenças contempladas no âmbito do CEAF"
"gabapentina","cápsula","400 mg","ESPECIALIZADO","2","","N02BF01","","Grupo 2: medicamentos sob responsabilidade das secretarias de saúde dos estados e do Distrito Federal pelo financiamento, aquisição, programação, armazenamento, distribuição e dispensação para tratamento das doenças contempladas no âmbito do CEAF"
"galsulfase ","solução injetável","5 mg","ESPECIALIZADO","1A","","A16AB08","","Grupo 1A: medicamentos com aquisição centralizada pelo Ministério da Saúde e fornecidos às secretarias de saúde dos estados e Distrito Federal, sendo delas a responsabilidade pela programação, armazenamento, distribuição e dispensação para tratamento das doenças contempladas no âmbito do Componente Especializado da Assistência Farmacêutica."
"garra-do-diabo (Harpagophytum procumbens DC. ex Meissn.)","cápsula","30 a 100 mg de harpagosídeo ou 45 a 150 mg de iridoides totais expressos em harpagosídeos (dose diária)","BÁSICO","","","M01AW5009*","","O código ATC atribuído aos fitoterápicos refere-se ao índice Herbal ATC que, embora adote uma classificação semelhante à utilizada para os demais medicamentos, inclui caracteres adicionais nos códigos para indicar as especificidades dos fitoterápicos."
"garra-do-diabo (Harpagophytum procumbens DC. ex Meissn.)","comprimido","30 a 100 mg de harpagosídeo ou 45 a 150 mg de iridoides totais expressos em harpagosídeos (dose diária)","BÁSICO","","","M01AW5009*","","O código ATC atribuído aos fitoterápicos refere-se ao índice Herbal ATC que, embora adote uma classificação semelhante à utilizada para os demais medicamentos, inclui caracteres adicionais nos códigos para indicar as especificidades dos fitoterápicos."
"garra-do-diabo (Harpagophytum procumbens DC. ex Meissn.)","comprimido de liberação retardada","30 a 100 mg de harpagosídeo ou 45 a 150 mg de iridoides totais expressos em harpagosídeos (dose diária)","BÁSICO","","","M01AW5009*","","O código ATC atribuído aos fitoterápicos refere-se ao índice Herbal ATC que, embora adote uma classificação semelhante à utilizada para os demais medicamentos, inclui caracteres adicionais nos códigos para indicar as especificidades dos fitoterápicos."
"gel lubrificante","gel","-","Insumos (ESTRATÉGICO)","","","NC",""," "
"genfibrozila","comprimido","600 mg","ESPECIALIZADO","2","","C10AB04","","Grupo 2: medicamentos sob responsabilidade das secretarias de saúde dos estados e do Distrito Federal pelo financiamento, aquisição, programação, armazenamento, distribuição e dispensação para tratamento das doenças contempladas no âmbito do CEAF"
"genfibrozila","comprimido","900 mg","ESPECIALIZADO","2","","C10AB04","","Grupo 2: medicamentos sob responsabilidade das secretarias de saúde dos estados e do Distrito Federal pelo financiamento, aquisição, programação, armazenamento, distribuição e dispensação para tratamento das doenças contempladas no âmbito do CEAF"
"gentamicina ","pomada oftálmica","5 mg/g","BÁSICO","","","S01AA11",""," "
"gentamicina ","solução oftálmica","5 mg/mL","BÁSICO","","","S01AA11",""," "
"glecaprevir + pibrentasvir","comprimido","100 mg + 40 mg","ESTRATÉGICO","","","J05AP57",""," "
"glibenclamida","comprimido","5 mg","BÁSICO","","","A10BB01",""," "
"glicerol","solução retal","120 mg/mL","BÁSICO","","","A06AG04",""," "
"glicerol","supositório retal","72 mg","BÁSICO","","","A06AG04",""," "
"gliclazida","comprimido","80 mg","BÁSICO","","","A10BB09",""," "
"gliclazida","comprimido de liberação prolongada","30 mg","BÁSICO","","","A10BB09",""," "
"gliclazida","comprimido de liberação prolongada","60 mg","BÁSICO","","","A10BB09",""," "
"glicose","solução injetável","100 mg/mL (10%)","BÁSICO","","","V06DC01",""," "
"glicose","solução injetável","50 mg/mL (5%)","BÁSICO","","","V06DC01",""," "
"glicose","solução injetável","500 mg/mL (50%)","BÁSICO","","","V06DC01",""," "
"glutaral ","solução","0,02","Insumos (BÁSICO)","","","NC",""," "
"golimumabe","solução injetável","50 mg","ESPECIALIZADO","1A","","L04AB06","","Grupo 1A: medicamentos com aquisição centralizada pelo Ministério da Saúde e fornecidos às secretarias de saúde dos estados e Distrito Federal, sendo delas a responsabilidade pela programação, armazenamento, distribuição e dispensação para tratamento das doenças contempladas no âmbito do Componente Especializado da Assistência Farmacêutica."
"guaco (Mikania glomerata Spreng.)","solução oral","0,5 a 5 mg de cumarina (dose diária)","BÁSICO","","","NC",""," "
"guaco (Mikania glomerata Spreng.)","tintura","0,5 a 5 mg de cumarina (dose diária)","BÁSICO","","","NC",""," "
"guaco (Mikania glomerata Spreng.)","xarope","0,5 a 5 mg de cumarina (dose diária)","BÁSICO","","","NC",""," "
"haloperidol","comprimido","1 mg","BÁSICO","","","N05AD01",""," "
"haloperidol","comprimido","5 mg","BÁSICO","","","N05AD01",""," "
"haloperidol","solução injetável","5 mg/mL","BÁSICO","","","N05AD01",""," "
"haloperidol","solução injetável","50 mg/mL","BÁSICO","","","N05AD01",""," "
"haloperidol","solução oral","2 mg/mL","BÁSICO","","","N05AD01",""," "
"hemifumarato de quetiapina","comprimido","100 mg","ESPECIALIZADO","1A","","N05AH04","","Grupo 1A: medicamentos com aquisição centralizada pelo Ministério da Saúde e fornecidos às secretarias de saúde dos estados e Distrito Federal, sendo delas a responsabilidade pela programação, armazenamento, distribuição e dispensação para tratamento das doenças contempladas no âmbito do Componente Especializado da Assistência Farmacêutica."
"hemifumarato de quetiapina","comprimido","200 mg","ESPECIALIZADO","1A","","N05AH04","","Grupo 1A: medicamentos com aquisição centralizada pelo Ministério da Saúde e fornecidos às secretarias de saúde dos estados e Distrito Federal, sendo delas a responsabilidade pela programação, armazenamento, distribuição e dispensação para tratamento das doenças contempladas no âmbito do Componente Especializado da Assistência Farmacêutica."
"hemifumarato de quetiapina","comprimido","25 mg","ESPECIALIZADO","1A","","N05AH04","","Grupo 1A: medicamentos com aquisição centralizada pelo Ministério da Saúde e fornecidos às secretarias de saúde dos estados e Distrito Federal, sendo delas a responsabilidade pela programação, armazenamento, distribuição e dispensação para tratamento das doenças contempladas no âmbito do Componente Especializado da Assistência Farmacêutica."
"hemifumarato de quetiapina","comprimido","300 mg","ESPECIALIZADO","1A","","N05AH04","","Grupo 1A: medicamentos com aquisição centralizada pelo Ministério da Saúde e fornecidos às secretarias de saúde dos estados e Distrito Federal, sendo delas a responsabilidade pela programação, armazenamento, distribuição e dispensação para tratamento das doenças contempladas no âmbito do Componente Especializado da Assistência Farmacêutica."
"hemifumarato de tenofovir alafenamida","comprimido","25 mg","ESTRATÉGICO","","","J05AF13",""," "
"hemitartarato de norepinefrina","solução injetável","2 mg/mL","BÁSICO","","","C01CA03",""," "
"heparina sódica","solução injetável","5.000 UI/0,25 mL","BÁSICO","","","B01AB01",""," "
"hidroclorotiazida","comprimido","12,5 mg","BÁSICO","","","C03AA03",""," "
"hidroclorotiazida","comprimido","25 mg","BÁSICO","","","C03AA03",""," "
"hidróxido de alumínio","comprimido","230 mg ","BÁSICO","","","A02AB01",""," "
"hidróxido de alumínio","suspensão oral","60 mg/mL","BÁSICO","","","A02AB01",""," "
"hidroxiureia","cápsula","500 mg","ESPECIALIZADO E ONCOLÓGICO","1B","DESCENTRALIZADO","L01XX05","","Grupo 1B: medicamentos financiados pelo Ministério da Saúde mediante transferência de recursos financeiros para aquisição pelas secretarias de saúde dos estados e Distrito Federal sendo delas a responsabilidade pela programação, armazenamento, distribuição e dispensação para tratamento das doenças contempladas no âmbito do Componente Especializado da Assistência Farmacêutica."
"hidroxiureia","comprimido revestido","100 mg","ESPECIALIZADO E ONCOLÓGICO","1B","DESCENTRALIZADO","L01XX05","","Grupo 1B: medicamentos financiados pelo Ministério da Saúde mediante transferência de recursos financeiros para aquisição pelas secretarias de saúde dos estados e Distrito Federal sendo delas a responsabilidade pela programação, armazenamento, distribuição e dispensação para tratamento das doenças contempladas no âmbito do Componente Especializado da Assistência Farmacêutica."
"hidroxiureia","comprimido revestido","1000 mg","ONCOLÓGICO","","DESCENTRALIZADO","L01XX05",""," "
"hipoclorito de sódio","solução","10 mg/mL (1%)","Insumos (BÁSICO)","","","NC",""," "
"hipoclorito de sódio","solução","25 mg/mL (2,5%)","Insumos (ESTRATÉGICO)","","","NC",""," "
"hipromelose","solução oftálmica","3 mg/mL (0,3%)","BÁSICO","","","S01KA02",""," "
"hipromelose","solução oftálmica","5 mg/mL (0,5%)","BÁSICO","","","S01KA02",""," "
"hortelã (Mentha x piperita L.)","cápsula","60 a 440 mg de mentol e 28 a 256 mg de mentona (dose diária)","BÁSICO","","","A03AW5039*","","O código ATC atribuído aos fitoterápicos refere-se ao índice Herbal ATC que, embora adote uma classificação semelhante à utilizada para os demais medicamentos, inclui caracteres adicionais nos códigos para indicar as especificidades dos fitoterápicos."
"ibuprofeno","cápsula","600 mg","BÁSICO","","","M01AE01",""," "
"ibuprofeno","comprimido","200 mg","BÁSICO","","","M01AE01",""," "
"ibuprofeno","comprimido","300 mg","BÁSICO","","","M01AE01",""," "
"ibuprofeno","comprimido","600 mg","BÁSICO","","","M01AE01",""," "
"ibuprofeno","suspensão oral","50 mg/mL","BÁSICO","","","M01AE01",""," "
"idursulfase","solução injetável","2 mg/mL","ESPECIALIZADO","1A","","A16AB09","","Grupo 1A: medicamentos com aquisição centralizada pelo Ministério da Saúde e fornecidos às secretarias de saúde dos estados e Distrito Federal, sendo delas a responsabilidade pela programação, armazenamento, distribuição e dispensação para tratamento das doenças contempladas no âmbito do Componente Especializado da Assistência Farmacêutica."
"ifosfamida","pó liofilizado para solução injetável","1 g","ONCOLÓGICO","","DESCENTRALIZADO","L01AA06",""," "
"ifosfamida","pó liofilizado para solução injetável","2 g","ONCOLÓGICO","","DESCENTRALIZADO","L01AA06",""," "
"ifosfamida","pó liofilizado para solução injetável","500 mg","ONCOLÓGICO","","DESCENTRALIZADO","L01AA06",""," "
"iloprosta","solução inalatória","10 mcg/mL","ESPECIALIZADO","1B","","B01AC11","","Grupo 1B: medicamentos financiados pelo Ministério da Saúde mediante transferência de recursos financeiros para aquisição pelas secretarias de saúde dos estados e Distrito Federal sendo delas a responsabilidade pela programação, armazenamento, distribuição e dispensação para tratamento das doenças contempladas no âmbito do Componente Especializado da Assistência Farmacêutica."
"imatinibe","comprimido","100 mg","ONCOLÓGICO","","CENTRALIZADO","L01EA01","","
Relatório de Recomendação da CONITEC Nº 117 de Fevereiro/2014 - Imatinibe para a quimioterapia adjuvante do tumor do estroma gastrointestinal (GIST).
Portaria nº 494, de 18 de junho de 2014, aprova o PCDT do Tumor do Estroma Gastrointestinal.
Portaria Conjunta SAES/SCTIE/MS nº 4, de 01/03/2021, aprova o PCDT de Leucemia Mieloide Crônica (LMC) em adultos.
Portaria Conjunta SAES/SCTIE/MS nº 10, de 02/07/2021, aprova o PCDT de Leucemia Mieloide Crônica (LMC) de Crianças e Adolescentes."
"imatinibe","comprimido revestido","400 mg","ONCOLÓGICO","","CENTRALIZADO","L01EA01","","Relatório de Recomendação da CONITEC Nº 117 de Fevereiro/2014 - Imatinibe para a quimioterapia adjuvante do tumor do estroma gastrointestinal (GIST).
Portaria nº 494, de 18 de junho de 2014, aprova o PCDT do Tumor do Estroma Gastrointestinal.
Portaria Conjunta SAES/SCTIE/MS nº 4, de 01/03/2021, aprova o PCDT de Leucemia Mieloide Crônica (LMC) em adultos.
Portaria Conjunta SAES/SCTIE/MS nº 10, de 02/07/2021, aprova o PCDT de Leucemia Mieloide Crônica (LMC) de Crianças e Adolescentes."
"imiglucerase","pó para solução injetável","400 U","ESPECIALIZADO","1A","","A16AB02","","Grupo 1A: medicamentos com aquisição centralizada pelo Ministério da Saúde e fornecidos às secretarias de saúde dos estados e Distrito Federal, sendo delas a responsabilidade pela programação, armazenamento, distribuição e dispensação para tratamento das doenças contempladas no âmbito do Componente Especializado da Assistência Farmacêutica."
"imiquimode","creme","50 mg/g ","BÁSICO","","","D06BB10",""," "
"imunoglobulina anti-Rho (D)","solução injetável","-","PROCEDIMENTO HOSPITALAR","","","J06BB01","","""PROCEDIMENTO HOSPITALAR"" não é um Componente de financiamento da Assistência Farmacêutica. Os medicamentos nele relacionados estão elencados no Procedimento ""06 - Medicamentos"" da tabela Sigtap e são financiados pelo bloco da Alta e Média Complexidade."
"imunoglobulina antitetânica","solução injetável","250 UI/mL","ESTRATÉGICO","","","J06BB02",""," "
"imunoglobulina antitimócitos humanos (coelho)","pó para solução injetável","25 mg","PROCEDIMENTO HOSPITALAR","","","L04AA04","","""PROCEDIMENTO HOSPITALAR"" não é um Componente de financiamento da Assistência Farmacêutica. Os medicamentos nele relacionados estão elencados no Procedimento ""06 - Medicamentos"" da tabela Sigtap e são financiados pelo bloco da Alta e Média Complexidade."
"imunoglobulina humana","pó para solução injetável","0,5 g","ESPECIALIZADO","1B","","J06BA02","","Grupo 1B: medicamentos financiados pelo Ministério da Saúde mediante transferência de recursos financeiros para aquisição pelas secretarias de saúde dos estados e Distrito Federal sendo delas a responsabilidade pela programação, armazenamento, distribuição e dispensação para tratamento das doenças contempladas no âmbito do Componente Especializado da Assistência Farmacêutica."
"imunoglobulina humana","pó para solução injetável","2,5 g","ESPECIALIZADO","1B","","J06BA02","","Grupo 1B: medicamentos financiados pelo Ministério da Saúde mediante transferência de recursos financeiros para aquisição pelas secretarias de saúde dos estados e Distrito Federal sendo delas a responsabilidade pela programação, armazenamento, distribuição e dispensação para tratamento das doenças contempladas no âmbito do Componente Especializado da Assistência Farmacêutica."
"imunoglobulina humana","pó para solução injetável","5 g","ESPECIALIZADO","1A","","J06BA02","","Grupo 1A: medicamentos com aquisição centralizada pelo Ministério da Saúde e fornecidos às secretarias de saúde dos estados e Distrito Federal, sendo delas a responsabilidade pela programação, armazenamento, distribuição e dispensação para tratamento das doenças contempladas no âmbito do Componente Especializado da Assistência Farmacêutica."
"imunoglobulina humana","solução injetável","0,5 g","ESPECIALIZADO","1B","","J06BA02","","Grupo 1B: medicamentos financiados pelo Ministério da Saúde mediante transferência de recursos financeiros para aquisição pelas secretarias de saúde dos estados e Distrito Federal sendo delas a responsabilidade pela programação, armazenamento, distribuição e dispensação para tratamento das doenças contempladas no âmbito do Componente Especializado da Assistência Farmacêutica."
"imunoglobulina humana","solução injetável","2,5 g","ESPECIALIZADO","1B","","J06BA02","","Grupo 1B: medicamentos financiados pelo Ministério da Saúde mediante transferência de recursos financeiros para aquisição pelas secretarias de saúde dos estados e Distrito Federal sendo delas a responsabilidade pela programação, armazenamento, distribuição e dispensação para tratamento das doenças contempladas no âmbito do Componente Especializado da Assistência Farmacêutica."
"imunoglobulina humana","solução injetável","5g","ESPECIALIZADO","1A","","J06BA02","","Grupo 1A: medicamentos com aquisição centralizada pelo Ministério da Saúde e fornecidos às secretarias de saúde dos estados e Distrito Federal, sendo delas a responsabilidade pela programação, armazenamento, distribuição e dispensação para tratamento das doenças contempladas no âmbito do Componente Especializado da Assistência Farmacêutica."
"Imunoglobulina humana","pó para solução injetável","1 g","ESPECIALIZADO E PROCEDIMENTO HOSPITALAR","1B","","J06BA02","","""PROCEDIMENTO HOSPITALAR"" não é um Componente de financiamento da Assistência Farmacêutica. Os medicamentos nele relacionados estão elencados no Procedimento ""06 - Medicamentos"" da tabela Sigtap e são financiados pelo bloco da Alta e Média Complexidade.                            Grupo 1B: medicamentos financiados pelo Ministério da Saúde mediante transferência de recursos financeiros para aquisição pelas secretarias de saúde dos estados e Distrito Federal sendo delas a responsabilidade pela programação, armazenamento, distribuição e dispensação para tratamento das doenças contempladas no âmbito do Componente Especializado da Assistência Farmacêutica.                          "
"Imunoglobulina humana","solução injetável","1 g","ESPECIALIZADO E PROCEDIMENTO HOSPITALAR","1B","","J06BA02","","""PROCEDIMENTO HOSPITALAR"" não é um Componente de financiamento da Assistência Farmacêutica. Os medicamentos nele relacionados estão elencados no Procedimento ""06 - Medicamentos"" da tabela Sigtap e são financiados pelo bloco da Alta e Média Complexidade.                            Grupo 1B: medicamentos financiados pelo Ministério da Saúde mediante transferência de recursos financeiros para aquisição pelas secretarias de saúde dos estados e Distrito Federal sendo delas a responsabilidade pela programação, armazenamento, distribuição e dispensação para tratamento das doenças contempladas no âmbito do Componente Especializado da Assistência Farmacêutica.                          "
"imunoglobulina humana anti-hepatite B","solução injetável","1.000 UI","ESTRATÉGICO","","","J06BB04",""," "
"imunoglobulina humana anti-hepatite B","solução injetável","100 UI","ESTRATÉGICO","","","J06BB04",""," "
"imunoglobulina humana anti-hepatite B","solução injetável","180 - 200 UI/mL","ESTRATÉGICO","","","J06BB04",""," "
"imunoglobulina humana anti-hepatite B","solução injetável","500 UI","ESTRATÉGICO E PROCEDIMENTO HOSPITALAR","","","J06BB04","","""PROCEDIMENTO HOSPITALAR"" não é um Componente de financiamento da Assistência Farmacêutica. Os medicamentos nele relacionados estão elencados no Procedimento ""06 - Medicamentos"" da tabela Sigtap e são financiados pelo bloco da Alta e Média Complexidade."
"imunoglobulina humana anti-hepatite B","solução injetável","600 UI","ESTRATÉGICO","","","J06BB04",""," "
"imunoglobulina humana antirrábica","solução injetável","150 UI/mL","ESTRATÉGICO","","","J06BB05",""," "
"imunoglobulina humana antivaricela zoster","solução injetável","125 UI/2,5 mL","ESTRATÉGICO","","","J06BB03",""," "
"infliximabe","pó para solução injetável","100 mg","ESPECIALIZADO","1A","","L04AB02","","Grupo 1A: medicamentos com aquisição centralizada pelo Ministério da Saúde e fornecidos às secretarias de saúde dos estados e Distrito Federal, sendo delas a responsabilidade pela programação, armazenamento, distribuição e dispensação para tratamento das doenças contempladas no âmbito do Componente Especializado da Assistência Farmacêutica."
"insulina análoga de ação prolongada","solução injetável","100 UI/mL","ESPECIALIZADO","1A","","A10AE","","Grupo 1A: medicamentos com aquisição centralizada pelo Ministério da Saúde e fornecidos às secretarias de saúde dos estados e Distrito Federal, sendo delas a responsabilidade pela programação, armazenamento, distribuição e dispensação para tratamento das doenças contempladas no âmbito do Componente Especializado da Assistência Farmacêutica."
"insulina análoga de ação prolongada","solução injetável","300 UI/mL","ESPECIALIZADO","1A","","A10AE","","Grupo 1A: medicamentos com aquisição centralizada pelo Ministério da Saúde e fornecidos às secretarias de saúde dos estados e Distrito Federal, sendo delas a responsabilidade pela programação, armazenamento, distribuição e dispensação para tratamento das doenças contempladas no âmbito do Componente Especializado da Assistência Farmacêutica."
"insulina análoga de ação rápida ","solução injetável","100 UI/mL","ESPECIALIZADO","1A","","A10AB","","Grupo 1A: medicamentos com aquisição centralizada pelo Ministério da Saúde e fornecidos às secretarias de saúde dos estados e Distrito Federal, sendo delas a responsabilidade pela programação, armazenamento, distribuição e dispensação para tratamento das doenças contempladas no âmbito do Componente Especializado da Assistência Farmacêutica."
"insulina humana NPH","suspensão injetável","100 UI/mL","BÁSICO","","","A10AC01",""," "
"insulina humana regular","solução injetável","100 UI/mL","BÁSICO","","","A10AB01",""," "
"Iodeto de potássio","comprimido","130 mg","ESTRATÉGICO","","","V03AB21",""," "
"Iodeto de potássio","xarope","20 mg/mL","ESTRATÉGICO","","","V03AB21",""," "
"iodo + iodeto de potássio","solução para uso tópico","20 mg/mL + 40 mg/mL","Insumos (BÁSICO)","","","H03CA",""," "
"isetionato de pentamidina","pó para solução injetável","300 mg","ESTRATÉGICO","","","P01CX01",""," "
"isoflavona-de-soja  (Glycine max (L.) Merr.)","cápsula","50 a 120 mg de isoflavonas (dose diária)","BÁSICO","","","NC",""," "
"isoflavona-de-soja  (Glycine max (L.) Merr.)","comprimido","50 a 120 mg de isoflavonas (dose diária)","BÁSICO","","","NC",""," "
"isoniazida","comprimido","100 mg","ESTRATÉGICO","","","J04AC01",""," "
"isoniazida","comprimido","300 mg","ESTRATÉGICO","","","J04AC01",""," "
"isotretinoína","cápsula","10 mg","ESPECIALIZADO","2","","D10BA01","","Grupo 2: medicamentos sob responsabilidade das secretarias de saúde dos estados e do Distrito Federal pelo financiamento, aquisição, programação, armazenamento, distribuição e dispensação para tratamento das doenças contempladas no âmbito do CEAF"
"isotretinoína","cápsula","20 mg","ESPECIALIZADO","2","","D10BA01","","Grupo 2: medicamentos sob responsabilidade das secretarias de saúde dos estados e do Distrito Federal pelo financiamento, aquisição, programação, armazenamento, distribuição e dispensação para tratamento das doenças contempladas no âmbito do CEAF"
"itraconazol","cápsula","100 mg","BÁSICO E ESTRATÉGICO","","","J02AC02",""," "
"itraconazol","solução oral","10 mg/mL","BÁSICO","","","J02AC02",""," "
"ivacaftor","comprimido","150 mg","ESPECIALIZADO","1A","","R07AX02","","Grupo 1A: medicamentos com aquisição centralizada pelo Ministério da Saúde e fornecidos às secretarias de saúde dos estados e Distrito Federal, sendo delas a responsabilidade pela programação, armazenamento, distribuição e dispensação para tratamento das doenças contempladas no âmbito do Componente Especializado da Assistência Farmacêutica."
"ivermectina","comprimido","6 mg","BÁSICO","","","P02CF01",""," "
"ixequizumabe","solução injetável","80 mg/mL","ESPECIALIZADO","1A","","L04AC13","","Grupo 1A: medicamentos com aquisição centralizada pelo Ministério da Saúde e fornecidos às secretarias de saúde dos estados e Distrito Federal, sendo delas a responsabilidade pela programação, armazenamento, distribuição e dispensação para tratamento das doenças contempladas no âmbito do Componente Especializado da Assistência Farmacêutica."
"lactato de biperideno","solução injetável","5 mg/mL","BÁSICO","","","N04AA02",""," "
"lactulose","xarope","667 mg/mL","BÁSICO","","","A06AD11",""," "
"lamivudina","comprimido","150 mg","ESTRATÉGICO","","","J05AF05",""," "
"lamivudina","solução oral","10 mg/mL","ESTRATÉGICO","","","J05AF05",""," "
"lamotrigina","comprimido","100 mg","ESPECIALIZADO","2","","N03AX09","","Grupo 2: medicamentos sob responsabilidade das secretarias de saúde dos estados e do Distrito Federal pelo financiamento, aquisição, programação, armazenamento, distribuição e dispensação para tratamento das doenças contempladas no âmbito do CEAF"
"lamotrigina","comprimido","25 mg","ESPECIALIZADO","2","","N03AX09","","Grupo 2: medicamentos sob responsabilidade das secretarias de saúde dos estados e do Distrito Federal pelo financiamento, aquisição, programação, armazenamento, distribuição e dispensação para tratamento das doenças contempladas no âmbito do CEAF"
"lamotrigina","comprimido","50 mg","ESPECIALIZADO","2","","N03AX09","","Grupo 2: medicamentos sob responsabilidade das secretarias de saúde dos estados e do Distrito Federal pelo financiamento, aquisição, programação, armazenamento, distribuição e dispensação para tratamento das doenças contempladas no âmbito do CEAF"
"lancetas para punção digital","unidade","-","Insumos (BÁSICO)","","","NC",""," "
"laronidase","solução injetável","0,58 mg/mL","ESPECIALIZADO","1A","","A16AB05","","Grupo 1A: medicamentos com aquisição centralizada pelo Ministério da Saúde e fornecidos às secretarias de saúde dos estados e Distrito Federal, sendo delas a responsabilidade pela programação, armazenamento, distribuição e dispensação para tratamento das doenças contempladas no âmbito do Componente Especializado da Assistência Farmacêutica."
"latanoprosta","solução oftálmica","0,05 mg/mL (0,005%)","ESPECIALIZADO","1A","","S01EE01","","Grupo 1A: medicamentos com aquisição centralizada pelo Ministério da Saúde e fornecidos às secretarias de saúde dos estados e Distrito Federal, sendo delas a responsabilidade pela programação, armazenamento, distribuição e dispensação para tratamento das doenças contempladas no âmbito do Componente Especializado da Assistência Farmacêutica."
"leflunomida","comprimido","20 mg","ESPECIALIZADO","1A","","L04AK01","","Grupo 1A: medicamentos com aquisição centralizada pelo Ministério da Saúde e fornecidos às secretarias de saúde dos estados e Distrito Federal, sendo delas a responsabilidade pela programação, armazenamento, distribuição e dispensação para tratamento das doenças contempladas no âmbito do Componente Especializado da Assistência Farmacêutica."
"letrozol","comprimido revestido","2,5 mg","ONCOLÓGICO","","DESCENTRALIZADO","L02BG04",""," "
"levetiracetam","comprimido","1.000 mg","ESPECIALIZADO","1A","","N03AX14","","Grupo 1A: medicamentos com aquisição centralizada pelo Ministério da Saúde e fornecidos às secretarias de saúde dos estados e Distrito Federal, sendo delas a responsabilidade pela programação, armazenamento, distribuição e dispensação para tratamento das doenças contempladas no âmbito do Componente Especializado da Assistência Farmacêutica."
"levetiracetam","comprimido","250 mg","ESPECIALIZADO","1A","","N03AX14","","Grupo 1A: medicamentos com aquisição centralizada pelo Ministério da Saúde e fornecidos às secretarias de saúde dos estados e Distrito Federal, sendo delas a responsabilidade pela programação, armazenamento, distribuição e dispensação para tratamento das doenças contempladas no âmbito do Componente Especializado da Assistência Farmacêutica."
"levetiracetam","comprimido","500 mg","ESPECIALIZADO","1A","","N03AX14","","Grupo 1A: medicamentos com aquisição centralizada pelo Ministério da Saúde e fornecidos às secretarias de saúde dos estados e Distrito Federal, sendo delas a responsabilidade pela programação, armazenamento, distribuição e dispensação para tratamento das doenças contempladas no âmbito do Componente Especializado da Assistência Farmacêutica."
"levetiracetam","comprimido","750 mg","ESPECIALIZADO","1A","","N03AX14","","Grupo 1A: medicamentos com aquisição centralizada pelo Ministério da Saúde e fornecidos às secretarias de saúde dos estados e Distrito Federal, sendo delas a responsabilidade pela programação, armazenamento, distribuição e dispensação para tratamento das doenças contempladas no âmbito do Componente Especializado da Assistência Farmacêutica."
"levetiracetam","solução oral","100 mg/mL","ESPECIALIZADO","1A","","N03AX14","","Grupo 1A: medicamentos com aquisição centralizada pelo Ministério da Saúde e fornecidos às secretarias de saúde dos estados e Distrito Federal, sendo delas a responsabilidade pela programação, armazenamento, distribuição e dispensação para tratamento das doenças contempladas no âmbito do Componente Especializado da Assistência Farmacêutica."
"levodopa + benserazida","cápsula","100 mg + 25 mg","BÁSICO","","","N04BA02",""," "
"levodopa + benserazida","comprimido","100 mg + 25 mg","BÁSICO","","","N04BA02",""," "
"levodopa + benserazida","comprimido","200 mg + 50 mg","BÁSICO","","","N04BA02",""," "
"levodopa + carbidopa","comprimido","200 mg + 50 mg","BÁSICO","","","N04BA02",""," "
"levodopa + carbidopa","comprimido","250 mg + 25 mg","BÁSICO","","","N04BA02",""," "
"levofloxacino","comprimido","250 mg","ESTRATÉGICO","","","J01MA12","Alerta"," "
"levofloxacino","comprimido","500 mg","ESTRATÉGICO","","","J01MA12","Alerta"," "
"levofloxacino","comprimido","750 mg","ESTRATÉGICO","","","J01MA12","Alerta"," "
"levonorgestrel","comprimido","0,75 mg","BÁSICO","","","G03AC03",""," "
"levonorgestrel","comprimido","1,5 mg","BÁSICO","","","G03AC03",""," "
"levonorgestrel","dispositivo Intrauterino (DIU)","52 mg","BÁSICO","","","G02BA03",""," "
"levotiroxina sódica","comprimido","100 mcg","BÁSICO","","","H03AA01",""," "
"levotiroxina sódica","comprimido","12,5 mcg","BÁSICO","","","H03AA01",""," "
"levotiroxina sódica","comprimido","25 mcg","BÁSICO","","","H03AA01",""," "
"levotiroxina sódica","comprimido","37,5 mcg","BÁSICO","","","H03AA01",""," "
"levotiroxina sódica","comprimido","50 mcg","BÁSICO","","","H03AA01",""," "
"lidocaína + epinefrina","solução injetável","2% + 1:100.000 (20mg + 10mcg/mL)","BÁSICO","","","N01BB52",""," "
"linezolida","comprimido","600 mg","ESTRATÉGICO","","","J01XX08","Reservado"," "
"linezolida","solução para infusão","2 mg/mL","ESTRATÉGICO","","","J01XX08","Reservado"," "
"lomustina","cápsula","10 mg","ONCOLÓGICO","","DESCENTRALIZADO","L01AD02",""," "
"lomustina","cápsula","40 mg","ONCOLÓGICO","","DESCENTRALIZADO","L01AD02",""," "
"lopinavir + ritonavir","comprimido","100 mg + 25 mg","ESTRATÉGICO","","","J05AR10",""," "
"lopinavir + ritonavir","comprimido","200 mg + 50 mg","ESTRATÉGICO","","","J05AR10",""," "
"lopinavir + ritonavir","solução oral","80 mg/mL + 20 mg/mL","ESTRATÉGICO","","","J05AR10",""," "
"loratadina","comprimido","10 mg","BÁSICO","","","R06AX13",""," "
"loratadina","xarope","1 mg/mL","BÁSICO","","","R06AX13",""," "
"losartana potássica","comprimido","50 mg","BÁSICO","","","C09CA01",""," "
"maleato de dexclorfeniramina","comprimido","2 mg","BÁSICO","","","R06AB02",""," "
"maleato de dexclorfeniramina","solução oral","0,4 mg/mL","BÁSICO","","","R06AB02",""," "
"maleato de dexclorfeniramina","xarope","0,4 mg/mL","BÁSICO","","","R06AB02",""," "
"maleato de enalapril","comprimido","10 mg","BÁSICO","","","C09AA02",""," "
"maleato de enalapril","comprimido","20 mg","BÁSICO","","","C09AA02",""," "
"maleato de enalapril","comprimido","5 mg","BÁSICO","","","C09AA02",""," "
"maleato de timolol","solução oftálmica","2,5 mg/mL (0,25%)","BÁSICO","","","S01ED01",""," "
"maleato de timolol","solução oftálmica","5 mg/mL (0,5%)","BÁSICO E ESPECIALIZADO","2","","S01ED01","","Grupo 2: medicamentos sob responsabilidade das secretarias de saúde dos estados e do Distrito Federal pelo financiamento, aquisição, programação, armazenamento, distribuição e dispensação para tratamento das doenças contempladas no âmbito do CEAF"
"maraviroque","comprimido","150 mg","ESTRATÉGICO","","","J05AX09",""," "
"medicamentos homeopáticos","Conforme Farmacopeia Homeopática Brasileira vigente","Conforme Farmacopeia Homeopática Brasileira vigente","BÁSICO","","","NC",""," "
"melfalana","comprimido revestido","2 mg","ONCOLÓGICO","","DESCENTRALIZADO","L01AA03",""," "
"melfalana","pó liofilizado para solução para infusão","50 mg","ONCOLÓGICO","","DESCENTRALIZADO","L01AA03",""," "
"mepolizumabe","pó para solução injetável","100 mg","ESPECIALIZADO","1B","","R03DX09","","Grupo 1B: medicamentos financiados pelo Ministério da Saúde mediante transferência de recursos financeiros para aquisição pelas secretarias de saúde dos estados e Distrito Federal sendo delas a responsabilidade pela programação, armazenamento, distribuição e dispensação para tratamento das doenças contempladas no âmbito do Componente Especializado da Assistência Farmacêutica."
"mepolizumabe","solução injetável","100 mg/mL","ESPECIALIZADO","1B","","R03DX09","","Grupo 1B: medicamentos financiados pelo Ministério da Saúde mediante transferência de recursos financeiros para aquisição pelas secretarias de saúde dos estados e Distrito Federal sendo delas a responsabilidade pela programação, armazenamento, distribuição e dispensação para tratamento das doenças contempladas no âmbito do Componente Especializado da Assistência Farmacêutica."
"mepolizumabe","solução injetável","40 mg/0,4 mL","ESPECIALIZADO","1B","","R03DX09","","Grupo 1B: medicamentos financiados pelo Ministério da Saúde mediante transferência de recursos financeiros para aquisição pelas secretarias de saúde dos estados e Distrito Federal sendo delas a responsabilidade pela programação, armazenamento, distribuição e dispensação para tratamento das doenças contempladas no âmbito do Componente Especializado da Assistência Farmacêutica."
"mercaptopurina","comprimido","50 mg","ONCOLÓGICO","","DESCENTRALIZADO","L01BB02",""," "
"mesalazina","comprimido","400 mg","ESPECIALIZADO","2","","A07EC02","","Grupo 2: medicamentos sob responsabilidade das secretarias de saúde dos estados e do Distrito Federal pelo financiamento, aquisição, programação, armazenamento, distribuição e dispensação para tratamento das doenças contempladas no âmbito do CEAF"
"mesalazina","comprimido","800 mg","ESPECIALIZADO","2","","A07EC02","","Grupo 2: medicamentos sob responsabilidade das secretarias de saúde dos estados e do Distrito Federal pelo financiamento, aquisição, programação, armazenamento, distribuição e dispensação para tratamento das doenças contempladas no âmbito do CEAF"
"mesalazina","comprimido de liberação prolongada","500 mg","ESPECIALIZADO","2","","A07EC02","","Grupo 2: medicamentos sob responsabilidade das secretarias de saúde dos estados e do Distrito Federal pelo financiamento, aquisição, programação, armazenamento, distribuição e dispensação para tratamento das doenças contempladas no âmbito do CEAF"
"mesalazina","enema","10 mg/mL","ESPECIALIZADO","2","","A07EC02","","Grupo 2: medicamentos sob responsabilidade das secretarias de saúde dos estados e do Distrito Federal pelo financiamento, aquisição, programação, armazenamento, distribuição e dispensação para tratamento das doenças contempladas no âmbito do CEAF"
"mesalazina","granulado revestido de liberação prolongada","2 g","ESPECIALIZADO","2","","A07EC02","","Grupo 2: medicamentos sob responsabilidade das secretarias de saúde dos estados e do Distrito Federal pelo financiamento, aquisição, programação, armazenamento, distribuição e dispensação para tratamento das doenças contempladas no âmbito do CEAF"
"mesalazina","supositório retal","1.000 mg","ESPECIALIZADO","2","","A07EC02","","Grupo 2: medicamentos sob responsabilidade das secretarias de saúde dos estados e do Distrito Federal pelo financiamento, aquisição, programação, armazenamento, distribuição e dispensação para tratamento das doenças contempladas no âmbito do CEAF"
"mesalazina","supositório retal","250 mg","ESPECIALIZADO","2","","A07EC02","","Grupo 2: medicamentos sob responsabilidade das secretarias de saúde dos estados e do Distrito Federal pelo financiamento, aquisição, programação, armazenamento, distribuição e dispensação para tratamento das doenças contempladas no âmbito do CEAF"
"mesalazina","supositório retal","500 mg","ESPECIALIZADO","2","","A07EC02","","Grupo 2: medicamentos sob responsabilidade das secretarias de saúde dos estados e do Distrito Federal pelo financiamento, aquisição, programação, armazenamento, distribuição e dispensação para tratamento das doenças contempladas no âmbito do CEAF"
"mesilato de desferroxamina","pó para solução injetável","500 mg","ESPECIALIZADO","1B","","V03AC01","","Grupo 1B: medicamentos financiados pelo Ministério da Saúde mediante transferência de recursos financeiros para aquisição pelas secretarias de saúde dos estados e Distrito Federal sendo delas a responsabilidade pela programação, armazenamento, distribuição e dispensação para tratamento das doenças contempladas no âmbito do Componente Especializado da Assistência Farmacêutica."
"mesilato de doxazosina","comprimido","2 mg","BÁSICO","","","C02CA04",""," "
"mesilato de doxazosina","comprimido","4 mg","BÁSICO","","","C02CA04",""," "
"mesilato de rasagilina","comprimido","1 mg","ESPECIALIZADO","1A","","N04BD02","","Grupo 1A: medicamentos com aquisição centralizada pelo Ministério da Saúde e fornecidos às secretarias de saúde dos estados e Distrito Federal, sendo delas a responsabilidade pela programação, armazenamento, distribuição e dispensação para tratamento das doenças contempladas no âmbito do Componente Especializado da Assistência Farmacêutica."
"metildopa ","comprimido","250 mg","BÁSICO","","","C02AB01",""," "
"metilsulfato de pralidoxima","solução injetável","200 mg","BÁSICO","","","V03AB04",""," "
"metotrexato","comprimido","2,5 mg","ESPECIALIZADO E ONCOLÓGICO","1A","DESCENTRALIZADO","L04AX03","","Grupo 1A: medicamentos com aquisição centralizada pelo Ministério da Saúde e fornecidos às secretarias de saúde dos estados e Distrito Federal, sendo delas a responsabilidade pela programação, armazenamento, distribuição e dispensação para tratamento das doenças contempladas no âmbito do Componente Especializado da Assistência Farmacêutica."
"metotrexato","solução injetável","100 mg/ml","ONCOLÓGICO","","DESCENTRALIZADO","L01BA01","","Apresentaçãoes de 5 mL, 10 mL e 50 mL                                                                                                                                         "
"metotrexato","solução injetável","25 mg/mL","ESPECIALIZADO E ONCOLÓGICO","1A","DESCENTRALIZADO","L04AX03","","Apresentações do Componente da Assistência Farmacêutica em Oncologia: 2 mL e 20 mL                                                                                                                Grupo 1A: medicamentos com aquisição centralizada pelo Ministério da Saúde e fornecidos às secretarias de saúde dos estados e Distrito Federal, sendo delas a responsabilidade pela programação, armazenamento, distribuição e dispensação para tratamento das doenças contempladas no âmbito do Componente Especializado da Assistência Farmacêutica.                                                                              "
"metronidazol","comprimido","250 mg","BÁSICO","","","J01XD01","Acesso"," "
"metronidazol","comprimido","400 mg","BÁSICO","","","J01XD01","Acesso"," "
"metronidazol","gel vaginal","100 mg/g (10%)","BÁSICO","","","G01AF01 ",""," "
"micofenolato de mofetila","comprimido","500 mg","ESPECIALIZADO E PROCEDIMENTO HOSPITALAR","1A","","L04AA06","","""PROCEDIMENTO HOSPITALAR"" não é um Componente de financiamento da Assistência Farmacêutica. Os medicamentos nele relacionados estão elencados no Procedimento ""06 - Medicamentos"" da tabela Sigtap e são financiados pelo bloco da Alta e Média Complexidade.                            Grupo 1A: medicamentos com aquisição centralizada pelo Ministério da Saúde e fornecidos às secretarias de saúde dos estados e Distrito Federal, sendo delas a responsabilidade pela programação, armazenamento, distribuição e dispensação para tratamento das doenças contempladas no âmbito do Componente Especializado da Assistência Farmacêutica."
"micofenolato de sódio","comprimido","180 mg","ESPECIALIZADO E PROCEDIMENTO HOSPITALAR","1A","","L04AA06","","""PROCEDIMENTO HOSPITALAR"" não é um Componente de financiamento da Assistência Farmacêutica. Os medicamentos nele relacionados estão elencados no Procedimento ""06 - Medicamentos"" da tabela Sigtap e são financiados pelo bloco da Alta e Média Complexidade.                            Grupo 1A: medicamentos com aquisição centralizada pelo Ministério da Saúde e fornecidos às secretarias de saúde dos estados e Distrito Federal, sendo delas a responsabilidade pela programação, armazenamento, distribuição e dispensação para tratamento das doenças contempladas no âmbito do Componente Especializado da Assistência Farmacêutica."
"micofenolato de sódio","comprimido","360 mg","ESPECIALIZADO E PROCEDIMENTO HOSPITALAR","1A","","L04AA06","","""PROCEDIMENTO HOSPITALAR"" não é um Componente de financiamento da Assistência Farmacêutica. Os medicamentos nele relacionados estão elencados no Procedimento ""06 - Medicamentos"" da tabela Sigtap e são financiados pelo bloco da Alta e Média Complexidade.                            Grupo 1A: medicamentos com aquisição centralizada pelo Ministério da Saúde e fornecidos às secretarias de saúde dos estados e Distrito Federal, sendo delas a responsabilidade pela programação, armazenamento, distribuição e dispensação para tratamento das doenças contempladas no âmbito do Componente Especializado da Assistência Farmacêutica."
"micronutrientes","pó","cada sachê de 1 g contém: vitamina A 400 mcg, vitamina D 5 mcg, vitamina E 5 mg, vitamina C 30 mg, vitamina B1 0,5 mg, vitamina B2 0,5 mg, vitamina B6 0,5 mg, vitamina PP 6 mg, vitamina B9 150 mcg, vitamina B12 0,9 mcg, ferro 10 mg, zinco 4,1 mg, cobre 560 mcg, selênio 17 mcg, iodo 90 mcg","ESTRATÉGICO","","","V06DX",""," "
"midazolam","solução oral","2 mg/mL","BÁSICO","","","N05CD08",""," "
"miglustate","cápsula","100 mg","ESPECIALIZADO","1A","","A16AX06 ","","Grupo 1A: medicamentos com aquisição centralizada pelo Ministério da Saúde e fornecidos às secretarias de saúde dos estados e Distrito Federal, sendo delas a responsabilidade pela programação, armazenamento, distribuição e dispensação para tratamento das doenças contempladas no âmbito do Componente Especializado da Assistência Farmacêutica."
"miltefosina","cápsula","10mg","ESTRATÉGICO","","","P01CX04",""," "
"miltefosina","cápsula","50mg","ESTRATÉGICO","","","P01CX04",""," "
"misoprostol","comprimido vaginal","200 mcg","BÁSICO","","","G02AD06",""," "
"misoprostol","comprimido vaginal","25 mcg","BÁSICO","","","G02AD06",""," "
"mononitrato de isossorbida","comprimido","20 mg","BÁSICO","","","C01DA14 ",""," "
"mononitrato de isossorbida","comprimido","40 mg","BÁSICO","","","C01DA14 ",""," "
"naproxeno","comprimido","250 mg","ESPECIALIZADO","2","","M01AE02","","Grupo 2: medicamentos sob responsabilidade das secretarias de saúde dos estados e do Distrito Federal pelo financiamento, aquisição, programação, armazenamento, distribuição e dispensação para tratamento das doenças contempladas no âmbito do CEAF"
"naproxeno","comprimido","500 mg","ESPECIALIZADO","2","","M01AE02","","Grupo 2: medicamentos sob responsabilidade das secretarias de saúde dos estados e do Distrito Federal pelo financiamento, aquisição, programação, armazenamento, distribuição e dispensação para tratamento das doenças contempladas no âmbito do CEAF"
"natalizumabe","solução injetável","20 mg/mL","ESPECIALIZADO","1A","","L04AG03","","Grupo 1A: medicamentos com aquisição centralizada pelo Ministério da Saúde e fornecidos às secretarias de saúde dos estados e Distrito Federal, sendo delas a responsabilidade pela programação, armazenamento, distribuição e dispensação para tratamento das doenças contempladas no âmbito do Componente Especializado da Assistência Farmacêutica."
"nevirapina","comprimido","200 mg","ESTRATÉGICO","","","J05AG01",""," "
"nevirapina","suspensão oral","10 mg/mL","ESTRATÉGICO","","","J05AG01",""," "
"nicotina","adesivo transdérmico","14 mg","ESTRATÉGICO","","","N07BA01",""," "
"nicotina","adesivo transdérmico","21 mg","ESTRATÉGICO","","","N07BA01",""," "
"nicotina","adesivo transdérmico","7 mg","ESTRATÉGICO","","","N07BA01",""," "
"nicotina","goma de mascar","2 mg","ESTRATÉGICO","","","N07BA01",""," "
"nicotina","pastilha","2 mg","ESTRATÉGICO","","","N07BA01",""," "
"nifedipino","cápsula","10 mg","BÁSICO","","","C08CA05",""," "
"nifedipino","comprimido","10 mg","BÁSICO","","","C08CA05",""," "
"nifurtimox","comprimido","120 mg","ESTRATÉGICO","","","P01CC01",""," "
"nilotinibe","cápsula gelatinosa dura","200 mg","ONCOLÓGICO","","CENTRALIZADO","L01EA03","","Portaria Conjunta SAES/SCTIE/MS nº 4, de 01/03/2021, aprova o PCDT de Leucemia Mieloide Crônica (LMC) em adultos."
"nirmatrelvir + ritonavir","comprimido","150 mg + 100 mg","ESTRATÉGICO","","","J05AE30 ",""," "
"nirsevimabe ","solução injetável","100 mg/mL","ESTRATÉGICO","","","J06BD08",""," "
"nistatina","suspensão oral","100.000 UI/mL","BÁSICO","","","A07AA02",""," "
"nitrato de miconazol","creme","2% (20 mg/g)","BÁSICO","","","D01AC02",""," "
"nitrato de miconazol","creme vaginal","2% (20 mg/g)","BÁSICO","","","G01AF04",""," "
"nitrato de miconazol","gel oral","2% (20 mg/g)","BÁSICO","","","A01AB09",""," "
"nitrato de miconazol","loção","2% (20 mg/g)","BÁSICO","","","D01AC02",""," "
"nitrato de miconazol","pó","2% (20 mg/g)","BÁSICO","","","D01AC02",""," "
"nitrofurantoína","cápsula","100 mg","BÁSICO","","","J01XE01 ","Acesso"," "
"nitrofurantoína","suspensão oral","5 mg/mL","BÁSICO","","","J01XE01 ","Acesso"," "
"noretisterona","comprimido","0,35 mg","BÁSICO","","","G03AC01",""," "
"nusinersena","solução injetável","2,4 mg/mL","ESPECIALIZADO","1A","","M09AX07","","Grupo 1A: medicamentos com aquisição centralizada pelo Ministério da Saúde e fornecidos às secretarias de saúde dos estados e Distrito Federal, sendo delas a responsabilidade pela programação, armazenamento, distribuição e dispensação para tratamento das doenças contempladas no âmbito do Componente Especializado da Assistência Farmacêutica."
"ofloxacino","comprimido","400 mg","ESTRATÉGICO","","","J01MA01","Alerta"," "
"olanzapina","comprimido","10 mg","ESPECIALIZADO","1A","","N05AH03","","Grupo 1A: medicamentos com aquisição centralizada pelo Ministério da Saúde e fornecidos às secretarias de saúde dos estados e Distrito Federal, sendo delas a responsabilidade pela programação, armazenamento, distribuição e dispensação para tratamento das doenças contempladas no âmbito do Componente Especializado da Assistência Farmacêutica."
"olanzapina","comprimido","5 mg","ESPECIALIZADO","1A","","N05AH03","","Grupo 1A: medicamentos com aquisição centralizada pelo Ministério da Saúde e fornecidos às secretarias de saúde dos estados e Distrito Federal, sendo delas a responsabilidade pela programação, armazenamento, distribuição e dispensação para tratamento das doenças contempladas no âmbito do Componente Especializado da Assistência Farmacêutica."
"óleo mineral","óleo para uso oral","-","BÁSICO","","","A06AA01",""," "
"omalizumabe","pó para solução injetável","150 mg","ESPECIALIZADO","1B","","R03DX05","","Grupo 1B: medicamentos financiados pelo Ministério da Saúde mediante transferência de recursos financeiros para aquisição pelas secretarias de saúde dos estados e Distrito Federal sendo delas a responsabilidade pela programação, armazenamento, distribuição e dispensação para tratamento das doenças contempladas no âmbito do Componente Especializado da Assistência Farmacêutica."
"omalizumabe","solução injetável","150 mg","ESPECIALIZADO","1B","","R03DX05","","Grupo 1B: medicamentos financiados pelo Ministério da Saúde mediante transferência de recursos financeiros para aquisição pelas secretarias de saúde dos estados e Distrito Federal sendo delas a responsabilidade pela programação, armazenamento, distribuição e dispensação para tratamento das doenças contempladas no âmbito do Componente Especializado da Assistência Farmacêutica."
"omalizumabe","solução injetável","75 mg/mL","ESPECIALIZADO","1B","","R03DX05","","Grupo 1B: medicamentos financiados pelo Ministério da Saúde mediante transferência de recursos financeiros para aquisição pelas secretarias de saúde dos estados e Distrito Federal sendo delas a responsabilidade pela programação, armazenamento, distribuição e dispensação para tratamento das doenças contempladas no âmbito do Componente Especializado da Assistência Farmacêutica."
"omeprazol","cápsula","10 mg","BÁSICO","","","A02BC01 ",""," "
"omeprazol","cápsula","20 mg","BÁSICO","","","A02BC01 ",""," "
"onasemnogeno abeparvoveque ","suspensão injetável","2,0 x 1013 gv/mL","ESPECIALIZADO","1A","","M09AX09","","Grupo 1A: medicamentos com aquisição centralizada pelo Ministério da Saúde e fornecidos às secretarias de saúde dos estados e Distrito Federal, sendo delas a responsabilidade pela programação, armazenamento, distribuição e dispensação para tratamento das doenças contempladas no âmbito do Componente Especializado da Assistência Farmacêutica."
"oxaliplatina","pó liofilizado para solução injetável","100 mg","ONCOLÓGICO","","DESCENTRALIZADO","L01XA03",""," "
"oxaliplatina","pó liofilizado para solução injetável","50 mg","ONCOLÓGICO","","DESCENTRALIZADO","L01XA03",""," "
"oxaliplatina","solução injetável","5 mg/ml","ONCOLÓGICO","","DESCENTRALIZADO","L01XA03","","Apresentações de 10 mL, 20 mL e 40 mL                                                                                                                                "
"paclitaxel","solução injetável","6mg/ml","ONCOLÓGICO","","DESCENTRALIZADO","
L01EF01","","Apresentações de 5 mL, 16,7 mL, 25 mL e 50 mL                                                                                                                   "
"palbociclibe","cápsula","100 mg","ONCOLÓGICO","","DESCENTRALIZADO","
L01EF01","","Relatório de Recomendação da CONITEC Nº 678 de Novembro/2021 - Incorporação da classe inibidores de ciclinas (abemaciclibe, palbociclibe e succinato de ribociclibe) para o tratamento do câncer de mama avançado ou metastático com HR+ e HER2 negativo
Portaria SAES/SECTICS nº 17, de 25 de novembro de 2024, aprova o novo Protocolo Clínico e Diretrizes Terapêuticas (PCDT) para o Câncer de Mama"
"palbociclibe","cápsula","125 mg","ONCOLÓGICO","","DESCENTRALIZADO","
L01EF01","","Relatório de Recomendação da CONITEC Nº 678 de Novembro/2021 - Incorporação da classe inibidores de ciclinas (abemaciclibe, palbociclibe e succinato de ribociclibe) para o tratamento do câncer de mama avançado ou metastático com HR+ e HER2 negativo
Portaria SAES/SECTICS nº 17, de 25 de novembro de 2024, aprovou o novo Protocolo Clínico e Diretrizes Terapêuticas (PCDT) para o Câncer de Mama"
"palbociclibe","cápsula","75 mg","ONCOLÓGICO","","DESCENTRALIZADO","
L01EF01","","Relatório de Recomendação da CONITEC Nº 678 de Novembro/2021 - Incorporação da classe inibidores de ciclinas (abemaciclibe, palbociclibe e succinato de ribociclibe) para o tratamento do câncer de mama avançado ou metastático com HR+ e HER2 negativo
Portaria SAES/SECTICS nº 17, de 25 de novembro de 2024, aprova o novo Protocolo Clínico e Diretrizes Terapêuticas (PCDT) para o Câncer de Mama"
"palivizumabe","solução injetável","100 mg/mL (frasco de 0,5 mL e 1 mL)","ESTRATÉGICO","","","J06BD01 ",""," "
"palmitato de retinol","cápsula","100.000 UI","ESTRATÉGICO","","","A11CA01",""," "
"palmitato de retinol","cápsula","200.000 UI ","ESTRATÉGICO","","","A11CA01",""," "
"palmitato de retinol","solução oral","150.000 UI/mL","BÁSICO","","","A11CA01",""," "
"pamidronato dissódico","pó para solução injetável","60 mg","ESPECIALIZADO","2","","M05BA03","","Grupo 2: medicamentos sob responsabilidade das secretarias de saúde dos estados e do Distrito Federal pelo financiamento, aquisição, programação, armazenamento, distribuição e dispensação para tratamento das doenças contempladas no âmbito do CEAF"
"pamoato de pasireotida","pó para suspensão injetável","40 mg","ESPECIALIZADO","1A","","H01CB05","","Grupo 1A: medicamentos com aquisição centralizada pelo Ministério da Saúde e fornecidos às secretarias de saúde dos estados e Distrito Federal, sendo delas a responsabilidade pela programação, armazenamento, distribuição e dispensação para tratamento das doenças contempladas no âmbito do Componente Especializado da Assistência Farmacêutica."
"pamoato de pasireotida","pó para suspensão injetável","60 mg","ESPECIALIZADO","1A","","H01CB05","","Grupo 1A: medicamentos com aquisição centralizada pelo Ministério da Saúde e fornecidos às secretarias de saúde dos estados e Distrito Federal, sendo delas a responsabilidade pela programação, armazenamento, distribuição e dispensação para tratamento das doenças contempladas no âmbito do Componente Especializado da Assistência Farmacêutica."
"pamoato de pasireotida","solução injetável","20 mg","ESPECIALIZADO","1A","","H01CB05","","Grupo 1A: medicamentos com aquisição centralizada pelo Ministério da Saúde e fornecidos às secretarias de saúde dos estados e Distrito Federal, sendo delas a responsabilidade pela programação, armazenamento, distribuição e dispensação para tratamento das doenças contempladas no âmbito do Componente Especializado da Assistência Farmacêutica."
"pancreatina","cápsula","10.000 UI","ESPECIALIZADO","1B","","A09AA02","","Grupo 1B: medicamentos financiados pelo Ministério da Saúde mediante transferência de recursos financeiros para aquisição pelas secretarias de saúde dos estados e Distrito Federal sendo delas a responsabilidade pela programação, armazenamento, distribuição e dispensação para tratamento das doenças contempladas no âmbito do Componente Especializado da Assistência Farmacêutica."
"pancreatina","cápsula","25.000 UI","ESPECIALIZADO","1B","","A09AA02","","Grupo 1B: medicamentos financiados pelo Ministério da Saúde mediante transferência de recursos financeiros para aquisição pelas secretarias de saúde dos estados e Distrito Federal sendo delas a responsabilidade pela programação, armazenamento, distribuição e dispensação para tratamento das doenças contempladas no âmbito do Componente Especializado da Assistência Farmacêutica."
"paracetamol","comprimido","500 mg","BÁSICO","","","N02BE01",""," "
"paracetamol","solução oral","200 mg/mL","BÁSICO","","","N02BE01",""," "
"paricalcitol","solução injetável","5 mcg/mL","ESPECIALIZADO","1A","","H05BX02","","Grupo 1A: medicamentos com aquisição centralizada pelo Ministério da Saúde e fornecidos às secretarias de saúde dos estados e Distrito Federal, sendo delas a responsabilidade pela programação, armazenamento, distribuição e dispensação para tratamento das doenças contempladas no âmbito do Componente Especializado da Assistência Farmacêutica."
"pasta de óxido de zinco (FN)","pasta","250 mg/g (25%)","BÁSICO","","","D02AB",""," "
"pemetrexede","pó liofilizado para solução injetável","100 mg","ONCOLÓGICO","","DESCENTRALIZADO","L01BA04",""," "
"pemetrexede","pó liofilizado para solução injetável","500 mg","ONCOLÓGICO","","DESCENTRALIZADO","L01BA04",""," "
"pemetrexede","solução para diluição para infusão","25 mg/mL","ONCOLÓGICO","","DESCENTRALIZADO","L01BA04","","Apresentações de 4 mL e 20 mL                                                                                                                                              "
"penicilamina","cápsula","250 mg","ESPECIALIZADO","1B","","M01CC01","","Grupo 1B: medicamentos financiados pelo Ministério da Saúde mediante transferência de recursos financeiros para aquisição pelas secretarias de saúde dos estados e Distrito Federal sendo delas a responsabilidade pela programação, armazenamento, distribuição e dispensação para tratamento das doenças contempladas no âmbito do Componente Especializado da Assistência Farmacêutica."
"pentoxifilina","comprimido de liberação prolongada","400 mg","ESTRATÉGICO","","","C04AD03",""," "
"permanganato de potássio","comprimido para uso tópico","100 mg","BÁSICO","","","D08AX06",""," "
"permanganato de potássio","pó","100 mg (FN)","BÁSICO","","","D08AX06",""," "
"permetrina","loção","10 mg/g (1%) 
10 mg/mL (1%)","BÁSICO","","","P03AC04",""," "
"permetrina","loção","50 mg/g (5%) 
50 mg/mL (5%)","BÁSICO","","","P03AC04",""," "
"peróxido de benzoíla (FN)","gel","25 mg/g (2,5%)","BÁSICO","","","D10AE01",""," "
"peróxido de benzoíla (FN)","gel","50 mg/g (5%)","BÁSICO","","","D10AE01",""," "
"pertuzumabe","solução para diluição para infusão","420 mg","ONCOLÓGICO","","CENTRALIZADO","L01FD02","","Apresentação de 14 mL.                                                                                                                                                           ""Relatório de Recomendação da CONITEC Nº 319 de Dezembro/2017 - Tratamento do câncer de mama HER2-positivo metastático em primeira linha de tratamento.
Portaria SAES/SECTICS nº 17, de 25 de novembro de 2024, aprova o novo Protocolo Clínico e Diretrizes Terapêuticas (PCDT) para o Câncer de Mama"".
                                                                                                                                                              "
"pirazinamida","comprimido","500 mg","ESTRATÉGICO","","","J04AK01",""," "
"pirazinamida","comprimido dispersível","150 mg","ESTRATÉGICO","","","J04AK01",""," "
"pirazinamida","suspensão oral","30 mg/mL (3%)","ESTRATÉGICO","","","J04AK01",""," "
"pirimetamina","comprimido","25 mg","ESTRATÉGICO","","","P01BD01",""," "
"plantago  (Plantago ovata   Forssk.)","pó para dispersão oral","3 a 30 g (dose diária)","BÁSICO","","","A06AC9001*","","O código ATC atribuído aos fitoterápicos refere-se ao índice Herbal ATC que, embora adote uma classificação semelhante à utilizada para os demais medicamentos, inclui caracteres adicionais nos códigos para indicar as especificidades dos fitoterápicos."
"podofilina (FN)","solução para uso tópico","100 mg/mL (10%) a 250 mg/mL (25%) ","BÁSICO","","","D11AF",""," "
"podofilotoxina","creme","1,5 mg/g","BÁSICO","","","D06BB04",""," "
"pravastatina sódica","comprimido","10 mg","ESPECIALIZADO","2","","C10AA03","","Grupo 2: medicamentos sob responsabilidade das secretarias de saúde dos estados e do Distrito Federal pelo financiamento, aquisição, programação, armazenamento, distribuição e dispensação para tratamento das doenças contempladas no âmbito do CEAF"
"pravastatina sódica","comprimido","20 mg","ESPECIALIZADO","2","","C10AA03","","Grupo 2: medicamentos sob responsabilidade das secretarias de saúde dos estados e do Distrito Federal pelo financiamento, aquisição, programação, armazenamento, distribuição e dispensação para tratamento das doenças contempladas no âmbito do CEAF"
"pravastatina sódica","comprimido","40 mg","ESPECIALIZADO","2","","C10AA03","","Grupo 2: medicamentos sob responsabilidade das secretarias de saúde dos estados e do Distrito Federal pelo financiamento, aquisição, programação, armazenamento, distribuição e dispensação para tratamento das doenças contempladas no âmbito do CEAF"
"praziquantel","comprimido","600 mg","ESTRATÉGICO","","","P02BA01",""," "
"prednisona","comprimido","20 mg","BÁSICO E ESTRATÉGICO","","","H02AB07",""," "
"prednisona","comprimido","5 mg","BÁSICO E ESTRATÉGICO","","","H02AB07",""," "
"preservativo externo","160 mm x 49 mm","-","Insumos (ESTRATÉGICO)","","","NC",""," "
"preservativo externo","160 mm x 52 mm","-","Insumos (ESTRATÉGICO)","","","NC",""," "
"preservativo interno","até 20 cm","-","Insumos (ESTRATÉGICO)","","","NC",""," "
"pretomanida","comprimido","200 mg","ESTRATÉGICO","","","J04AK08",""," "
"primidona","comprimido","100 mg","ESPECIALIZADO","2","","N03AA03","","Grupo 2: medicamentos sob responsabilidade das secretarias de saúde dos estados e do Distrito Federal pelo financiamento, aquisição, programação, armazenamento, distribuição e dispensação para tratamento das doenças contempladas no âmbito do CEAF"
"primidona","comprimido","250 mg","ESPECIALIZADO","2","","N03AA03","","Grupo 2: medicamentos sob responsabilidade das secretarias de saúde dos estados e do Distrito Federal pelo financiamento, aquisição, programação, armazenamento, distribuição e dispensação para tratamento das doenças contempladas no âmbito do CEAF"
"propiltiouracila","comprimido","100 mg","BÁSICO","","","H03BA02",""," "
"propionato de clobetasol","creme","0,5 mg/g","ESPECIALIZADO","2","","D07AD01","","Grupo 2: medicamentos sob responsabilidade das secretarias de saúde dos estados e do Distrito Federal pelo financiamento, aquisição, programação, armazenamento, distribuição e dispensação para tratamento das doenças contempladas no âmbito do CEAF"
"propionato de clobetasol","solução capilar","0,5 mg/g","ESPECIALIZADO","2","","D07AD01","","Grupo 2: medicamentos sob responsabilidade das secretarias de saúde dos estados e do Distrito Federal pelo financiamento, aquisição, programação, armazenamento, distribuição e dispensação para tratamento das doenças contempladas no âmbito do CEAF"
"raltegravir potássico","comprimido","400 mg","ESTRATÉGICO","","","J05AJ01 ",""," "
"raltegravir potássico","comprimido mastigável","100 mg","ESTRATÉGICO","","","J05AJ01 ",""," "
"raltegravir potássico","granulado para suspensão oral","100 mg","ESTRATÉGICO","","","J05AJ01 ",""," "
"ravulizumabe","solução para diluição para infusão","100 mg/mL","ESPECIALIZADO","1A","","L04AJ02","","Grupo 1A: medicamentos com aquisição centralizada pelo Ministério da Saúde e fornecidos às secretarias de saúde dos estados e Distrito Federal, sendo delas a responsabilidade pela programação, armazenamento, distribuição e dispensação para tratamento das doenças contempladas no âmbito do Componente Especializado da Assistência Farmacêutica."
"ribavirina","cápsula","250 mg","ESTRATÉGICO","","","J05AP01 ",""," "
"rifabutina","cápsula","150 mg","ESTRATÉGICO","","","J04AB04","Alerta"," "
"rifampicina","cápsula","150 mg*","ESTRATÉGICO","","","J04AB02 e J04BA51","Alerta","* Disponível apenas no blíster da Poliquimioterapia Única – PQT-U, com outros medicamentos, para o esquema de tratamento da hanseníase"
"rifampicina","cápsula","300 mg*","BÁSICO E ESTRATÉGICO","","","J04AB02 e J04BA51","Alerta","* Disponível apenas no blíster da Poliquimioterapia Única – PQT-U, com outros medicamentos, para o esquema de tratamento da hanseníase"
"rifampicina","suspensão oral","20mg/mL","ESTRATÉGICO","","","J04AB02","Alerta"," "
"rifampicina + isoniazida","comprimido","150 mg + 75 mg","ESTRATÉGICO","","","J04AM02","Alerta"," "
"rifampicina + isoniazida","comprimido","300 mg + 150 mg","ESTRATÉGICO","","","J04AM02","Alerta"," "
"rifampicina + isoniazida","comprimidos dispersíveis","75 mg + 50 mg","ESTRATÉGICO","","","J04AM02","Alerta"," "
"rifampicina + isoniazida + pirazinamida","comprimidos dispersíveis","75 mg + 50 mg + 150 mg","ESTRATÉGICO","","","J04AM05","Alerta"," "
"rifampicina + isoniazida + pirazinamida + cloridrato de etambutol","comprimido","150 mg + 75 mg + 400 mg + 275 mg","ESTRATÉGICO","","","J04AM06","Alerta"," "
"rifapentina","comprimido","150 mg","ESTRATÉGICO","","","J04AB05",""," "
"rifapentina + isoniazida","comprimido","300 mg + 300 mg","ESTRATÉGICO","","","J04AB05",""," "
"riluzol","comprimido","50 mg","ESPECIALIZADO","1A","","N07XX02","","Grupo 1A: medicamentos com aquisição centralizada pelo Ministério da Saúde e fornecidos às secretarias de saúde dos estados e Distrito Federal, sendo delas a responsabilidade pela programação, armazenamento, distribuição e dispensação para tratamento das doenças contempladas no âmbito do Componente Especializado da Assistência Farmacêutica."
"risanquizumabe ","solução injetável","150 mg/mL","ESPECIALIZADO","1A","","L04AC18","","Grupo 1A: medicamentos com aquisição centralizada pelo Ministério da Saúde e fornecidos às secretarias de saúde dos estados e Distrito Federal, sendo delas a responsabilidade pela programação, armazenamento, distribuição e dispensação para tratamento das doenças contempladas no âmbito do Componente Especializado da Assistência Farmacêutica."
"risanquizumabe ","solução injetável","75 mg","ESPECIALIZADO","1A","","L04AC18","","Grupo 1A: medicamentos com aquisição centralizada pelo Ministério da Saúde e fornecidos às secretarias de saúde dos estados e Distrito Federal, sendo delas a responsabilidade pela programação, armazenamento, distribuição e dispensação para tratamento das doenças contempladas no âmbito do Componente Especializado da Assistência Farmacêutica."
"risdiplam","pó para solução oral","0,75 mg/mL","ESPECIALIZADO","1A","","M09AX10","","Grupo 1A: medicamentos com aquisição centralizada pelo Ministério da Saúde e fornecidos às secretarias de saúde dos estados e Distrito Federal, sendo delas a responsabilidade pela programação, armazenamento, distribuição e dispensação para tratamento das doenças contempladas no âmbito do Componente Especializado da Assistência Farmacêutica."
"risedronato sódico","comprimido","35 mg","ESPECIALIZADO","2","","M05BA07","","Grupo 2: medicamentos sob responsabilidade das secretarias de saúde dos estados e do Distrito Federal pelo financiamento, aquisição, programação, armazenamento, distribuição e dispensação para tratamento das doenças contempladas no âmbito do CEAF"
"risperidona","comprimido","1 mg","ESPECIALIZADO","1B","","N05AX08","","Grupo 1B: medicamentos financiados pelo Ministério da Saúde mediante transferência de recursos financeiros para aquisição pelas secretarias de saúde dos estados e Distrito Federal sendo delas a responsabilidade pela programação, armazenamento, distribuição e dispensação para tratamento das doenças contempladas no âmbito do Componente Especializado da Assistência Farmacêutica."
"risperidona","comprimido","2 mg","ESPECIALIZADO","1B","","N05AX08","","Grupo 1B: medicamentos financiados pelo Ministério da Saúde mediante transferência de recursos financeiros para aquisição pelas secretarias de saúde dos estados e Distrito Federal sendo delas a responsabilidade pela programação, armazenamento, distribuição e dispensação para tratamento das doenças contempladas no âmbito do Componente Especializado da Assistência Farmacêutica."
"risperidona","comprimido","3 mg","ESPECIALIZADO","1B","","N05AX08","","Grupo 1B: medicamentos financiados pelo Ministério da Saúde mediante transferência de recursos financeiros para aquisição pelas secretarias de saúde dos estados e Distrito Federal sendo delas a responsabilidade pela programação, armazenamento, distribuição e dispensação para tratamento das doenças contempladas no âmbito do Componente Especializado da Assistência Farmacêutica."
"risperidona","solução oral","1 mg/mL","ESPECIALIZADO","1B","","N05AX08","","Grupo 1B: medicamentos financiados pelo Ministério da Saúde mediante transferência de recursos financeiros para aquisição pelas secretarias de saúde dos estados e Distrito Federal sendo delas a responsabilidade pela programação, armazenamento, distribuição e dispensação para tratamento das doenças contempladas no âmbito do Componente Especializado da Assistência Farmacêutica."
"ritonavir","comprimido","100 mg","ESTRATÉGICO","","","J05AE03",""," "
"rituximabe","solução para diluição para infusão","10 mg/mL","ESPECIALIZADO E ONCOLÓGICO","1A","CENTRALIZADO","L01FA01","","Apresentações do Componente da Assistência Farmacêutica em Oncologia: 10 mL e 50 mL.                                                                 ""Relatório de Recomendação CONITEC Nº 81 de Setembro/2013 - Tratamento de linfoma não Hodgkin de células B, folicular, CD20 positivo, na quimioterapia de primeira linha e de segunda linha (tratamento de indução) nos casos que não receberam o tratamento prévio com rituximabe.
Portaria Nº 956, DE 26 DE SETEMBRO DE 2014. Aprova o Protocolo Clínico e Diretrizes Terapêuticas do Linfoma Difuso de 
Grandes Células B.""
                                                                                                                                  Grupo 1A: medicamentos com aquisição centralizada pelo Ministério da Saúde e fornecidos às secretarias de saúde dos estados e Distrito Federal, sendo delas a responsabilidade pela programação, armazenamento, distribuição e dispensação para tratamento das doenças contempladas no âmbito do Componente Especializado da Assistência Farmacêutica."
"rivastigmina","adesivo transdérmico","18 mg","ESPECIALIZADO","1A","","N06DA03","","Grupo 1A: medicamentos com aquisição centralizada pelo Ministério da Saúde e fornecidos às secretarias de saúde dos estados e Distrito Federal, sendo delas a responsabilidade pela programação, armazenamento, distribuição e dispensação para tratamento das doenças contempladas no âmbito do Componente Especializado da Assistência Farmacêutica."
"rivastigmina","adesivo transdérmico","9 mg","ESPECIALIZADO","1A","","N06DA03","","Grupo 1A: medicamentos com aquisição centralizada pelo Ministério da Saúde e fornecidos às secretarias de saúde dos estados e Distrito Federal, sendo delas a responsabilidade pela programação, armazenamento, distribuição e dispensação para tratamento das doenças contempladas no âmbito do Componente Especializado da Assistência Farmacêutica."
"rivastigmina","cápsula","1,5 mg","ESPECIALIZADO","1A","","N06DA03","","Grupo 1A: medicamentos com aquisição centralizada pelo Ministério da Saúde e fornecidos às secretarias de saúde dos estados e Distrito Federal, sendo delas a responsabilidade pela programação, armazenamento, distribuição e dispensação para tratamento das doenças contempladas no âmbito do Componente Especializado da Assistência Farmacêutica."
"rivastigmina","cápsula","3 mg","ESPECIALIZADO","1A","","N06DA03","","Grupo 1A: medicamentos com aquisição centralizada pelo Ministério da Saúde e fornecidos às secretarias de saúde dos estados e Distrito Federal, sendo delas a responsabilidade pela programação, armazenamento, distribuição e dispensação para tratamento das doenças contempladas no âmbito do Componente Especializado da Assistência Farmacêutica."
"rivastigmina","cápsula","4,5 mg","ESPECIALIZADO","1A","","N06DA03","","Grupo 1A: medicamentos com aquisição centralizada pelo Ministério da Saúde e fornecidos às secretarias de saúde dos estados e Distrito Federal, sendo delas a responsabilidade pela programação, armazenamento, distribuição e dispensação para tratamento das doenças contempladas no âmbito do Componente Especializado da Assistência Farmacêutica."
"rivastigmina","cápsula","6 mg","ESPECIALIZADO","1A","","N06DA03","","Grupo 1A: medicamentos com aquisição centralizada pelo Ministério da Saúde e fornecidos às secretarias de saúde dos estados e Distrito Federal, sendo delas a responsabilidade pela programação, armazenamento, distribuição e dispensação para tratamento das doenças contempladas no âmbito do Componente Especializado da Assistência Farmacêutica."
"rivastigmina","solução oral","2 mg/mL","ESPECIALIZADO","1B","","N06DA03","","Grupo 1B: medicamentos financiados pelo Ministério da Saúde mediante transferência de recursos financeiros para aquisição pelas secretarias de saúde dos estados e Distrito Federal sendo delas a responsabilidade pela programação, armazenamento, distribuição e dispensação para tratamento das doenças contempladas no âmbito do Componente Especializado da Assistência Farmacêutica."
"romiplostim","solução injetável","250 mcg","ESPECIALIZADO","1B","","B02BX04","","Grupo 1B: medicamentos financiados pelo Ministério da Saúde mediante transferência de recursos financeiros para aquisição pelas secretarias de saúde dos estados e Distrito Federal sendo delas a responsabilidade pela programação, armazenamento, distribuição e dispensação para tratamento das doenças contempladas no âmbito do Componente Especializado da Assistência Farmacêutica."
"romosozumabe","solução injetável","90 mg/mL","ESPECIALIZADO","1A","","M05BX06","","Grupo 1A: medicamentos com aquisição centralizada pelo Ministério da Saúde e fornecidos às secretarias de saúde dos estados e Distrito Federal, sendo delas a responsabilidade pela programação, armazenamento, distribuição e dispensação para tratamento das doenças contempladas no âmbito do Componente Especializado da Assistência Farmacêutica."
"sacarato de hidróxido férrico","solução injetável","20 mg/mL","ESPECIALIZADO","1B","","B03AB02","","Grupo 1B: medicamentos financiados pelo Ministério da Saúde mediante transferência de recursos financeiros para aquisição pelas secretarias de saúde dos estados e Distrito Federal sendo delas a responsabilidade pela programação, armazenamento, distribuição e dispensação para tratamento das doenças contempladas no âmbito do Componente Especializado da Assistência Farmacêutica."
"sacubitril valsartana sódica hidratada","comprimido","100 mg","ESPECIALIZADO","1B","","C09DX04","","Grupo 1B: medicamentos financiados pelo Ministério da Saúde mediante transferência de recursos financeiros para aquisição pelas secretarias de saúde dos estados e Distrito Federal sendo delas a responsabilidade pela programação, armazenamento, distribuição e dispensação para tratamento das doenças contempladas no âmbito do Componente Especializado da Assistência Farmacêutica."
"sacubitril valsartana sódica hidratada","comprimido","200 mg","ESPECIALIZADO","1B","","C09DX04","","Grupo 1B: medicamentos financiados pelo Ministério da Saúde mediante transferência de recursos financeiros para aquisição pelas secretarias de saúde dos estados e Distrito Federal sendo delas a responsabilidade pela programação, armazenamento, distribuição e dispensação para tratamento das doenças contempladas no âmbito do Componente Especializado da Assistência Farmacêutica."
"sacubitril valsartana sódica hidratada","comprimido","50 mg","ESPECIALIZADO","1B","","C09DX04","","Grupo 1B: medicamentos financiados pelo Ministério da Saúde mediante transferência de recursos financeiros para aquisição pelas secretarias de saúde dos estados e Distrito Federal sendo delas a responsabilidade pela programação, armazenamento, distribuição e dispensação para tratamento das doenças contempladas no âmbito do Componente Especializado da Assistência Farmacêutica."
"sais para reidratação oral","pó para solução oral","cloreto de sódio, glicose anidra, cloreto de potássio, citrato de sódio diidratado","BÁSICO","","","A07CA",""," "
"salgueiro  (Salix alba L.)","comprimido","60 a 240 mg de salicina (dose diária)","BÁSICO","","","N02BA5008*","","O código ATC atribuído aos fitoterápicos refere-se ao índice Herbal ATC que, embora adote uma classificação semelhante à utilizada para os demais medicamentos, inclui caracteres adicionais nos códigos para indicar as especificidades dos fitoterápicos."
"salgueiro (Salix alba  L.)","elixir","60 a 240 mg de salicina (dose diária)","BÁSICO","","","N02BA5008*","","O código ATC atribuído aos fitoterápicos refere-se ao índice Herbal ATC que, embora adote uma classificação semelhante à utilizada para os demais medicamentos, inclui caracteres adicionais nos códigos para indicar as especificidades dos fitoterápicos."
"salgueiro (Salix alba L.)","solução oral","60 a 240 mg de salicina (dose diária)","BÁSICO","","","N02BA5008*","","O código ATC atribuído aos fitoterápicos refere-se ao índice Herbal ATC que, embora adote uma classificação semelhante à utilizada para os demais medicamentos, inclui caracteres adicionais nos códigos para indicar as especificidades dos fitoterápicos."
"secuquinumabe","solução injetável","150 mg/mL","ESPECIALIZADO","1A","","L04AC10","","Grupo 1A: medicamentos com aquisição centralizada pelo Ministério da Saúde e fornecidos às secretarias de saúde dos estados e Distrito Federal, sendo delas a responsabilidade pela programação, armazenamento, distribuição e dispensação para tratamento das doenças contempladas no âmbito do Componente Especializado da Assistência Farmacêutica."
"selexipague","comprimido","1.000 mcg","ESPECIALIZADO","1B","","B01AC27","","Grupo 1B: medicamentos financiados pelo Ministério da Saúde mediante transferência de recursos financeiros para aquisição pelas secretarias de saúde dos estados e Distrito Federal sendo delas a responsabilidade pela programação, armazenamento, distribuição e dispensação para tratamento das doenças contempladas no âmbito do Componente Especializado da Assistência Farmacêutica."
"selexipague","comprimido","1.200 mcg","ESPECIALIZADO","1B","","B01AC27","","Grupo 1B: medicamentos financiados pelo Ministério da Saúde mediante transferência de recursos financeiros para aquisição pelas secretarias de saúde dos estados e Distrito Federal sendo delas a responsabilidade pela programação, armazenamento, distribuição e dispensação para tratamento das doenças contempladas no âmbito do Componente Especializado da Assistência Farmacêutica."
"selexipague","comprimido","1.400 mcg","ESPECIALIZADO","1B","","B01AC27","","Grupo 1B: medicamentos financiados pelo Ministério da Saúde mediante transferência de recursos financeiros para aquisição pelas secretarias de saúde dos estados e Distrito Federal sendo delas a responsabilidade pela programação, armazenamento, distribuição e dispensação para tratamento das doenças contempladas no âmbito do Componente Especializado da Assistência Farmacêutica."
"selexipague","comprimido","1.600 mcg","ESPECIALIZADO","1B","","B01AC27","","Grupo 1B: medicamentos financiados pelo Ministério da Saúde mediante transferência de recursos financeiros para aquisição pelas secretarias de saúde dos estados e Distrito Federal sendo delas a responsabilidade pela programação, armazenamento, distribuição e dispensação para tratamento das doenças contempladas no âmbito do Componente Especializado da Assistência Farmacêutica."
"selexipague","comprimido","200 mcg","ESPECIALIZADO","1B","","B01AC27","","Grupo 1B: medicamentos financiados pelo Ministério da Saúde mediante transferência de recursos financeiros para aquisição pelas secretarias de saúde dos estados e Distrito Federal sendo delas a responsabilidade pela programação, armazenamento, distribuição e dispensação para tratamento das doenças contempladas no âmbito do Componente Especializado da Assistência Farmacêutica."
"selexipague","comprimido","400 mcg","ESPECIALIZADO","1B","","B01AC27","","Grupo 1B: medicamentos financiados pelo Ministério da Saúde mediante transferência de recursos financeiros para aquisição pelas secretarias de saúde dos estados e Distrito Federal sendo delas a responsabilidade pela programação, armazenamento, distribuição e dispensação para tratamento das doenças contempladas no âmbito do Componente Especializado da Assistência Farmacêutica."
"selexipague","comprimido","600 mcg","ESPECIALIZADO","1B","","B01AC27","","Grupo 1B: medicamentos financiados pelo Ministério da Saúde mediante transferência de recursos financeiros para aquisição pelas secretarias de saúde dos estados e Distrito Federal sendo delas a responsabilidade pela programação, armazenamento, distribuição e dispensação para tratamento das doenças contempladas no âmbito do Componente Especializado da Assistência Farmacêutica."
"selexipague","comprimido","800 mcg","ESPECIALIZADO","1B","","B01AC27","","Grupo 1B: medicamentos financiados pelo Ministério da Saúde mediante transferência de recursos financeiros para aquisição pelas secretarias de saúde dos estados e Distrito Federal sendo delas a responsabilidade pela programação, armazenamento, distribuição e dispensação para tratamento das doenças contempladas no âmbito do Componente Especializado da Assistência Farmacêutica."
"seringas com agulha acoplada para aplicação de insulina","unidade","-","Insumos (BÁSICO)","","","NC",""," "
"sinvastatina","comprimido","10 mg","BÁSICO","","","C10AA01",""," "
"sinvastatina","comprimido","20 mg","BÁSICO","","","C10AA01",""," "
"sinvastatina","comprimido","40 mg","BÁSICO","","","C10AA01",""," "
"sirolimo","comprimido","1 mg","ESPECIALIZADO E PROCEDIMENTO HOSPITALAR","1A","","L04AH01","","""PROCEDIMENTO HOSPITALAR"" não é um Componente de financiamento da Assistência Farmacêutica. Os medicamentos nele relacionados estão elencados no Procedimento ""06 - Medicamentos"" da tabela Sigtap e são financiados pelo bloco da Alta e Média Complexidade.                            Grupo 1A: medicamentos com aquisição centralizada pelo Ministério da Saúde e fornecidos às secretarias de saúde dos estados e Distrito Federal, sendo delas a responsabilidade pela programação, armazenamento, distribuição e dispensação para tratamento das doenças contempladas no âmbito do Componente Especializado da Assistência Farmacêutica."
"sirolimo","comprimido","2 mg","ESPECIALIZADO E PROCEDIMENTO HOSPITALAR","1A","","L04AH01","","""PROCEDIMENTO HOSPITALAR"" não é um Componente de financiamento da Assistência Farmacêutica. Os medicamentos nele relacionados estão elencados no Procedimento ""06 - Medicamentos"" da tabela Sigtap e são financiados pelo bloco da Alta e Média Complexidade.                            Grupo 1A: medicamentos com aquisição centralizada pelo Ministério da Saúde e fornecidos às secretarias de saúde dos estados e Distrito Federal, sendo delas a responsabilidade pela programação, armazenamento, distribuição e dispensação para tratamento das doenças contempladas no âmbito do Componente Especializado da Assistência Farmacêutica."
"sirolimo","solução oral","1 mg/mL","PROCEDIMENTO HOSPITALAR","","","L04AH01","","""PROCEDIMENTO HOSPITALAR"" não é um Componente de financiamento da Assistência Farmacêutica. Os medicamentos nele relacionados estão elencados no Procedimento ""06 - Medicamentos"" da tabela Sigtap e são financiados pelo bloco da Alta e Média Complexidade."
"sofosbuvir","comprimido","400 mg","ESTRATÉGICO","","","J05AP08 ",""," "
"sofosbuvir + velpatasvir","comprimido","400 mg + 100 mg","ESTRATÉGICO","","","J05AP55",""," "
"sofosbuvir + velpatasvir","grânulos revestidos","200 mg + 50 mg","ESTRATÉGICO","","","J05AP55",""," "
"sofosbuvir + velpatasvir + voxilaprevir","comprimido","400 mg + 100 mg + 100 mg","ESTRATÉGICO","","","J05AP56 ",""," "
"solução ringer + lactato","solução injetável","lactato de sódio 3 mg/mL + cloreto de sódio 6 mg/mL + cloreto de potássio 0,3 mg/mL + cloreto de cálcio 0,2 mg/mL","BÁSICO","","","B05BB01",""," "
"somatropina","pó para solução injetável","12 UI","ESPECIALIZADO","1A","","H01AC01","","Grupo 1A: medicamentos com aquisição centralizada pelo Ministério da Saúde e fornecidos às secretarias de saúde dos estados e Distrito Federal, sendo delas a responsabilidade pela programação, armazenamento, distribuição e dispensação para tratamento das doenças contempladas no âmbito do Componente Especializado da Assistência Farmacêutica."
"somatropina","pó para solução injetável","15 UI","ESPECIALIZADO","1A","","H01AC01","","Grupo 1A: medicamentos com aquisição centralizada pelo Ministério da Saúde e fornecidos às secretarias de saúde dos estados e Distrito Federal, sendo delas a responsabilidade pela programação, armazenamento, distribuição e dispensação para tratamento das doenças contempladas no âmbito do Componente Especializado da Assistência Farmacêutica."
"somatropina","pó para solução injetável","16 UI","ESPECIALIZADO","1A","","H01AC01","","Grupo 1A: medicamentos com aquisição centralizada pelo Ministério da Saúde e fornecidos às secretarias de saúde dos estados e Distrito Federal, sendo delas a responsabilidade pela programação, armazenamento, distribuição e dispensação para tratamento das doenças contempladas no âmbito do Componente Especializado da Assistência Farmacêutica."
"somatropina","pó para solução injetável","18 UI","ESPECIALIZADO","1A","","H01AC01","","Grupo 1A: medicamentos com aquisição centralizada pelo Ministério da Saúde e fornecidos às secretarias de saúde dos estados e Distrito Federal, sendo delas a responsabilidade pela programação, armazenamento, distribuição e dispensação para tratamento das doenças contempladas no âmbito do Componente Especializado da Assistência Farmacêutica."
"somatropina","pó para solução injetável","24 UI","ESPECIALIZADO","1A","","H01AC01","","Grupo 1A: medicamentos com aquisição centralizada pelo Ministério da Saúde e fornecidos às secretarias de saúde dos estados e Distrito Federal, sendo delas a responsabilidade pela programação, armazenamento, distribuição e dispensação para tratamento das doenças contempladas no âmbito do Componente Especializado da Assistência Farmacêutica."
"somatropina","pó para solução injetável","30 UI","ESPECIALIZADO","1A","","H01AC01","","Grupo 1A: medicamentos com aquisição centralizada pelo Ministério da Saúde e fornecidos às secretarias de saúde dos estados e Distrito Federal, sendo delas a responsabilidade pela programação, armazenamento, distribuição e dispensação para tratamento das doenças contempladas no âmbito do Componente Especializado da Assistência Farmacêutica."
"somatropina","pó para solução injetável","4 UI","ESPECIALIZADO","1A","","H01AC01","","Grupo 1A: medicamentos com aquisição centralizada pelo Ministério da Saúde e fornecidos às secretarias de saúde dos estados e Distrito Federal, sendo delas a responsabilidade pela programação, armazenamento, distribuição e dispensação para tratamento das doenças contempladas no âmbito do Componente Especializado da Assistência Farmacêutica."
"somatropina","solução injetável","12 UI","ESPECIALIZADO","1A","","H01AC01","","Grupo 1A: medicamentos com aquisição centralizada pelo Ministério da Saúde e fornecidos às secretarias de saúde dos estados e Distrito Federal, sendo delas a responsabilidade pela programação, armazenamento, distribuição e dispensação para tratamento das doenças contempladas no âmbito do Componente Especializado da Assistência Farmacêutica."
"somatropina","solução injetável","15 UI","ESPECIALIZADO","1A","","H01AC01","","Grupo 1A: medicamentos com aquisição centralizada pelo Ministério da Saúde e fornecidos às secretarias de saúde dos estados e Distrito Federal, sendo delas a responsabilidade pela programação, armazenamento, distribuição e dispensação para tratamento das doenças contempladas no âmbito do Componente Especializado da Assistência Farmacêutica."
"somatropina","solução injetável","16 UI","ESPECIALIZADO","1A","","H01AC01","","Grupo 1A: medicamentos com aquisição centralizada pelo Ministério da Saúde e fornecidos às secretarias de saúde dos estados e Distrito Federal, sendo delas a responsabilidade pela programação, armazenamento, distribuição e dispensação para tratamento das doenças contempladas no âmbito do Componente Especializado da Assistência Farmacêutica."
"somatropina","solução injetável","18 UI","ESPECIALIZADO","1A","","H01AC01","","Grupo 1A: medicamentos com aquisição centralizada pelo Ministério da Saúde e fornecidos às secretarias de saúde dos estados e Distrito Federal, sendo delas a responsabilidade pela programação, armazenamento, distribuição e dispensação para tratamento das doenças contempladas no âmbito do Componente Especializado da Assistência Farmacêutica."
"somatropina","solução injetável","24 UI","ESPECIALIZADO","1A","","H01AC01","","Grupo 1A: medicamentos com aquisição centralizada pelo Ministério da Saúde e fornecidos às secretarias de saúde dos estados e Distrito Federal, sendo delas a responsabilidade pela programação, armazenamento, distribuição e dispensação para tratamento das doenças contempladas no âmbito do Componente Especializado da Assistência Farmacêutica."
"somatropina","solução injetável","30 UI","ESPECIALIZADO","1A","","H01AC01","","Grupo 1A: medicamentos com aquisição centralizada pelo Ministério da Saúde e fornecidos às secretarias de saúde dos estados e Distrito Federal, sendo delas a responsabilidade pela programação, armazenamento, distribuição e dispensação para tratamento das doenças contempladas no âmbito do Componente Especializado da Assistência Farmacêutica."
"somatropina","solução injetável","4 UI","ESPECIALIZADO","1A","","H01AC01","","Grupo 1A: medicamentos com aquisição centralizada pelo Ministério da Saúde e fornecidos às secretarias de saúde dos estados e Distrito Federal, sendo delas a responsabilidade pela programação, armazenamento, distribuição e dispensação para tratamento das doenças contempladas no âmbito do Componente Especializado da Assistência Farmacêutica."
"soro antiaracnídico (Loxosceles, Phoneutria e Tityus)","solução injetável","cada mL contém imunoglobulinas que neutralizam, no mínimo, 1,5 Dose Mínima Mortal (DMM) de veneno de Tityus serrulatus (1,5 DMM/mL), 1,5 DMM de veneno de Phoneutria nigriventer (1,5 DMM/mL) e 15 DMN (Dose Mínima Necrosante) de veneno de Loxosceles gaucho (15 DMN/mL)","ESTRATÉGICO","","","J06AA",""," "
"soro antibotrópico (pentavalente)","solução injetável","cada mL contém imunoglobulinas (IgG) que neutralizam, no mínimo, 5 mg de veneno de Bothrops jararaca (5 mg/mL)","ESTRATÉGICO","","","J06AA03",""," "
"soro antibotrópico (pentavalente) e anticrotálico","solução injetável","cada mL contém imunoglobulinas que neutralizam, no mínimo, 5 mg de veneno de Bothrops jararaca e a 1,5 mg de veneno de Crotalus durissus terrifcus (5 mg/ mL e 1,5 mg/mL)","ESTRATÉGICO","","","J06AA03",""," "
"soro antibotrópico (pentavalente) e antilaquético","solução injetável","cada mL contém imunoglobulinas que neutralizam, no mínimo, 5 mg de veneno de Bothrops jararaca e 3 mg de veneno de Lachesis muta (5 mg/mL e 3 mg/mL)","ESTRATÉGICO","","","J06AA03",""," "
"soro antibotulínico AB (bivalente)","solução injetável","cada mL contém imunoglobulinas que neutralizam, no mínimo, 375 UI de toxinabutolínica tipo A e 275 UI de toxina butolínica tipo B (375 UI/mL e 275 UI/mL)","ESTRATÉGICO","","","J06AA04",""," "
"soro anticrotálico","solução injetável","cada mL contém imunoglobulinas que neutralizam, no mínimo, 1,5 mg de veneno Crotalus durissus terrificus (1,5 mg/ mL)","ESTRATÉGICO","","","J06AA03",""," "
"soro antidiftérico","solução injetável","cada mL contém imunoglobulinas que neutralizam, no mínimo, 1.000 UI de toxina diftérica (1.000 UI/mL)","ESTRATÉGICO","","","J06AA01",""," "
"soro antielapídico (bivalente)","solução injetável","cada mL contém imunoglobulinas que neutralizam, no mínimo, 1,5 mg de veneno de Micrurus frontalis (1,5 mg/mL)","ESTRATÉGICO","","","J06AA03",""," "
"soro antiescorpiônico","solução injetável","cada mL contém imunoglobulinas que neutralizam, no mínimo 1,5 DMM (Dose Mínima Mortal) de veneno de Tityus serrulatus (1,5 DMM/mL)","ESTRATÉGICO","","","J06AA",""," "
"soro antilonômico","solução injetável","cada mL contém imunoglobulinas que neutralizam, no mínimo, 0,35 mg de veneno de Lonomia obliqua (0,35 mg/mL)","ESTRATÉGICO","","","J06AA",""," "
"soro antiloxoscélico (trivalente)","solução injetável","cada mL contém imunoglobulinas que neutralizam, no mínimo, 15 DMN (Dose Mínima Necrosante) de veneno de aranhas das espécies Loxosceles laeta, Loxosceles gaucho e Loxosceles intermedia (15 DMN/mL)","ESTRATÉGICO","","","J06AA",""," "
"soro antirrábico","solução injetável","cada mL contém imonoglobulinas que neutralizam, no mínimo, 200 UI de vírus da raiva (200 UI/mL)","ESTRATÉGICO","","","J06AA06",""," "
"soro antitetânico","solução injetável","cada mL contém imunoglobulinas que neutralizam, no mínimo, 1.000 UI de toxina tetânica","ESTRATÉGICO","","","J06AA02",""," "
"succinato de metoprolol","comprimido de liberação prolongada","100 mg","BÁSICO","","","C07AB02",""," "
"succinato de metoprolol","comprimido de liberação prolongada","25 mg","BÁSICO","","","C07AB02",""," "
"succinato de metoprolol","comprimido de liberação prolongada","50 mg","BÁSICO","","","C07AB02",""," "
"succinato de tafenoquina","comprimido","150 mg","ESTRATÉGICO","","","P01BA07",""," "
"succinato sódico de hidrocortisona","pó para solução injetável","100 mg","BÁSICO","","","H02AB09",""," "
"succinato sódico de hidrocortisona","pó para solução injetável","500 mg","BÁSICO","","","H02AB09",""," "
"succinato sódico de metilprednisolona","pó para solução injetável","500 mg","ESPECIALIZADO E PROCEDIMENTO HOSPITALAR","2","","H02AB04","","""PROCEDIMENTO HOSPITALAR"" não é um Componente de financiamento da Assistência Farmacêutica. Os medicamentos nele relacionados estão elencados no Procedimento ""06 - Medicamentos"" da tabela Sigtap e são financiados pelo bloco da Alta e Média Complexidade.                            Grupo 2: medicamentos sob responsabilidade das secretarias de saúde dos estados e do Distrito Federal pelo financiamento, aquisição, programação, armazenamento, distribuição e dispensação para tratamento das doenças contempladas no âmbito do CEAF"
"sulfadiazina","comprimido","500 mg","ESTRATÉGICO","","","J01EC02","Acesso"," "
"sulfadiazina de prata","creme","10 mg/g (1%)","BÁSICO","","","D06BA01",""," "
"sulfametoxazol + trimetoprima","comprimido","400 mg + 80 mg","BÁSICO","","","J01EE01","Acesso"," "
"sulfametoxazol + trimetoprima","solução injetável","80 mg/mL + 16 mg/mL","BÁSICO","","","J01EE01","Acesso"," "
"sulfametoxazol + trimetoprima","suspensão oral","40 mg/mL + 8 mg/mL","BÁSICO","","","J01EE01","Acesso"," "
"sulfassalazina","comprimido","500 mg","ESPECIALIZADO","2","","A07EC01","","Grupo 2: medicamentos sob responsabilidade das secretarias de saúde dos estados e do Distrito Federal pelo financiamento, aquisição, programação, armazenamento, distribuição e dispensação para tratamento das doenças contempladas no âmbito do CEAF"
"sulfato de abacavir","comprimido","300 mg","ESTRATÉGICO","","","J05AF06",""," "
"sulfato de abacavir","solução oral","20 mg/mL","ESTRATÉGICO","","","J05AF06",""," "
"sulfato de amicacina","solução injetável","250 mg/mL","ESTRATÉGICO","","","J01GB06","Acesso"," "
"sulfato de atazanavir","cápsula","300 mg","ESTRATÉGICO","","","J05AE08",""," "
"sulfato de atropina","solução injetável","0,25 mg/mL","BÁSICO","","","A03BA01 ",""," "
"sulfato de bleomicina","pó liofilizado para solução injetável","15 U","ONCOLÓGICO","","DESCENTRALIZADO","L01DC01",""," "
"sulfato de estreptomicina","pó para solução injetável","1 g","ESTRATÉGICO","","","J01GA01","Alerta"," "
"sulfato de gentamicina ","solução injetável","40 mg/ mL","ESTRATÉGICO","","","J01GB03",""," "
"sulfato de hidroxicloroquina","comprimido","400 mg","ESPECIALIZADO","2","","P01BA02","","Grupo 2: medicamentos sob responsabilidade das secretarias de saúde dos estados e do Distrito Federal pelo financiamento, aquisição, programação, armazenamento, distribuição e dispensação para tratamento das doenças contempladas no âmbito do CEAF"
"sulfato de isavuconazônio","cápsula","100 mg","ESTRATÉGICO","","","J02AC05 ","Acesso"," "
"sulfato de isavuconazônio","pó liofilizado para solução injetável","200 mg","ESTRATÉGICO","","","J02AC05 ",""," "
"sulfato de magnésio","pó para solução oral","-","BÁSICO","","","A06AD04",""," "
"sulfato de magnésio","solução injetável","10% (0,81 mEq/mL Mg++)","BÁSICO","","","A12CC02; B05XA05",""," "
"sulfato de magnésio","solução injetável","50% (4,05 mEq/mL Mg++)","BÁSICO","","","A12CC02; B05XA05",""," "
"sulfato de morfina","cápsula de liberação prolongada","100 mg","ESPECIALIZADO","2","","N02AA01","","Grupo 2: medicamentos sob responsabilidade das secretarias de saúde dos estados e do Distrito Federal pelo financiamento, aquisição, programação, armazenamento, distribuição e dispensação para tratamento das doenças contempladas no âmbito do CEAF"
"sulfato de morfina","cápsula de liberação prolongada","30 mg","ESPECIALIZADO","2","","N02AA01","","Grupo 2: medicamentos sob responsabilidade das secretarias de saúde dos estados e do Distrito Federal pelo financiamento, aquisição, programação, armazenamento, distribuição e dispensação para tratamento das doenças contempladas no âmbito do CEAF"
"sulfato de morfina","cápsula de liberação prolongada","60 mg","ESPECIALIZADO","2","","N02AA01","","Grupo 2: medicamentos sob responsabilidade das secretarias de saúde dos estados e do Distrito Federal pelo financiamento, aquisição, programação, armazenamento, distribuição e dispensação para tratamento das doenças contempladas no âmbito do CEAF"
"sulfato de morfina","comprimido","10 mg","ESPECIALIZADO","2","","N02AA01","","Grupo 2: medicamentos sob responsabilidade das secretarias de saúde dos estados e do Distrito Federal pelo financiamento, aquisição, programação, armazenamento, distribuição e dispensação para tratamento das doenças contempladas no âmbito do CEAF"
"sulfato de morfina","comprimido","30 mg","ESPECIALIZADO","2","","N02AA01","","Grupo 2: medicamentos sob responsabilidade das secretarias de saúde dos estados e do Distrito Federal pelo financiamento, aquisição, programação, armazenamento, distribuição e dispensação para tratamento das doenças contempladas no âmbito do CEAF"
"sulfato de morfina","solução injetável","10 mg/mL","ESPECIALIZADO","2","","N02AA01","","Grupo 2: medicamentos sob responsabilidade das secretarias de saúde dos estados e do Distrito Federal pelo financiamento, aquisição, programação, armazenamento, distribuição e dispensação para tratamento das doenças contempladas no âmbito do CEAF"
"sulfato de morfina","solução oral","10 mg/mL","ESPECIALIZADO","2","","N02AA01","","Grupo 2: medicamentos sob responsabilidade das secretarias de saúde dos estados e do Distrito Federal pelo financiamento, aquisição, programação, armazenamento, distribuição e dispensação para tratamento das doenças contempladas no âmbito do CEAF"
"sulfato de polimixina B + sulfato de neomicina + fluocinolona acetonida + cloridrato de lidocaína","solução otológica","10.000 UI/mL + 3,500 mg/mL + 0,250 mg/mL + 20 mg/mL","BÁSICO","","","S02AA30",""," "
"sulfato de salbutamol","solução injetável","0,5 mg/mL","BÁSICO","","","R03AC02",""," "
"sulfato de salbutamol","solução para inalação","5 mg/mL","BÁSICO","","","R03AC02",""," "
"sulfato de salbutamol","suspensão aerossol","100 mcg/dose","BÁSICO","","","R03AC02",""," "
"sulfato de vimblastina","pó liofilizado para solução injetável","10 mg","ONCOLÓGICO","","DESCENTRALIZADO","L01CA01",""," "
"sulfato de vimblastina","solução injetável","1mg/mL ","ONCOLÓGICO","","DESCENTRALIZADO","L01CA01","","Apresentação de 10 mL                                                                                                                                                             "
"sulfato de vincristina","solução injetável","1mg/mL ","ONCOLÓGICO","","DESCENTRALIZADO","L01CA02","","Apresentações de 1 mL e 2 mL                                                                                                                                                          "
"sulfato de zinco","comprimido mastigável","10 mg","BÁSICO","","","A12CB01",""," "
"sulfato de zinco","solução injetável","200 mcg/mL","BÁSICO","","","A12CB01",""," "
"sulfato de zinco","xarope","equivalente a 4mg/mL de zinco elementar","BÁSICO","","","A12CB01",""," "
"sulfato ferroso","comprimido","Equivalente a 40 mg de ferro elementar","BÁSICO","","","B03AA07",""," "
"sulfato ferroso","solução oral","Equivalente a 25 mg/mL de ferro elementar","BÁSICO","","","B03AA07",""," "
"sulfato ferroso","xarope","Equivalente a 5 mg/mL de ferro elementar","BÁSICO","","","B03AA07",""," "
"tacrolimo","cápsula","1 mg","ESPECIALIZADO E PROCEDIMENTO HOSPITALAR","1A","","L04AD02","","""PROCEDIMENTO HOSPITALAR"" não é um Componente de financiamento da Assistência Farmacêutica. Os medicamentos nele relacionados estão elencados no Procedimento ""06 - Medicamentos"" da tabela Sigtap e são financiados pelo bloco da Alta e Média Complexidade.                            Grupo 1A: medicamentos com aquisição centralizada pelo Ministério da Saúde e fornecidos às secretarias de saúde dos estados e Distrito Federal, sendo delas a responsabilidade pela programação, armazenamento, distribuição e dispensação para tratamento das doenças contempladas no âmbito do Componente Especializado da Assistência Farmacêutica."
"tacrolimo","cápsula","5 mg","ESPECIALIZADO E PROCEDIMENTO HOSPITALAR","1A","","L04AD02","","""PROCEDIMENTO HOSPITALAR"" não é um Componente de financiamento da Assistência Farmacêutica. Os medicamentos nele relacionados estão elencados no Procedimento ""06 - Medicamentos"" da tabela Sigtap e são financiados pelo bloco da Alta e Média Complexidade.                            Grupo 1A: medicamentos com aquisição centralizada pelo Ministério da Saúde e fornecidos às secretarias de saúde dos estados e Distrito Federal, sendo delas a responsabilidade pela programação, armazenamento, distribuição e dispensação para tratamento das doenças contempladas no âmbito do Componente Especializado da Assistência Farmacêutica."
"tacrolimo","pomada","0,3 mg/g","ESPECIALIZADO","2","","D11AH01 ","","Grupo 2: medicamentos sob responsabilidade das secretarias de saúde dos estados e do Distrito Federal pelo financiamento, aquisição, programação, armazenamento, distribuição e dispensação para tratamento das doenças contempladas no âmbito do CEAF"
"tacrolimo","pomada","1 mg/g","ESPECIALIZADO","2","","D11AH01 ","","Grupo 2: medicamentos sob responsabilidade das secretarias de saúde dos estados e do Distrito Federal pelo financiamento, aquisição, programação, armazenamento, distribuição e dispensação para tratamento das doenças contempladas no âmbito do CEAF"
"tacrolimo","solução injetável","5 mg/mL","PROCEDIMENTO HOSPITALAR","","","L04AD02  ","","""PROCEDIMENTO HOSPITALAR"" não é um Componente de financiamento da Assistência Farmacêutica. Os medicamentos nele relacionados estão elencados no Procedimento ""06 - Medicamentos"" da tabela Sigtap e são financiados pelo bloco da Alta e Média Complexidade."
"tafamidis","cápsula","61 mg","ESPECIALIZADO","1A","","N07XX08","","Grupo 1A: medicamentos com aquisição centralizada pelo Ministério da Saúde e fornecidos às secretarias de saúde dos estados e Distrito Federal, sendo delas a responsabilidade pela programação, armazenamento, distribuição e dispensação para tratamento das doenças contempladas no âmbito do Componente Especializado da Assistência Farmacêutica."
"tafamidis meglumina","cápsula","20 mg","ESPECIALIZADO","1A","","N07XX08","","Grupo 1A: medicamentos com aquisição centralizada pelo Ministério da Saúde e fornecidos às secretarias de saúde dos estados e Distrito Federal, sendo delas a responsabilidade pela programação, armazenamento, distribuição e dispensação para tratamento das doenças contempladas no âmbito do Componente Especializado da Assistência Farmacêutica."
"tafenoquina","comprimido para suspensão oral","50 mg","ESTRATÉGICO","","","P01BA07",""," "
"talidomida","comprimido","100 mg","ESTRATÉGICO E ONCOLÓGICO","","CENTRALIZADO","L04AX02",""," "
"tartarato de brimonidina","solução oftálmica","2 mg/mL (0,2%)","ESPECIALIZADO","2","","S01EA05","","Grupo 2: medicamentos sob responsabilidade das secretarias de saúde dos estados e do Distrito Federal pelo financiamento, aquisição, programação, armazenamento, distribuição e dispensação para tratamento das doenças contempladas no âmbito do CEAF"
"tartarato de metoprolol","comprimido","100 mg","BÁSICO","","","C07AB02",""," "
"tartarato de vinorelbina","cápsula mole","20 mg","ONCOLÓGICO","","DESCENTRALIZADO","L01CA04",""," "
"tartarato de vinorelbina","cápsula mole","30 mg","ONCOLÓGICO","","DESCENTRALIZADO","L01CA04",""," "
"tartarato de vinorelbina","solução injetável","10 mg/ml","ONCOLÓGICO","","DESCENTRALIZADO","L01CA04","","Apresentações de 1 mL e 5 mL                                                                                                                                                          "
"teclozana","comprimido","500 mg","BÁSICO","","","P01AC04",""," "
"teclozana","suspensão oral","10 mg/mL","BÁSICO","","","P01AC04",""," "
"tenecteplase","pó para solução injetável","40 mg","PROCEDIMENTO HOSPITALAR","","","B01AD11","","""PROCEDIMENTO HOSPITALAR"" não é um Componente de financiamento da Assistência Farmacêutica. Os medicamentos nele relacionados estão elencados no Procedimento ""06 - Medicamentos"" da tabela Sigtap e são financiados pelo bloco da Alta e Média Complexidade."
"tenecteplase","pó para solução injetável","50 mg","PROCEDIMENTO HOSPITALAR","","","B01AD11","","""PROCEDIMENTO HOSPITALAR"" não é um Componente de financiamento da Assistência Farmacêutica. Os medicamentos nele relacionados estão elencados no Procedimento ""06 - Medicamentos"" da tabela Sigtap e são financiados pelo bloco da Alta e Média Complexidade."
"teriflunomida","comprimido","14 mg","ESPECIALIZADO","1A","","L04AK02","","Grupo 1A: medicamentos com aquisição centralizada pelo Ministério da Saúde e fornecidos às secretarias de saúde dos estados e Distrito Federal, sendo delas a responsabilidade pela programação, armazenamento, distribuição e dispensação para tratamento das doenças contempladas no âmbito do Componente Especializado da Assistência Farmacêutica."
"terizidona","cápsula","250 mg","ESTRATÉGICO","","","J04AK03",""," "
"teste quantitativo da atividade da enzima glicose-6-fosfato desidrogenase (G6PD)","-","-","Insumos (ESTRATÉGICO)","","","NC",""," "
"teste tuberculínico (Derivado Proteico Purificado - PPD)","-","-","Insumos (ESTRATÉGICO)","","","NC",""," "
"tiamazol ","comprimido","10 mg","BÁSICO","","","H03BB02",""," "
"tiamazol ","comprimido","5 mg","BÁSICO","","","H03BB02",""," "
"tioguanina","comprimido","40 mg","ONCOLÓGICO","","DESCENTRALIZADO","L01BB03",""," "
"tipranavir","cápsula","250 mg","ESTRATÉGICO","","","J05AE09",""," "
"tipranavir","solução oral","100 mg/mL","ESTRATÉGICO","","","J05AE09",""," "
"tiras reagentes de medida de glicemia capilar","unidade","-","Insumos (BÁSICO)","","","NC",""," "
"tobramicina","solução inalatória","300 mg","ESPECIALIZADO","1A","","J01GB01","Alerta","Grupo 1A: medicamentos com aquisição centralizada pelo Ministério da Saúde e fornecidos às secretarias de saúde dos estados e Distrito Federal, sendo delas a responsabilidade pela programação, armazenamento, distribuição e dispensação para tratamento das doenças contempladas no âmbito do Componente Especializado da Assistência Farmacêutica."
"tocilizumabe","solução injetável","20 mg/mL","ESPECIALIZADO","1A","","L04AC07","","Grupo 1A: medicamentos com aquisição centralizada pelo Ministério da Saúde e fornecidos às secretarias de saúde dos estados e Distrito Federal, sendo delas a responsabilidade pela programação, armazenamento, distribuição e dispensação para tratamento das doenças contempladas no âmbito do Componente Especializado da Assistência Farmacêutica."
"tofacitinibe","comprimido","5 mg","ESPECIALIZADO","1A","","L04AF01","","Grupo 1A: medicamentos com aquisição centralizada pelo Ministério da Saúde e fornecidos às secretarias de saúde dos estados e Distrito Federal, sendo delas a responsabilidade pela programação, armazenamento, distribuição e dispensação para tratamento das doenças contempladas no âmbito do Componente Especializado da Assistência Farmacêutica."
"topiramato","comprimido","100 mg","ESPECIALIZADO","2","","N03AX11","","Grupo 2: medicamentos sob responsabilidade das secretarias de saúde dos estados e do Distrito Federal pelo financiamento, aquisição, programação, armazenamento, distribuição e dispensação para tratamento das doenças contempladas no âmbito do CEAF"
"topiramato","comprimido","25 mg","ESPECIALIZADO","2","","N03AX11","","Grupo 2: medicamentos sob responsabilidade das secretarias de saúde dos estados e do Distrito Federal pelo financiamento, aquisição, programação, armazenamento, distribuição e dispensação para tratamento das doenças contempladas no âmbito do CEAF"
"topiramato","comprimido","50 mg","ESPECIALIZADO","2","","N03AX11","","Grupo 2: medicamentos sob responsabilidade das secretarias de saúde dos estados e do Distrito Federal pelo financiamento, aquisição, programação, armazenamento, distribuição e dispensação para tratamento das doenças contempladas no âmbito do CEAF"
"toxina botulínica A","pó para solução injetável","100 U","ESPECIALIZADO","1A","","M03AX01","","Grupo 1A: medicamentos com aquisição centralizada pelo Ministério da Saúde e fornecidos às secretarias de saúde dos estados e Distrito Federal, sendo delas a responsabilidade pela programação, armazenamento, distribuição e dispensação para tratamento das doenças contempladas no âmbito do Componente Especializado da Assistência Farmacêutica."
"toxina botulínica A","pó para solução injetável","500 U","ESPECIALIZADO","1A","","M03AX01","","Grupo 1A: medicamentos com aquisição centralizada pelo Ministério da Saúde e fornecidos às secretarias de saúde dos estados e Distrito Federal, sendo delas a responsabilidade pela programação, armazenamento, distribuição e dispensação para tratamento das doenças contempladas no âmbito do Componente Especializado da Assistência Farmacêutica."
"trastuzumabe","pó liofilizado para solução injetável","150 mg","ONCOLÓGICO","","CENTRALIZADO","L01FD01","","Portaria SAES/SECTICS nº 17, de 25 de novembro de 2024, aprova o novo Protocolo Clínico e Diretrizes Terapêuticas (PCDT) para o Câncer de Mama.
Relatório de Recomendação CONITEC Nº 7  de Julho/2012 - Incorporação do trastuzumabe para o tratamento do câncer de mama inicial.
Relatório de Recomendação CONITEC Nº 8  de Julho/2012 - Incorporação do trastuzumabe para a  quimioterapia do câncer de mama localmente avançado (estádio clínico III).
Relatório de Recomendação CONITEC Nº 287 de Agosto/2017 - Incorporação do trastuzumabe para o tratamento do câncer de mama HER2-positivo metastático em primeira linha de tratamento."
"trastuzumabe entansina","pó liofilizado para solução injetável","100 mg","ONCOLÓGICO","","CENTRALIZADO","L01FD03","","Portaria SAES/SECTICS nº 17, de 25 de novembro de 2024, aprova o novo Protocolo Clínico e Diretrizes Terapêuticas (PCDT) para o Câncer de Mama
Relatório de Recomendação Conitec Nº 751 de Julho/2022 - Incorporação no SUS do trastuzumabe entansina no tratamento adjuvante do câncer de mama HER2-positivo operado em estádio III com doença residual na peça cirúrgica após tratamento neoadjuvante"
"trastuzumabe entansina","pó liofilizado para solução injetável","160 mg","ONCOLÓGICO","","CENTRALIZADO","L01FD03","","Portaria SAES/SECTICS nº 17, de 25 de novembro de 2024, aprova o novo Protocolo Clínico e Diretrizes Terapêuticas (PCDT) para o Câncer de Mama
Relatório de Recomendação Conitec Nº 751 de Julho/2022 - Incorporação no SUS do trastuzumabe entansina no tratamento adjuvante do câncer de mama HER2-positivo operado em estádio III com doença residual na peça cirúrgica após tratamento neoadjuvante"""
"travoprosta","solução oftálmica","0,04 mg/mL (0,004%)","ESPECIALIZADO","1A","","S01EE04","","Grupo 1A: medicamentos com aquisição centralizada pelo Ministério da Saúde e fornecidos às secretarias de saúde dos estados e Distrito Federal, sendo delas a responsabilidade pela programação, armazenamento, distribuição e dispensação para tratamento das doenças contempladas no âmbito do Componente Especializado da Assistência Farmacêutica."
"triptorrelina","pó para suspensão injetável de liberação prolongada","3,75 mg","ESPECIALIZADO","1B","","L02AE04","","Grupo 1B: medicamentos financiados pelo Ministério da Saúde mediante transferência de recursos financeiros para aquisição pelas secretarias de saúde dos estados e Distrito Federal sendo delas a responsabilidade pela programação, armazenamento, distribuição e dispensação para tratamento das doenças contempladas no âmbito do Componente Especializado da Assistência Farmacêutica."
"unha-de-gato (Uncaria tomentosa (Willd. ex Roem. & Schult.))","cápsula","0,9 mg de alcalóides oxindólicos pentaclíclicos","BÁSICO","","","NC",""," "
"unha-de-gato (Uncaria tomentosa (Willd. ex Roem. & Schult.))","comprimido","0,9 mg de alcalóides oxindólicos pentaclíclicos","BÁSICO","","","NC",""," "
"unha-de-gato (Uncaria tomentosa (Willd. ex Roem. & Schult.))","gel","0,9 mg de alcalóides oxindólicos pentaclíclicos","BÁSICO","","","NC",""," "
"upadacitinibe","comprimido de liberação prolongada","15 mg","ESPECIALIZADO","1A","","L04AF03","","Grupo 1A: medicamentos com aquisição centralizada pelo Ministério da Saúde e fornecidos às secretarias de saúde dos estados e Distrito Federal, sendo delas a responsabilidade pela programação, armazenamento, distribuição e dispensação para tratamento das doenças contempladas no âmbito do Componente Especializado da Assistência Farmacêutica."
"ustequinumabe","solução injetável","130 mg","ESPECIALIZADO","1A","","L04AC05","","Grupo 1A: medicamentos com aquisição centralizada pelo Ministério da Saúde e fornecidos às secretarias de saúde dos estados e Distrito Federal, sendo delas a responsabilidade pela programação, armazenamento, distribuição e dispensação para tratamento das doenças contempladas no âmbito do Componente Especializado da Assistência Farmacêutica."
"ustequinumabe","solução injetável","45 mg","ESPECIALIZADO","1A","","L04AC05","","Grupo 1A: medicamentos com aquisição centralizada pelo Ministério da Saúde e fornecidos às secretarias de saúde dos estados e Distrito Federal, sendo delas a responsabilidade pela programação, armazenamento, distribuição e dispensação para tratamento das doenças contempladas no âmbito do Componente Especializado da Assistência Farmacêutica."
"vacina adsorvida difteria e tétano adulto","suspensão injetável","-","ESTRATÉGICO","","","J07AM51",""," "
"vacina adsorvida difteria e tétano infantil","suspensão injetável","-","ESTRATÉGICO","","","J07AM51",""," "
"vacina adsorvida difteria, tétano e pertussis","suspensão injetável","-","ESTRATÉGICO","","","J07AJ51",""," "
"vacina adsorvida difteria, tétano e pertussis (acelular) adulto","suspensão injetável","-","ESTRATÉGICO","","","J07AJ51",""," "
"vacina adsorvida difteria, tétano e pertussis (acelular) infantil","suspensão injetável","-","ESTRATÉGICO","","","J07AJ51",""," "
"vacina adsorvida difteria, tétano, pertussis, hepatite B (recombinante) e Haemophilus influenzae B (conjugada)","suspensão injetável","-","ESTRATÉGICO","","","J07CA11",""," "
"vacina adsorvida hepatite A (inativada) adulto","suspensão injetável","-","ESTRATÉGICO","","","J07BC02",""," "
"vacina adsorvida hepatite A (inativada) infantil","suspensão injetável","-","ESTRATÉGICO","","","J07BC02",""," "
"vacina BCG","pó para suspensão injetável","-","ESTRATÉGICO","","","J07AN01",""," "
"vacina cólera (inativada)","suspensão oral","-","ESTRATÉGICO","","","J07AE01",""," "
"vacina covid-19 infantil (mRNA)","suspensão injetável","-","ESTRATÉGICO","","","J07BN01",""," "
"vacina dengue tetravalente (atenuada)","pó para solução injetável","-","ESTRATÉGICO","","","J07BX04",""," "
"vacina febre amarela (atenuada)","pó para solução injetável","-","ESTRATÉGICO","","","J07BL01",""," "
"vacina febre tifoide (polissacarídica)","solução injetável","-","ESTRATÉGICO","","","J07AP03",""," "
"vacina Haemophilus influenzae B (conjugada)","pó para solução injetável","-","ESTRATÉGICO","","","J07AG01",""," "
"vacina hepatite B (recombinante)","suspensão injetável","-","ESTRATÉGICO","","","J07BC01",""," "
"vacina influenza trivalente (fragmentada, inativada)","suspensão injetável","-","ESTRATÉGICO","","","J07BB02",""," "
"vacina meningocócica ACWY (conjugada)","solução injetável","-","ESTRATÉGICO","","","J07AH08",""," "
"vacina meningocócica C (conjugada)","pó para suspensão injetável","-","ESTRATÉGICO","","","J07AH07",""," "
"vacina papilomavírus humano 6, 11, 16 e 18 (recombinante)","suspensão injetável","-","ESTRATÉGICO","","","J07BM01",""," "
"vacina pneumocócica 10-valente (conjugada)","suspensão injetável","-","ESTRATÉGICO","","","J07AL02",""," "
"vacina pneumocócica 13-valente (conjugada)","solução injetável","-","ESTRATÉGICO","","","J07AL02",""," "
"vacina pneumocócica 23-valente (polissacarídica)","solução injetável","-","ESTRATÉGICO","","","J07AL01",""," "
"vacina poliomielite 1 e 3 (atenuada)","solução oral","-","ESTRATÉGICO","","","J07BF02",""," "
"vacina poliomielite 1, 2 e 3 (inativada)","solução injetável","-","ESTRATÉGICO","","","J07BF03",""," "
"vacina raiva (inativada)","pó para suspensão injetável","-","ESTRATÉGICO","","","J07BG01",""," "
"vacina rotavírus humano G1P [8] (atenuada)","suspensão oral","-","ESTRATÉGICO","","","J07BH01",""," "
"vacina sarampo, caxumba, rubéola","pó para solução injetável","-","ESTRATÉGICO","","","J07BD52",""," "
"vacina sarampo, caxumba, rubéola e varicela (atenuada)","pó para solução injetável","-","ESTRATÉGICO","","","J07BD54",""," "
"vacina varicela (atenuada)","pó para solução injetável","-","ESTRATÉGICO","","","J07BK01",""," "
"vacina vírus sincicial respiratório A e B (recombinante)","pó para solução injetável","-","ESTRATÉGICO","","","J07BX05",""," "
"valproato de sódio","cápsula","250 mg","BÁSICO","","","N03AG01",""," "
"valproato de sódio","comprimido","250 mg","BÁSICO","","","N03AG01",""," "
"valproato de sódio","comprimido","500 mg","BÁSICO","","","N03AG01",""," "
"valproato de sódio","solução oral","50mg/ml","BÁSICO","","","N03AG01",""," "
"valproato de sódio","xarope","50 mg/mL","BÁSICO","","","N03AG01",""," "
"varfarina sódica","comprimido","1 mg","BÁSICO","","","B01AA03",""," "
"varfarina sódica","comprimido","5 mg","BÁSICO","","","B01AA03",""," "
"vedolizumabe ","pó para solução injetável","300 mg","ESPECIALIZADO","1A","","L04AG05","","Grupo 1A: medicamentos com aquisição centralizada pelo Ministério da Saúde e fornecidos às secretarias de saúde dos estados e Distrito Federal, sendo delas a responsabilidade pela programação, armazenamento, distribuição e dispensação para tratamento das doenças contempladas no âmbito do Componente Especializado da Assistência Farmacêutica."
"vigabatrina","comprimido","500 mg","ESPECIALIZADO","2","","N03AG04","","Grupo 2: medicamentos sob responsabilidade das secretarias de saúde dos estados e do Distrito Federal pelo financiamento, aquisição, programação, armazenamento, distribuição e dispensação para tratamento das doenças contempladas no âmbito do CEAF"
"voriconazol","comprimido","200 mg","ESTRATÉGICO","","","J02AC03",""," "
"voriconazol","pó liófilizado para injetável","200 mg","ESTRATÉGICO","","","J02AC03",""," "
"xinafoato de salmeterol","pó inalatório","50 mcg","ESPECIALIZADO","2","","R03AC12","","Grupo 2: medicamentos sob responsabilidade das secretarias de saúde dos estados e do Distrito Federal pelo financiamento, aquisição, programação, armazenamento, distribuição e dispensação para tratamento das doenças contempladas no âmbito do CEAF"
"zanamivir","pó para inalação oral","5 mg","ESTRATÉGICO","","","J05AH01",""," "
"zidovudina","cápsula","100 mg","ESTRATÉGICO E ONCOLÓGICO","","CENTRALIZADO","J05AF01",""," "
"zidovudina","solução injetável","10 mg/mL","ESTRATÉGICO E ONCOLÓGICO","","CENTRALIZADO","J05AF01",""," "
"zidovudina","solução oral","10 mg/mL","ESTRATÉGICO E ONCOLÓGICO","","CENTRALIZADO","J05AF01",""," "
"zidovudina + lamivudina","comprimido","300 mg + 150 mg","ESTRATÉGICO","","","J05AR01",""," "
"","óvulo vaginal","1,932 mg de ácido gálico (dose diária)","BÁSICO","","","NC",""," "
"","solução aerossol","20 mcg/dose","BÁSICO","","","R03BB01",""," "
