ITEM,CÓDIGO,DESCRIÇÃO,GRUPO FARMACOLÓGICO,FARMÁCIA
1.,MSE21340,abacavir comprimido 300 mg - HIV,Medicamentos para o manejo da infecção pelo HIV,"Policlínica de Ceilândia, Policlínica do Gama, Policlínica de Planaltina, Policlínica de Taguatinga, UBS 1 Lago Sul, Farmácia Escola (HUB) e Centro Especializado em Doenças Infecciosas - CEDIN (antigo Hospital Dia)"
2.,MSE21341,abacavir 20 mg/mL solução oral - HIV,Medicamentos para o manejo da infecção pelo HIV,"Policlínica de Ceilândia, Policlínica do Gama, Policlínica de Planaltina, Policlínica de Taguatinga, UBS 1 Lago Sul, Farmácia Escola (HUB) e Centro Especializado em Doenças Infecciosas - CEDIN (antigo Hospital Dia)"
3.,MS11126,abatacepte pó liofilizo injetável 250mg frasco ampola + seringa descartável,Imunossupressores,Farmácia do Componente Especializado
4.,MS35706,abatacepte solução injetável 125mg/mL seringa preenchida 1mL,Imunossupressores,Farmácia do Componente Especializado
5.,28750,abiraterona (acetato) comprimido 250 mg,Outros agentes antineoplásicos,Farmácia Ambulatorial do HBDF e Farmácia Ambulatorial Oncológica do HRT
6.,MS38601,acetato de medroxiprogesterona + estradiol cipionato 25 mg + 5 mg suspensão injetável,Medicamentos para a saúde da mulher,UBS (farmácia ambulatorial)
7.,90870,aciclovir (sódico) pó para solução injetável 250 mg frasco-ampola,Antivirais de ação direta,uso hospitalar
8.,90869,aciclovir comprimido 200 mg,Antivirais de ação direta,UBS (farmácia ambulatorial) e uso hospitalar
9.,20833,"aciclovir pomada oftálmica 0,03 g/g bisnaga 4,5 g",Anti-infecciosos,UBS (farmácia ambulatorial) e uso hospitalar
10.,90060,ácido acetilsalicílico comprimido 100 mg,Agentes antitrombóticos,"UBS (farmácia ambulatorial e farmácia interna), uso hospitalar e atendimento pré-hospitalar (SAMU)"
11.,90527,ácido ascórbico (vitamina c) solução injetável 100 mg/mL ampola 5 mL,"Ácido ascórbico (vit.c, incluindo associações",uso hospitalar
12.,90520,ácido fólico comprimido 5 mg,Vitamina B12 e ácido fólico,UBS (farmácia ambulatorial) e uso hospitalar
13.,31271,"ácido fólico solução oral 0,2 mg/mL frasco 30 mL",Vitamina B12 e ácido fólico,UBS (farmácia ambulatorial)
14.,MSE90519,ácido folínico comprimido 15 mg - toxoplasmose,Medicamentos para o tratamento da toxoplasmose,UBS (farmácia ambulatorial)
15.,MSE33446,ácido paraminossalicilico 4 g granulado revestido - tuberculose (exclusivo hospital dia),Medicamentos para o tratamento da tuberculose multidrogarresistente,Centro Especializado em Doenças Infecciosas - CEDIN (antigo Hospital Dia)* *Exclusivo Programa SITE-TB.
16.,90342*,ácido poliacrílico (carbômer) gel líquido oftálmico 2 mg/g ou 3 mg/g bisnaga 10 g *será substituído pelo código 39208 carbômer (ácido poliacrílico) gel líquido oftálmico 2 mg/g bisnaga 10 g,Outros oftalmológicos,uso hospitalar
17.,90534,ácido tranexâmico comprimido 250 mg,Anti-fibrinolíticos,uso hospitalar
18.,MSE90534,ácido tranexâmico comprimido 250 mg - coagulopatias,Anti-fibrinolíticos,Hemocentro
19.,MSE33204,ácido tranexâmico comprimido 500 mg - coagulopatias,Anti-fibrinolíticos,Hemocentro
20.,90533,ácido tranexâmico solução injetável 50 mg/mL ampola 5 mL,Anti-fibrinolíticos,uso hospitalar e atendimento pré- hospitalar (SAMU)
21.,90274,ácido zoledrônico 4 mg pó liofilizado ou solução injetável frasco ou frasco ampola,Medicamentos que afetam a estrutura óssea e mineralização,uso hospitalar (exclusivo HRT)
22.,10349,ácido zoledrônico solução injetável 5mg/100mL frasco ou bolsa 100mL,Medicamentos que afetam a estrutura óssea e mineralização,Farmácia Ambulatorial do HBDF e Centro Especializado em Saúde da Mulher - CESMU.
23.,1068,acitretina cápsula 10mg,Antipsoriáticos para uso sistémico,Farmácia do Componente Especializado
24.,1069,acitretina cápsula 25mg,Antipsoriáticos para uso sistémico,Farmácia do Componente Especializado
25.,M S19578 MS38515 MS38516,adalimumabe solução injetável 40mg seringa ou caneta,Imunossupressores,Farmácia do Componente Especializado
26.,4980,adenosina solução injetável 3 mg/mL ampola 2 mL,Outros preparados cardíacos,uso hospitalar e atendimento pré- hospitalar (SAMU)
27.,39006,aflibercepte solução injetável 40mg/mL frasco ampola ou seringa preenchida,Agentes para distúrbio vascular ocular,uso hospitalar
28.,90580,agua para injetáveis ampola 10 mL,Todos os outros produtos não terapêuticos,"UBS (farmácia interna), uso hospitalar e atendimento pré-hospitalar (SAMU)"
29.,90581,agua para injetáveis frasco ou bolsa 1000 mL,Todos os outros produtos não terapêuticos,UBS (farmácia interna) e uso hospitalar
30.,90954,agua para injetáveis frasco ou bolsa 500 mL,Todos os outros produtos não terapêuticos,UBS (farmácia interna) e uso hospitalar
31.,90014,albendazol comprimido mastigável 400 mg,Agentes antinematódeos,UBS (farmácia ambulatorial) e uso hospitalar
32.,90088,albendazol suspensão oral 40 mg/mL frasco 10 mL,Agentes antinematódeos,UBS (farmácia ambulatorial) e uso hospitalar
33.,MS90621,albumina humana solução injetável 20 % frasco ampola ou bolsa 50 mL,Sangue e produtos relacionados,uso hospitalar
34.,90621,albumina humana solução injetável 20 % frasco ampola ou bolsa 50 mL,Sangue e produtos relacionados,uso hospitalar
35.,32430,álcool gel 70% frasco 400g a 500g válvula ´pump´,Outros preparados dermatológicos,para uso interno nas unidades
36.,32429,álcool gel a 70% frasco com tampa acoplada 85 a 100g,Outros preparados dermatológicos,para uso interno nas unidades
37.,37113,álcool gel 70% frasco até 1 litro. unidade de estoque/licitação: mL.,Outros preparados dermatológicos,para uso interno nas unidades
38.,17809,alendronato sódico comprimido 70 mg,Medicamentos que afetam a estrutura óssea e mineralização,UBS (farmácia ambulatorial)
39.,MS35235,"alentuzumabe 10mg/mL frasco-ampola de 1,2 mL",Imunossupressores,Farmácia do Componente Especializado
40.,202318,alfa 1 antitripsina 1000 mg injetável,Outros medicamentos sistêmicos para doença obstrutiva das vias aéreas,uso hospitalar (exclusivo HRAN)
41.,MS37750,alfa-alglicosidase pó liofilizado para solução injetável 50 mg frasco ampola,Outros medicamentos do aparelho digestivo e metabolismo,Farmácia do Componente Especializado
42.,21045,"alfacoriogonadotropina solução injetável 250 mcg caneta ou seringa preenchida 0,5 mL",Gonadotropinas e outros estimulantes de ovulação,uso hospitalar
43.,MS2317,"alfadornase solução para inalação 1mg/mL ampola 2,5mL","Expectorantes, excluindo associações com supressores da tosse",Farmácia do Componente Especializado
44.,MS37566,alfaelosulfase solução injetável 1 mg/mL frasco-ampola 5 mL,Outros medicamentos do aparelho digestivo e metabolismo,Farmácia do Componente Especializado
45.,MS21684,alfaepoetina solução injetável 10.000 UI seringa preenchida ou frasco-ampola ou ampola,Outros preparados antianémicos,Farmácia do Componente Especializado
46.,MS52018,alfaepoetina solução injetável 4000 UI seringa preenchida ou frasco-ampola ou ampola,Outros preparados antianémicos,uso hospitalar
47.,52018,alfaepoetina solução injetável ou pó liofilizado 4.000 UI seringa preenchida ou frasco-ampola ou ampola,Outros preparados antianémicos,uso hospitalar
48.,25196,"alfafolitropina solução injetável 300 UI aplicador preenchido 0,5 mL",Gonadotropinas e outros estimulantes de ovulação,uso hospitalar
49.,MS1496,alfainterferona 2B injetável 3.000.000 UI frasco ampola,Imunomoestimulantes,Farmácia do Componente Especializado
50.,MS21547,alfainterferona 2B injetável 10.000.000 UI frasco- ampola,Imunomoestimulantes,Farmácia do Componente Especializado
51.,6417,alfainterferona 2B injetável 5.000.000 UI frasco ampola,Medicamentos com dificuldade de aquisição,Farmácia Ambulatorial do HBDF
52.,MS6417,alfainterferona 2B injetável 5.000.000 UI frasco ampola,Imunomoestimulantes,Farmácia do Componente Especializado
53.,MSE1664,alfapeginterferona 2A injetável 180 mcg frasco-ampola ou seringa preenchida - hepatite B e C,Medicamentos para hepatites virais,"Policlínica de Ceilândia, Policlínica do Gama, Policlínica de Planaltina, Policlínica de Taguatinga, Farmácia Escola (HUB) e Centro Especializado em Doenças Infecciosas - CEDIN (antigo Hospital Dia)"
54.,MS22604,alfataliglicerase pó para solução injetável 200 UI,Outros medicamentos do aparelho digestivo e metabolismo,Farmácia do Componente Especializado
55.,24328,"alfatirotropina pó liófilo injetável 1,1 mg frasco ampola",Hormônios do lóbulo anterior da pituitária e análogos,Farmácia Ambulatorial do HBDF
56.,MS31150,alfavelaglicerase pó liofilizado ou solução injetável 400u frasco-ampola,Outros medicamentos do aparelho digestivo e metabolismo,Farmácia do Componente Especializado
57.,MS38425,alfavestronidase solução injetável 2 mg/mL frasco ampola 5 mL,Enzimas,Farmácia do Componente Especializado
58.,90976,"alfentanila (cloridrato) solução injetável 0,5 mg/mL ampola 5 mL",Anestésicos gerais,uso hospitalar
59.,MS38712,algestona acetofenida + enantato de estradiol solução injetável 150 mg/mL + 10mg/mL,Medicamentos para a saúde da mulher,UBS (farmácia ambulatorial)
60.,33417,aloe vera gel 10% pote 200g (babosa),Medicamentos homeopáticos ou fitoterápicos,"UBS - Unidades de Referência* (farmácia ambulatorial) *Unidades Básicas de Saúde (UBS) Dispensadoras de Fitoterápicos Oficinais, conforme lista disponibilizada na página https://www.saude.df.gov.br/farmacias-vivas- fitoterapicos."
61.,33418,aloe vera gel 10% pote 30g (babosa),Medicamentos homeopáticos ou fitoterápicos,"UBS - Unidades de Referência* (farmácia ambulatorial) *Unidades Básicas de Saúde (UBS) Dispensadoras de Fitoterápicos Oficinais, conforme lista disponibilizada na página https://www.saude.df.gov.br/farmacias-vivas- fitoterapicos."
62.,90210,alopurinol comprimido 100 mg,Preparados antigota,UBS (farmácia ambulatorial) e uso hospitalar
63.,2280,alopurinol comprimido 300 mg,Preparados antigota,UBS (farmácia ambulatorial) e uso hospitalar
64.,90279,alprostadil pó liofilizado ou solução injetável 20mcg frasco-ampola ou ampola,Outros preparados cardíacos,uso hospitalar
65.,90957,alprostadil solução injetável 500 mcg/mL ampola ou frasco-ampola 1 mL,Outros preparados cardíacos,uso hospitalar
66.,90980,alteplase pó liofilizado para solução injetável 50 mg frasco ampola,Agentes antitrombóticos,uso hospitalar
67.,37809,alteplase pó liofilizado para solução injetável 10 mg frasco-ampola,Agentes antitrombóticos,uso hospitalar
68.,37810,alteplase pó liofilizado para solução injetável 20 mg frasco-ampola,Agentes antitrombóticos,uso hospitalar
69.,13803,amantadina comprimido 100mg,Agentes dopaminérgicos,Farmácia do Componente Especializado
70.,32161,ambrisentana comprimido revestido 10 mg,Outros anti-hipertensivos,Farmácia do Componente Especializado
71.,31982,ambrisentana comprimido revestido 5 mg,Outros anti-hipertensivos,Farmácia do Componente Especializado
72.,90172,ambroxol xarope 3 mg/mL frasco 100 a 120 mL com doseador,"Expectorantes, excluindo associações com supressores da tosse",uso hospitalar
73.,90171,ambroxol xarope 6 mg/mL frasco 100 a 120 mL com doseador,"Expectorantes, excluindo associações com supressores da tosse",uso hospitalar
74.,31939,amicacina (sulfato) solução injetável 250 mg/mL ampola 2 mL,Antibacterianos aminoglicosídeos,uso hospitalar
75.,MSE31939,amicacina (sulfato) solução injetável 250 mg/mL ampola 2 mL - tuberculose (exclusivo hospital dia),Medicamentos para o tratamento da tuberculose multidrogarresistente,Centro Especializado em Doenças Infecciosas - CEDIN (antigo Hospital Dia)* *Exclusivo Programa SITE-TB.
76.,90890,amicacina (sulfato) solução injetável 50 mg/mL ampola 2 mL,Antibacterianos aminoglicosídeos,uso hospitalar
77.,21041,amido hidroxietilico solução coloide injetável 6% bolsa ou frasco 500mL sistema fechado de infusão,Sangue e produtos relacionados,uso hospitalar
78.,90150,aminofilina comprimido 100 mg,Outros medicamentos sistêmicos para doença obstrutiva das vias aéreas,uso hospitalar
79.,90300,amiodarona (cloridrato) comprimido 200 mg,"Antiarrítmicos, classe I e III",UBS (farmácia ambulatorial) e uso hospitalar
80.,90301,amiodarona solução injetável 50 mg/mL ampola 3 mL,"Antiarrítmicos, classe I e III",uso hospitalar e atendimento pré- hospitalar (SAMU)
81.,90100,amitriptilina (cloridrato) comprimido 25 mg,Antidepressivos,"UBS - Unidades de Referência* (farmácia ambulatorial) e uso hospitalar *Unidades Básicas de Saúde (UBS) Dispensadoras de Medicamentos Sujeitos à Controle Especial, conforme lista disponibilizada na página https://www.saude.df.gov.br/medicamentos-saude- mental-psicotropicos."
82.,90702,"amoxicilina + clavulanato de potássio pó p/ susp oral 50 mg/mL + 12,5 mg/mL frasco 75 ou 100 mL","Antibacterianos beta- lactâmicos, penicilinas",UBS (farmácia ambulatorial) e uso hospitalar
83.,90703,amoxicilina + clavulanato de potássio comprimido revestido 500mg +125mg,"Antibacterianos beta- lactâmicos, penicilinas",UBS (farmácia ambulatorial) e uso hospitalar
84.,90895,amoxicilina cápsula ou comprimido 500 mg,"Antibacterianos beta- lactâmicos, penicilinas",UBS (farmácia ambulatorial) e uso hospitalar
85.,90896,amoxicilina pó para suspensão oral 250 mg/5mL frasco 150 mL com doseador,"Antibacterianos beta- lactâmicos, penicilinas",UBS (farmácia ambulatorial) e uso hospitalar
86.,90881,ampicilina (sódica) pó para solução injetável 500 mg frasco ampola,"Antibacterianos beta- lactâmicos, penicilinas",uso hospitalar
87.,90302,ampicilina + sulbactam pó para solução injetável (2000 mg + 1000 mg)/frasco- ampola,"Antibacterianos beta- lactâmicos, penicilinas",uso hospitalar
88.,19898,"anagrelida (cloridrato) cápsula 0,5 mg",Medicamento de compra exclusiva do IHBDF,Farmácia Ambulatorial do HBDF
89.,90173,anastrozol comprimido 1 mg,Antagonistas hormonais e agentes relacionados,Farmácia Ambulatorial Oncológica do HRT e Farmácia Ambulatorial do HBDF
90.,MSE202410,anfotericina B (complexo lipídico) solução injetável 100mg frasco ampola - infecções fônicas sistêmicas,Medicamentos para o tratamento de infecções fúngicas sistêmicas,uso hospitalar
91.,202410,anfotericina B (complexo lipídico) suspensão injetável 100mg frasco ampola,Medicamentos com dificuldade de aquisição,uso hospitalar
92.,90367,anfotericina B (lipossomal) pó liofilizado injetável 50 mg frasco ampola,Antimicóticos de uso sistêmico,uso hospitalar
93.,MSE90367,anfotericina B (lipossomal) pó liofilizado injetável 50 mg frasco ampola - leishmaniose,Medicamentos para o tratamento de leishmaniose,uso hospitalar
94.,90922,Anfotericina B pó liofilizado para solução injetável 50 mg frasco ampola,Antimicóticos de uso sistêmico,uso hospitalar
95.,MSE90922,anfotericina B pó liofilizado para solução injetável 50 mg frasco ampola - leishmaniose,Medicamentos para o tratamento de leishmaniose,uso hospitalar
96.,MSE21685,anidulafungina pó liófilo para solução injetável 100 mg frasco ampola - infecções fúngicas sistêmicas,Medicamentos para o tratamento de infecções fúngicas sistêmicas,uso hospitalar
97.,8551,anlodipino (besilato) comprimido 10 mg,Bloqueadores seletivos do canal de cálcio com efeitos principalmente vasculares,UBS (farmácia ambulatorial) e uso hospitalar
98.,18458,anlodipino (besilato) comprimido 5 mg,Bloqueadores seletivos do canal de cálcio com efeitos principalmente vasculares,UBS (farmácia ambulatorial) e uso hospitalar
99.,MSE35950,artemeter + lumefantrina 20 + 120 mg comprimido (blister c/24 comprimidos) 35 kg - malária,Medicamentos para o tratamento da malária,Programa de Malária – Equipe Volante
100.,MSE35948,artemeter + lumefantrina 20 mg + 120 mg comprimido (blister c/12 comprimidos) 15 - 24 kg - malária,Medicamentos para o tratamento da malária,Programa de Malária – Equipe Volante
101.,MSE35949,artemeter + lumefantrina 20 mg + 120 mg comprimido (blister c/18 comprimidos) 25 - 34 kg - malária,Medicamentos para o tratamento da malária,Programa de Malária – Equipe Volante
102.,MSE35947,artemeter + lumefantrina 20 mg + 120 mg comprimido (blister c/6 comprimidos) 5 - 14 kg - malária,Medicamentos para o tratamento da malária,Programa de Malária – Equipe Volante
103.,MSE35945,artesunato + mefloquina 100 + 220 mg comprimido (blister com 3 comp) 6 a 11 anos – malária,Medicamentos para o tratamento da malária,Programa de Malária – Equipe Volante
104.,MSE35946,artesunato + mefloquina 100 + 220 mg comprimido (blister com 6 comp) 12 anos ou mais - malária,Medicamentos para o tratamento da malária,Programa de Malária – Equipe Volante
105.,MSE35943,artesunato + mefloquina 25 + 55 mg comprimido (blister com 3 comp) 6 a 11 meses - malária,Medicamentos para o tratamento da malária,Programa de Malária – Equipe Volante
106.,MSE35944,artesunato + mefloquina 25 + 55 mg comprimido (blister com 6 comp) 1 a 5 anos - malária,Medicamentos para o tratamento da malária,Programa de Malária – Equipe Volante
107.,MSE33191,artesunato 60 mg/mL pó liófilo para injeção endovenosa - malária,Medicamentos para o tratamento da malária,Programa de Malária – Equipe Volante
108.,MSE32516,atazanavir cápsula 300mg - HIV,Medicamentos para o manejo da infecção pelo HIV,"Policlínica de Ceilândia, Policlínica do Gama, Policlínica de Planaltina, Policlínica de Taguatinga, UBS 1 Lago Sul, Farmácia Escola (HUB) e Centro Especializado em Doenças Infecciosas - CEDIN (antigo Hospital Dia)"
109.,21013,atenolol comprimido 100mg,Agentes beta bloqueadores,UBS (farmácia ambulatorial e farmácia interna)
110.,90188,atenolol comprimido 50 mg,Agentes beta bloqueadores,UBS (farmácia ambulatorial e farmácia interna) e uso hospitalar
111.,4383,atorvastatina comprimido 10mg,"Agentes modificadores de lipídios, isolados",Farmácia do Componente Especializado
112.,8820,atorvastatina comprimido 20mg,"Agentes modificadores de lipídios, isolados",Farmácia do Componente Especializado
113.,90460,"atropina (sulfato) solução injetável 0,25 mg/mL ampola 1 mL","Beladona e derivados, isolados",uso hospitalar e atendimento pré- hospitalar (SAMU)
114.,90841,atropina (sulfato) solução oftálmica 1 % frasco 5 mL,Midriáticos e cicloplégicos,uso hospitalar
115.,90770,azatioprina comprimido 50mg,Imunossupressores,Farmácia do Componente Especializado e uso hospitalar
116.,MSE35623,azitromicina comprimido 250mg - coqueluche,Medicamentos para o tratamento da coqueluche,"UBS - Unidades de Referência* (farmácia ambulatorial) *Medicamento disponibilizado nas Unidades de Referência, conforme lista disponibilizada na página https://www.saude.df.gov.br/coqueluche3."
117.,90106,azitromicina comprimido 500 mg,"Lincosaminas e estreptograminas, macrolídeos",UBS (farmácia ambulatorial) e uso hospitalar
118.,MSE35973,azitromicina comprimido 500 mg - cólera,Medicamentos para o tratamento da cólera,Farmácia Escola (HUB)
119.,MSE35974,azitromicina comprimido 500 mg - tracoma,Medicamentos para o tratamento de tracoma,Farmácia Escola (HUB)
120.,90259,azitromicina pó para solução injetável 500 mg frasco ampola,"Lincosaminas e estreptograminas, macrolídeos",uso hospitalar
121.,MSE34538,azitromicina pó para suspensão oral com 600 mg para preparo de suspensão de 40 mg/mL - tracoma,Medicamentos para o tratamento de tracoma,Farmácia Escola (HUB)
122.,20127,"azitromicina pó para suspensão oral com 900 mg para preparo de suspensão de 40 mg/mL frasco 22,5 mL","Lincosaminas e estreptograminas, macrolídeos",UBS (farmácia ambulatorial) e uso hospitalar
123.,90717,aztreonam pó para solução injetável 1 g frasco ampola,Outros antibacterianos beta-lactâmicos,uso hospitalar
124.,90327,baclofeno comprimido 10 mg,"Relaxantes musculares, agentes de ação central",Farmácia Ambulatorial do HBDF e uso hospitalar
125.,MS37771,baricitinibe comprimido revestido 2 mg,Imunossupressores,Farmácia do Componente Especializado
126.,MS37772,baricitinibe comprimido revestido 4 mg,Imunossupressores,Farmácia do Componente Especializado
127.,90092*,beclometasona (dipropionato) spray oral 250 mcg/dose frasco 200 doses *será substituído pelo código 39221 beclometasona (dipropionato) solução aerossol oral 250mcg/dose frasco 200 doses,"Outros medicamentos para doença obstrutiva das vias aéreas, inalantes",UBS (farmácia ambulatorial) e uso hospitalar
128.,27680*,beclometasona (dipropionato) spray oral 50mcg/dose frasco 200 doses *será substituído pelo código 39220 beclometasona (dipropionato) solução aerossol oral 50mcg/dose frasco 200 doses,"Outros medicamentos para doença obstrutiva das vias aéreas, inalantes",UBS (farmácia ambulatorial)
129.,25471,beclometasona (dipropionato) spray nasal 50 mcg/dose frasco 200 doses,"Outros medicamentos para doença obstrutiva das vias aéreas, inalantes",UBS (farmácia ambulatorial) e uso hospitalar
130.,MSE38512,bedaquilina comprimido 100mg - tuberculose (exclusivo hospital dia),Medicamentos para o tratamento da tuberculose multidrogarresistente,Centro Especializado em Doenças Infecciosas - CEDIN (antigo Hospital Dia)* *Exclusivo Programa SITE-TB.
131.,90874,benzilpenicilina benzatina pó para suspensão injetável 600.000 ui frasco ampola,"Antibacterianos beta- lactâmicos, penicilinas",UBS (farmácia interna) e uso hospitalar
132.,MSE33608,benzilpenicilina benzatina pó para suspensão injetável ou suspensão injetável 1.200.000 ui frasco ampola - sífilis,Medicamentos para o tratamento da sífilis,UBS (farmácia interna)
133.,33608*,benzilpenicilina benzatina pó para suspensão injetável 1.200.000 UI frasco- ampola *será substituído pelo código 39218 benzilpenicilina benzatina pó para suspensão injetável ou suspensão injetável 1.200.000 UI frasco ampola,"Antibacterianos beta- lactâmicos, penicilinas",UBS (farmácia interna) e uso hospitalar
134.,33609*,benzilpenicilina benzatina suspensão injetável 1.200.000 UI frasco-ampola *será substituído pelo código 39218 benzilpenicilina benzatina pó para suspensão injetável ou suspensão injetável 1.200.000 UI frasco ampola,"Antibacterianos beta- lactâmicos, penicilinas",UBS (farmácia interna) e uso hospitalar
135.,90876,benzilpenicilina potássica pó para solução injetável 5.000.000 UI frasco ampola com capacidade para 10 mL de diluente,"Antibacterianos beta- lactâmicos, penicilinas",uso hospitalar
136.,MSE90876,benzilpenicilina potássica pó para solução injetável 5.000.000 UI frasco ampola com capacidade para 10 mL de diluente - sífilis,Medicamentos para o tratamento da sífilis,uso hospitalar
137.,90878,benzilpenicilina procaína + potássica pó para suspensão injetável 300.000 + 100.000 UI frasco ampola,"Antibacterianos beta- lactâmicos, penicilinas",UBS (farmácia interna) e uso hospitalar
138.,MSE33252,benznidazol 100 mg comprimido - doença de chagas,Medicamentos para o tratamento de chagas,Farmácia Escola (HUB)
139.,MSE33251,"benznidazol 12,5 mg comprimido - programa chagas",Medicamentos para o tratamento de chagas,Farmácia Escola (HUB)
140.,36309*,benzocaína gel 200 mg/g (20%) pote 12g (uso exclusivo odontologia) *será substituído pelo código 39364 - benzocaína gel tópico 200 mg/g (20%) pote. Unidade de estoque: grama (uso exclusivo odontologia),Anestésicos locais,UBS (farmácia interna - uso exclusivo da odontologia) e uso hospitalar (uso exclusivo da odontologia)
141.,MS2817,betainterferona 1A injetável 12.000.000 UI (44 mcg) seringa preenchida,Imunomoestimulantes,Farmácia do Componente Especializado
142.,MS3350,betainterferona 1A injetável 6.000.000 UI (30 mcg) frasco ampola + seringa preenchida com diluente,Imunomoestimulantes,Farmácia do Componente Especializado
143.,MS4824,betainterferona 1A injetável 6.000.000 UI (22mcg) seringa preenchida pronta para uso,Imunomoestimulantes,Farmácia do Componente Especializado
144.,MS6593,"betainterferona 1B pó liofilizado para solução injetável 9.600.000ui/frasco- ampola +diluente (após reconstituição cada mL de solução contém 0,25mg ou 8.000.000 UI)",Imunomoestimulantes,Farmácia do Componente Especializado
145.,90094,betametasona (acetato + fosfato) suspensão injetável (3 mg + 3 mg)/mL ampola 1 mL,"Corticosteróides de uso sistêmico, isolado",uso hospitalar
146.,90640,"betametasona (valerato) creme 0,1 % bisnaga 30 g",Corticosteróides isolados,uso hospitalar
147.,13812,bezafibrato comprimido de desintegração lenta 400mg,"Agentes modificadores de lipídios, isolados",Farmácia do Componente Especializado
148.,7536,bezafibrato drágea ou comprimido revestido 200mg,"Agentes modificadores de lipídios, isolados",Farmácia do Componente Especializado
149.,90786,bicalutamida comprimido 50mg,Antagonistas hormonais e agentes relacionados,Farmácia Ambulatorial Oncológica do HRT e Farmácia Ambulatorial do HBDF
150.,90550,"bicarbonato de sódio solução injetável 8,4 % (1 meq/mL) ampola 10 mL",Aditivos de soluções endovenosas,uso hospitalar
151.,90551,"bicarbonato de sódio solução injetável 8,4 % (1 meq/mL) frasco 250 mL",Sangue e produtos relacionados,uso hospitalar e atendimento pré- hospitalar (SAMU)
152.,MS19730,"bimatoprosta solução oftálmica 0,3 mg/mL frasco 3 mL",Preparados antiglaucoma e mióticos,Farmácia do Componente Especializado
153.,MSE18016,biopterina comprimido 100mg - raiva humana,Medicamentos para o tratamento da raiva humana,uso hospitalar
154.,MS36095,"biotina cápsula 2,5 mg",Outra preparações vitamínicas simples,Farmácia do Componente Especializado
155.,90090,biperideno (cloridrato) comprimido 2 mg,Agentes anticolinérgicos,"UBS - Unidades de Referência* (farmácia ambulatorial), uso hospitalar e atendimento pré-hospitalar (SAMU) *Unidades Básicas de Saúde (UBS) Dispensadoras de Medicamentos Sujeitos à Controle Especial, conforme lista disponibilizada na página https://www.saude.df.gov.br/medicamentos-saude- mental-psicotropicos."
156.,90500*,bisacodil drágea 5 mg *será substituído pelo código 39215 bisacodil comprimido revestido liberação retardada 5 mg,Laxativos,uso hospitalar
157.,90792,bleomicina (sulfato) pó para solução injetável 15 U frasco-ampola,Antibióticos citotóxico e substâncias relacionadas,uso hospitalar (exclusivo HRT)
158.,201482,bosentana comprimido revestido 125 mg (frasco ou blister),Outros anti-hipertensivos,Farmácia do Componente Especializado
159.,201757,"bosentana comprimido revestido 62,5 mg",Outros anti-hipertensivos,Farmácia do Componente Especializado
160.,10325,"brimonidina (tartarato) solução oftálmica 0,2 % frasco 5 mL",Preparados antiglaucoma e mióticos,Farmácia do Componente Especializado
161.,19993,brinzolamida 10mg/mL suspensão oftálmica frasco 5mL,Preparados antiglaucoma e mióticos,Farmácia do Componente Especializado
162.,90297,bromoprida cápsula ou comprimido 10mg,Propulsivos,UBS (farmácia ambulatorial e farmácia interna) e uso hospitalar
163.,90255,bromoprida solução injetável 5mg/mL ampola 2mL,Propulsivos,"UBS (farmácia interna), uso hospitalar e atendimento pré-hospitalar (SAMU)"
164.,604*,budesonida aerossol nasal 32mcg/dose frasco 120 doses com válvula dosificadora *será substituído pelo código 39219 budesonida suspensão nasal 32mcg/dose frasco 120 doses,"Outros medicamentos para doença obstrutiva das vias aéreas, inalantes",UBS (farmácia ambulatorial) e uso hospitalar
165.,90020,bupivacaína (cloridrato) + glicose solução injetável (5 mg + 80 mg)/mL ampola 4 mL,Anestésicos locais,uso hospitalar
166.,90021,bupivacaína (cloridrato) solução injetável 5 mg/mL frasco-ampola 20 mL,Anestésicos locais,uso hospitalar
167.,37454,bupivacaína (cloridrato) isobárica solução injetável 5 mg/mL ampola 4 mL,Anestésicos locais,uso hospitalar
168.,MSE773,bupropiona comprimido 150mg - tabagismo,Medicamentos usados em transtorno aditivo,"Unidades de Referência* *Medicamento destinado ao Programa Nacional de Controle do Tabagismo. Disponibilizado nos Centros de Atendimento de Tabagismo, conforme lista disponível na página: https://www.saude.df.gov.br/tabagismo."
169.,MS38404,burosumabe solução injetável 10 mg/mL frasco ampola 1 mL,Medicamentos que afetam a estrutura óssea e mineralização,Farmácia do Componente Especializado
170.,MS38406,burosumabe solução injetável 20 mg/mL frasco ampola 1 mL,Medicamentos que afetam a estrutura óssea e mineralização,Farmácia do Componente Especializado
171.,90461,butilbrometo de escopolamina solução injetável 20 mg/mL ampola 1 mL,"Beladona e derivados, isolados","UBS (farmácia interna), uso hospitalar e atendimento pré-hospitalar (SAMU)"
172.,90462,butilbrometo de escopolamina comprimido ou drágea 10 mg,"Beladona e derivados, isolados",UBS (farmácia ambulatorial) e uso hospitalar
173.,607,"cabergolina comprimido 0,5mg",Outros ginecológicos,uso hospitalar
174.,MS607,"cabergolina comprimido 0,5mg",Outros ginecológicos,Farmácia do Componente Especializado
175.,MSE607,"cabergolina comprimido 0,5mg (inibição da lactação de parturientes com HIV)",Medicamentos para a saúde da mulher,uso hospitalar (maternidades)
176.,36828,cafeína (citrato) solução injetável 20mg/mL ampola 1 mL,Outros medicamentos sistêmicos para doença obstrutiva das vias aéreas,uso hospitalar
177.,609,"calcitonina sintética de salmão 200ui/dose frasco spray nasal 2,0mL",Agentes antiparatireoideanos,Farmácia do Componente Especializado
178.,19709,"calcitriol cápsula 0,25mcg (frasco ou blister)","Vitamina a e d, incluindo associações das duas",Farmácia do Componente Especializado
179.,90268,capecitabina comprimido revestido 500 mg,Antimetabólitos,Farmácia Ambulatorial Oncológica do HRT e Farmácia Ambulatorial do HBDF
180.,90421,captopril comprimido 50 mg,"Inibidores da enzima conversora de angiotensina (eca), isolados",uso hospitalar
181.,90040,captopril comprimido sulcado 25 mg,"Inibidores da enzima conversora de angiotensina (eca), isolados","UBS (farmácia ambulatorial e farmácia interna), uso hospitalar e atendimento pré-hospitalar (SAMU)"
182.,90846,"carbacol solução injetável intraocular 0,1 mg/mL frasco ampola 2 mL",Preparados antiglaucoma e mióticos,uso hospitalar
183.,90071,carbamazepina comprimido 200 mg,Antiepilépticos,"UBS - Unidades de Referência* (farmácia ambulatorial) e uso hospitalar *Unidades Básicas de Saúde (UBS) Dispensadoras de Medicamentos Sujeitos à Controle Especial, conforme lista disponibilizada na página https://www.saude.df.gov.br/medicamentos-saude- mental-psicotropicos."
184.,90072,carbamazepina suspensão oral 100 mg/5 mL frasco 100 mL,Antiepilépticos,"UBS - Unidades de Referência* (farmácia ambulatorial) e uso hospitalar *Unidades Básicas de Saúde (UBS) Dispensadoras de Medicamentos Sujeitos à Controle Especial, conforme lista disponibilizada na página https://www.saude.df.gov.br/medicamentos-saude- mental-psicotropicos."
185.,21019,carbonato de cálcio (equivalente a 500 ou 600 mg de cálcio) + colecalciferol 400 ui comprimido (frasco ou blister),Cálcio,UBS (farmácia ambulatorial) e uso hospitalar
186.,11096,carbonato de cálcio comprimido ou drágea (equivalente 500mg de cálcio) (frasco ou blister),Cálcio,UBS (farmácia ambulatorial) e uso hospitalar
187.,90101,carbonato de lítio comprimido 300 mg,Antipsicóticos,"UBS - Unidades de Referência* (farmácia ambulatorial) e uso hospitalar *Unidades Básicas de Saúde (UBS) Dispensadoras de Medicamentos Sujeitos à Controle Especial, conforme lista disponibilizada na página https://www.saude.df.gov.br/medicamentos-saude- mental-psicotropicos."
188.,90811,carboplatina injetável 450 mg frasco - ampola,Outros agentes antineoplásicos,uso hospitalar
189.,203437,carvão ativado pó frasco ou envelope 25g (manipulado),Medicamentos manipulados,uso hospitalar
190.,5744,"carvedilol comprimido 12,5 mg",Agentes beta bloqueadores,UBS (farmácia ambulatorial) e uso hospitalar
191.,19399,"carvedilol comprimido 3,125 mg",Agentes beta bloqueadores,UBS (farmácia ambulatorial) e uso hospitalar
192.,90352,"carvedilol comprimido 6,25 mg",Agentes beta bloqueadores,UBS (farmácia ambulatorial) e uso hospitalar
193.,90275,caspofungina (acetato) pó para solução injetável 50 mg frasco ampola,Antimicóticos de uso sistêmico,uso hospitalar
194.,90276,caspofungina (acetato) pó para solução injetável 70 mg frasco ampola,Antimicóticos de uso sistêmico,uso hospitalar
195.,90884,cefalexina cápsula ou drágea ou comprimido 500 mg,Outros antibacterianos beta-lactâmicos,UBS (farmácia ambulatorial) e uso hospitalar
196.,90885,cefalexina suspensão ou pó para suspensão oral 50 mg/mL frasco 100 mL com doseador,Outros antibacterianos beta-lactâmicos,UBS (farmácia ambulatorial) e uso hospitalar
197.,90925,cefazolina sódica pó para solução injetável 1 g frasco ampola,Outros antibacterianos beta-lactâmicos,uso hospitalar
198.,90315,cefepima pó para solução injetável 1 g frasco-ampola,Outros antibacterianos beta-lactâmicos,uso hospitalar
199.,36518,cefotaxima (sódica) pó para solução injetável 1000 mg frasco ampola,Outros antibacterianos beta-lactâmicos,uso hospitalar
200.,38550,ceftazidima (pentaidratada) + avibactam (sódico) pó para solução para infusão 2000 mg + 500 mg,Outros antibacterianos beta-lactâmicos,uso hospitalar
201.,90888,ceftazidima pó para solução injetável 1 g frasco ampola,Outros antibacterianos beta-lactâmicos,uso hospitalar
202.,38551,ceftolozana (sulfato) + tazobactam (sódico) pó para solução para infusão 1000 mg + 500 mg,Outros antibacterianos beta-lactâmicos,uso hospitalar
203.,35709,ceftriaxona pó p/ sol inj 500mg IM frasco-ampola + solução diluente,Outros antibacterianos beta-lactâmicos,UBS (farmácia interna)
204.,90889,ceftriaxona pó para solução injetável 1g frasco ampola (via de administração IV ou IV e IM),Outros antibacterianos beta-lactâmicos,UBS (farmácia interna) e uso hospitalar
205.,17860,celecoxibe cápsula 200 mg,Produtos anti-inflamatórios e antirreumáticos não esteróides,"UBS - Unidades de Referência* (farmácia ambulatorial) *Unidades Básicas de Saúde (UBS) Dispensadoras de Medicamentos Sujeitos à Controle Especial, conforme lista disponibilizada na página https://www.saude.df.gov.br/medicamentos-saude- mental-psicotropicos."
206.,MS31151,certolizumabe pegol solução injetável 200mg/mL seringa preenchida,Imunossupressores,Farmácia do Componente Especializado
207.,90292,cetoconazol creme 2 % bisnaga 30 g,Antifúngicos para uso tópico,uso hospitalar
208.,31665,cetoconazol xampu 2% frasco 100 mL,Antifúngicos para uso tópico,UBS (farmácia ambulatorial)
209.,23543,"cetrorrelix (acetato) pó liófilo injetável 0,25 mg frasco ampola + seringa diluente + 2 agulhas",Gonadotropinas e outros estimulantes de ovulação,uso hospitalar
210.,90526,cianocobalamina (vitamina B12) solução injetável 1000 mcg ampola 1 mL a 2 mL,Vitamina B12 e ácido fólico,UBS (farmácia interna) e uso hospitalar
211.,18513,ciclobenzaprina (cloridrato) comprimido 10 mg,"Relaxantes musculares, agentes de ação central",UBS (farmácia ambulatorial) e uso hospitalar
212.,90771,ciclofosfamida comprimido revestido de liberação retardada 50 mg,Agentes alquilantes,Farmácia do Componente Especializado e Farmácia Ambulatorial do HBDF
213.,90812,ciclofosfamida pó para solução injetável 1 g frasco ampola,Agentes alquilantes,uso hospitalar
214.,90842,ciclopentolato solução oftálmica 1 % frasco 5 mL,Midriáticos e cicloplégicos,uso hospitalar
215.,90964,ciclosporina cápsula para microemulsão ou modificada 100mg,Imunossupressores,Farmácia do Componente Especializado
216.,90962,ciclosporina cápsula para microemulsão ou modificada 25mg,Imunossupressores,Farmácia do Componente Especializado
217.,90963,ciclosporina cápsula para microemulsao ou modificada 50 mg,Imunossupressores,Farmácia do Componente Especializado
218.,90773,ciclosporina solução oral 100 mg/mL frasco 50 mL com doseador,Imunossupressores,Farmácia do Componente Especializado
219.,19062,cilostazol comprimido 100mg,Agentes antitrombóticos,UBS (farmácia ambulatorial)
220.,37738,cimetidina solução injetável 150mg/mL ampola 2 mL (exclusivo oncologia),Medicamentos para de úlcera péptica e doença do refluxo gastro esofágico,uso hospitalar (exclusivo HRT)
221.,MS25336,cinacalcete (cloridrato) comprimido revestido 30 mg,Hormônios paratireoideanos e análogos,Farmácia do Componente Especializado
222.,MS31537,cinacalcete (cloridrato) comprimido revestido 60 mg,Hormônios paratireoideanos e análogos,Farmácia do Componente Especializado
223.,90362,cinarizina comprimido 75 mg,Preparados antivertigem,UBS (farmácia ambulatorial) e uso hospitalar
224.,13814,ciprofibrato comprimido 100mg,"Agentes modificadores de lipídios, isolados",Farmácia do Componente Especializado
225.,90902,ciprofloxacino (cloridrato) comprimido 500 mg,Antibacterianos quinolônicos,UBS (farmácia ambulatorial) e uso hospitalar
226.,90343,"ciprofloxacino (cloridrato) pomada oftálmica 0,35 % bisnaga 3,5 g",Antiinfecciosos,UBS (farmácia ambulatorial) e uso hospitalar
227.,90344,"ciprofloxacino (cloridrato) solução oftálmica 0,35 % frasco 5 mL",Antiinfecciosos,UBS (farmácia ambulatorial) e uso hospitalar
228.,10276,ciprofloxacino solução injetável 200 mg/100 mL bolsa ou frasco 100 mL sistema fechado de infusão,Antibacterianos quinolônicos,uso hospitalar
229.,90032,cisatracúrio (besilato) solução injetável 2 mg/mL frasco-ampola ou ampola 5 mL,"Relaxantes musculares, agentes de ação periférica",uso hospitalar
230.,90944,cisplatina solução injetável 50 mg frasco-ampola,Outros agentes antineoplásicos,uso hospitalar
231.,5270,citalopram comprimido 20mg,Antidepressivos,Farmácia do Componente Especializado
232.,MS38473,cladribina comprimido 10 mg,Imunossupressores,Farmácia do Componente Especializado
233.,MSE8831,claritromicina comprimido 500mg - tuberculose (exclusivo hospital dia),Medicamentos para o tratamento da tuberculose multidrogarresistente,Centro Especializado em Doenças Infecciosas - CEDIN (antigo Hospital Dia)* *Exclusivo Programa SITE-TB.
234.,MSE38470,claritromicina comprimido 500 mg - coqueluche,Medicamentos para o tratamento da coqueluche,"UBS - Unidades de Referência* (farmácia ambulatorial) *Medicamento disponibilizado nas Unidades de Referência, conforme lista disponibilizada na página https://www.saude.df.gov.br/coqueluche3."
235.,MSE38243,claritromicina comprimido 500 mg - hanseníase,Medicamentos para o tratamento da hanseníase,"Farmácia Escola (HUB), HRAN e Centro Especializado em Doenças Infecciosas - CEDIN (antigo Hospital Dia)"
236.,90099,clindamicina (cloridrato) cápsula 300 mg,"Lincosaminas e estreptograminas, macrolídeos",UBS (farmácia ambulatorial) e uso hospitalar
237.,MS38163,clindamicina cápsula 300 mg - hidradenite supurativa,"Lincosaminas e estreptograminas, macrolídeos",UBS (farmácia ambulatorial)
238.,90104,clindamicina solução injetável 150 mg/mL ampola 4 mL,"Lincosaminas e estreptograminas, macrolídeos",uso hospitalar
239.,8763,clobazam comprimido 10mg,Ansiolíticos,Farmácia do Componente Especializado
240.,MSE35957,clofazimina cápsula 100mg - hanseníase,Medicamentos para o tratamento da hanseníase,"UBS (farmácia ambulatorial) , Farmácia Escola (HUB), HRAN e Centro Especializado em Doenças Infecciosas - CEDIN (antigo Hospital Dia)"
241.,MSE34511,clofazimina cápsula 100mg - tuberculose (exclusivo hospital dia),Medicamentos para o tratamento da tuberculose multidrogarresistente,Centro Especializado em Doenças Infecciosas - CEDIN (antigo Hospital Dia)* *Exclusivo Programa SITE-TB.
242.,MSE90109,clofazimina cápsula 50mg - hanseniase,Medicamentos para o tratamento da hanseníase,"UBS (farmácia ambulatorial), Farmácia Escola (HUB), HRAN e Centro Especializado em Doenças Infecciosas - CEDIN (antigo Hospital Dia)"
243.,90102,clomipramina (cloridrato) comprimido ou drágea 25 mg,Antidepressivos,"UBS - Unidades de Referência* (farmácia ambulatorial) e uso hospitalar *Unidades Básicas de Saúde (UBS) Dispensadoras de Medicamentos Sujeitos à Controle Especial, conforme lista disponibilizada na página https://www.saude.df.gov.br/medicamentos-saude- mental-psicotropicos."
244.,90333,clomipramina comprimido liberação lenta 75 mg,Antidepressivos,"UBS - Unidades de Referência* (farmácia ambulatorial) *Unidades Básicas de Saúde (UBS) Dispensadoras de Medicamentos Sujeitos à Controle Especial, conforme lista disponibilizada na página https://www.saude.df.gov.br/medicamentos-saude- mental-psicotropicos."
245.,90007,clonazepam comprimido 2 mg,Antiepilépticos,"UBS - Unidades de Referência* (farmácia ambulatorial) e uso hospitalar *Unidades Básicas de Saúde (UBS) Dispensadoras de Medicamentos Sujeitos à Controle Especial, conforme lista disponibilizada na página https://www.saude.df.gov.br/medicamentos-saude- mental-psicotropicos."
246.,8829,"clonazepam solução oral 2,5 mg/mL frasco 20 mL",Antiepilépticos,"UBS - Unidades de Referência* (farmácia ambulatorial) e uso hospitalar *Unidades Básicas de Saúde (UBS) Dispensadoras de Medicamentos Sujeitos à Controle Especial, conforme lista disponibilizada na página https://www.saude.df.gov.br/medicamentos-saude- mental-psicotropicos."
247.,18929,clonidina (cloridrato) solução injetável 150 mcg ampola de 1 mL,Agentes antiadrenérgicos de ação central,uso hospitalar
248.,90351,clopidogrel comprimido 75 mg,Agentes antitrombóticos,"Farmácia Ambulatorial do HBDF, Policlínica de Taguatinga, Policlínica de Planaltina, uso hospitalar e atendimento pré-hospitalar (SAMU)"
249.,90774,clorambucila comprimido 2 mg,Medicamento de compra exclusiva do IHBDF,Farmácia Ambulatorial do HBDF
250.,90552,"cloreto de potássio solução injetável 10 % (1,34 meq/mL) ampola 10 mL",Aditivos de soluções endovenosas,uso hospitalar
251.,90540,cloreto de potássio solução oral 60 mg/mL frasco 100 mL com doseador,Potássio,UBS (farmácia ambulatorial) e uso hospitalar
252.,10267,"cloreto de sódio 0,9 % solução injetável bolsa ou frasco 100 mL sistema fechado de infusão embalagem primária isenta de pvc",Aditivos de soluções endovenosas,"UBS (farmácia interna), uso hospitalar e atendimento pré-hospitalar (SAMU)"
253.,10233,"cloreto de sódio 0,9 % solução injetável bolsa ou frasco 1000 mL sistema fechado de infusão",Aditivos de soluções endovenosas,uso hospitalar
254.,10268,"cloreto de sódio 0,9 % solução injetável bolsa ou frasco 250 mL sistema fechado de infusão embalagem primária isenta de pvc",Aditivos de soluções endovenosas,"UBS (farmácia interna), uso hospitalar e atendimento pré-hospitalar (SAMU)"
255.,10269,"cloreto de sódio 0,9 % solução injetável bolsa ou frasco 500 mL sistema fechado de infusão embalagem primária isenta de pvc",Aditivos de soluções endovenosas,"UBS (farmácia interna), uso hospitalar e atendimento pré-hospitalar (SAMU)"
256.,37167,"cloreto de sódio solução injetável 0,9% (9 mg/mL) ampola 10 mL",Aditivos de soluções endovenosas,uso hospitalar
257.,90555,"cloreto de sódio solução injetável 20 % (3,4 meq/mL) ampola 10 mL",Aditivos de soluções endovenosas,uso hospitalar
258.,24505,cloreto de sódio solução nasal 9 mg/mL frasco 30 mL,Descongestionantes e outros preparados nasais para uso tópico,UBS (farmácia ambulatorial) e uso hospitalar
259.,38774,"cloreto de sódio solução não injetável 0,9 % frasco 500 mL",Aditivos de soluções endovenosas,UBS (farmácia ambulatorial e farmácia interna)
260.,20324,clorexidina solução alcoólica 5 mg/mL frasco 1000 mL,Antissépticos e desinfetantes,UBS (farmácia interna) e uso hospitalar
261.,34535,clorexidina solução aquosa 10 mg/mL (1%) frasco 1000 mL - solução tópica,Antissépticos e desinfetantes,UBS (farmácia interna) e uso hospitalar
262.,20226,clorexidina solução degermante 40 mg/mL frasco 1000 mL,Antissépticos e desinfetantes,UBS (farmácia interna) e uso hospitalar
263.,MSE36821,cloroquina comprimido 150mg - covid- 19,Medicamentos para o tratamento do covid-19,uso hospitalar
264.,MSE4306,cloroquina comprimido 150mg - malária,Medicamentos para o tratamento da malária,Programa de Malária – Equipe Volante
265.,90121,clorpromazina (cloridrato) comprimido 100 mg,Antipsicóticos,"UBS - Unidades de Referência* (farmácia ambulatorial), uso hospitalar e atendimento pré-hospitalar (SAMU) *Unidades Básicas de Saúde (UBS) Dispensadoras de Medicamentos Sujeitos à Controle Especial, conforme lista disponibilizada na página https://www.saude.df.gov.br/medicamentos-saude- mental-psicotropicos."
266.,90122,clorpromazina (cloridrato) solução injetável 5 mg/mL ampola 5 mL,Antipsicóticos,uso hospitalar e atendimento pré- hospitalar (SAMU)
267.,90120,clorpromazina (cloridrato) solução oral gotas 40 mg/mL frasco 20 mL,Antipsicóticos,"UBS - Unidades de Referência* (farmácia ambulatorial), uso hospitalar e atendimento pré-hospitalar (SAMU) *Unidades Básicas de Saúde (UBS) Dispensadoras de Medicamentos Sujeitos à Controle Especial, conforme lista disponibilizada na página https://www.saude.df.gov.br/medicamentos-saude- mental-psicotropicos."
268.,4630,clozapina comprimido 100mg,Antipsicóticos,uso hospitalar
269.,MS4630,clozapina comprimido 100mg,Antipsicóticos,Farmácia do Componente Especializado
270.,MS10391,clozapina comprimido 25mg,Antipsicóticos,Farmácia do Componente Especializado
271.,612,codeína (fosfato) comprimido 30mg,Opiáceos,Farmácia do Componente Especializado e uso hospitalar
272.,39726,codeína (fosfato) solução oral 3 mg/mL frasco 120 mL,Opiáceos,Farmácia do Componente Especializado e uso hospitalar
273.,18561,"colagenase pomada dermatológica 0,6 ui/g ou 1,2 ui/g bisnaga 30 g",Enzimas,UBS (farmácia interna) e uso hospitalar
274.,19526,colistimetato sódico pó para solução inalatória e injetável 1.000.000 ui frasco.,Outros antibacterianos,Farmácia do Componente Especializado
275.,90529,"complexo b drágea, cápsula ou comprimido contendo, no mínimo, as seguintes vitaminas e suas doses mínimas: b1, 1,2mg; b2, 1,3mg; b3, 16mg; b6, 1,3mg. deverá conter exclusivamente vitaminas do complexo b","Vitamina do complexo b, incluindo associações",uso hospitalar
276.,90530,complexo b solução injetável ampola 2 mL,Aditivos de soluções endovenosas,UBS (farmácia interna) e uso hospitalar
277.,MSE8462,complexo protrombinico humano 500 a 600 UI frasco-ampola - coagulopatias,Vitamina k e outros hemostáticos,Hemocentro
278.,MSE33449,complexo protrombinico parcialmente ativado 1.000 UI frasco ampola - coagulopatias,Vitamina k e outros hemostáticos,Hemocentro
279.,MSE33450,complexo protrombinico parcialmente ativado 2.500 UI frasco ampola - coagulopatias,Vitamina k e outros hemostáticos,Hemocentro
280.,MSE33451,complexo protrombinico parcialmente ativado 500 UI frasco ampola - coagulopatias,Vitamina k e outros hemostáticos,Hemocentro
281.,8462,complexo protrombinico total injetável 500 ui a 600 UI frasco-ampola,Vitamina k e outros hemostáticos,uso hospitalar
282.,MSE33452,concentrado de fator VII ativado recombinante 1mg (50kui) frasco ampola - coagulopatias,Vitamina k e outros hemostáticos,Hemocentro
283.,MSE33453,concentrado de fator VII ativado recombinante 2mg (100kui) frasco ampola - coagulopatias,Vitamina k e outros hemostáticos,Hemocentro
284.,MSE33455,concentrado de fator VII ativado recombinante 5mg (250kui) frasco ampola - coagulopatias,Vitamina k e outros hemostáticos,Hemocentro
285.,MSE33456,concentrado de fator VIII para doença de von willebrand 450 a 500 UI frasco ampola - coagulopatias,Vitamina k e outros hemostáticos,Hemocentro
286.,MSE33457,concentrado de fator VIII para imunotolerancia contendo fator de von willebrand 250UI frasco ampola - coagulopatias,Vitamina k e outros hemostáticos,Hemocentro
287.,MSE33458,concentrado de fator VIII para imunotolerancia contendo fator de von willebrand 500 UI frasco ampola - coagulopatias,Vitamina k e outros hemostáticos,Hemocentro
288.,MSE33459,concentrado de fator VIII recombinante 1.000 UI frasco ampola - coagulopatias,Vitamina k e outros hemostáticos,Hemocentro
289.,MSE33462,concentrado de fator VIII recombinante 250 UI frasco ampola - coagulopatias,Vitamina k e outros hemostáticos,Hemocentro
290.,MSE33460,concentrado de fator VIII recombinante 500 UI frasco ampola - coagulopatias,Vitamina k e outros hemostáticos,Hemocentro
291.,MSE33463,concentrado plasmatico de fator IX 200 a 250 UI frasco ampola -coagulopatias,Vitamina k e outros hemostáticos,Hemocentro
292.,MSE33464,concentrado plasmatico de fator IX 500 a 600 UI frasco ampola -coagulopatias,Vitamina k e outros hemostáticos,Hemocentro
293.,MSE33467,concentrado plasmatico de fator VIII 1.000 UI frasco ampola - coagulopatias,Vitamina k e outros hemostáticos,Hemocentro
294.,MSE33465,concentrado plasmatico de fator VIII 250 UI frasco ampola - coagulopatias,Vitamina k e outros hemostáticos,Hemocentro
295.,MSE33466,concentrado plasmatico de fator VIII 500 UI frasco ampola - coagulopatias,Vitamina k e outros hemostáticos,Hemocentro
296.,MSE33468,concentrado plasmatico de fator XIII 250 UI frasco ampola - coagulopatias,Vitamina k e outros hemostáticos,Hemocentro
297.,MSE33469,concentrado plasmático de fibrinogênio (fator 1) pó liofilizado para solução injetável 1g frasco - coagulopatias,Vitamina k e outros hemostáticos,Hemocentro
298.,90938,contraste gastrointestinal a base de sulfato de bário suspensão oral 1 g/mL frasco 150 mL,"Meios de contraste para raio-x, não iodados",uso hospitalar
299.,24668,contraste radiológico não iônico hiposmolar solução injetável teor em iodo de 300mg/mL a 350 mg/mL frasco ampola 50 mL,"Meios de contraste para raios-x, iodados",uso hospitalar
300.,33420,cordia verbenacea gel 10% pote 200g (erva baleeira),Medicamentos homeopáticos ou fitoterápicos,"UBS - Unidades de Referência* (farmácia ambulatorial) *Unidades Básicas de Saúde (UBS) Dispensadoras de Fitoterápicos Oficinais, conforme lista disponibilizada na página https://www.saude.df.gov.br/farmacias-vivas- fitoterapicos."
301.,33419,cordia verbenacea gel 10% pote 30g (erva baleeira),Medicamentos homeopáticos ou fitoterápicos,"UBS - Unidades de Referência* (farmácia ambulatorial) *Unidades Básicas de Saúde (UBS) Dispensadoras de Fitoterápicos Oficinais, conforme lista disponibilizada na página https://www.saude.df.gov.br/farmacias-vivas- fitoterapicos."
302.,36668,dabigatrana (etexilato) cápsula 110mg,Agentes antitrombóticos,uso hospitalar e Farmácia do Componente Especializado
303.,28800,dabigatrana (etexilato) cápsula 150mg,Agentes antitrombóticos,uso hospitalar e Farmácia do Componente Especializado
304.,90783,dacarbazina pó liofilizado para solução injetável 200 mg frasco-ampola,Agentes alquilantes,uso hospitalar
305.,MSE34501,daclatasvir comprimido revestido 60mg - hepatite C,Medicamentos para hepatite C,Policlínica de Planaltina e Farmácia Escola (HUB)
306.,5720,danazol cápsula 100 mg,Medicamentos com dificuldade de aquisição,Farmácia do Componente Especializado
307.,18875,dantroleno (sódico) pó liófilo injetável 20 mg frasco-ampola,"Relaxantes musculares, agentes de ação direta",uso hospitalar
308.,36801,dapagliflozina comprimido revestido 10mg,"Medicamentos hipoglicemiantes, excluindo insulinas",Farmácia do Componente Especializado
309.,MSE39575,dapsona comprimido 100mg - HIV,Medicamentos para o manejo da infecção pelo HIV,"Policlínica de Ceilândia, Policlínica do Gama, Policlínica de Planaltina, Policlínica de Taguatinga, UBS 1 Lago Sul, Farmácia Escola (HUB) e Centro Especializado em Doenças Infecciosas - CEDIN (antigo Hospital Dia)"
310.,23032,daptomicina pó liófilo injetável 500 mg frasco ampola,Outros antibacterianos,uso hospitalar
311.,MSE33261,darunavir (etanolato) comprimido 150 mg - HIV,Medicamentos para o manejo da infecção pelo HIV,"Policlínica de Ceilândia, Policlínica do Gama, Policlínica de Planaltina, Policlínica de Taguatinga, UBS 1 Lago Sul, Farmácia Escola (HUB) e Centro Especializado em Doenças Infecciosas - CEDIN (antigo Hospital Dia)"
312.,MSE33260,darunavir (etanolato) comprimido 600mg - HIV,Medicamentos para o manejo da infecção pelo HIV,"Policlínica de Ceilândia, Policlínica do Gama, Policlínica de Planaltina, Policlínica de Taguatinga, UBS 1 Lago Sul, Farmácia Escola (HUB) e Centro Especializado em Doenças Infecciosas - CEDIN (antigo Hospital Dia)"
313.,MSE33262,darunavir (etanolato) comprimido 75 mg - HIV,Medicamentos para o manejo da infecção pelo HIV,"Policlínica de Ceilândia, Policlínica do Gama, Policlínica de Planaltina, Policlínica de Taguatinga, UBS 1 Lago Sul, Farmácia Escola (HUB) e Centro Especializado em Doenças Infecciosas - CEDIN (antigo Hospital Dia)"
314.,MSE38237,darunavir (etanolato) comprimido 800 mg - HIV,Medicamentos para o manejo da infecção pelo HIV,"Policlínica de Ceilândia, Policlínica do Gama, Policlínica de Planaltina, Policlínica de Taguatinga, UBS 1 Lago Sul, Farmácia Escola (HUB) e Centro Especializado em Doenças Infecciosas - CEDIN (antigo Hospital Dia)"
315.,MS33074,dasatinibe comprimido revestido 100 mg,Outros agentes antineoplásicos,Farmácia Ambulatorial do HBDF e Farmácia Escola (HUB)
316.,MS13188,dasatinibe comprimido revestido 20 mg,Outros agentes antineoplásicos,Farmácia Ambulatorial do HBDF e Farmácia Escola (HUB)
317.,MS203386,deferasirox comprimido dispersível 125mg,Todos os outros produtos terapêuticos,Farmácia do Componente Especializado
318.,MS203385,deferasirox comprimido dispersível 250mg,Todos os outros produtos terapêuticos,Farmácia do Componente Especializado
319.,MS203384,deferasirox comprimido dispersível 500mg,Todos os outros produtos terapêuticos,Farmácia do Componente Especializado
320.,30990,deferiprona comprimido 500 mg,Todos os outros produtos terapêuticos,Farmácia do Componente Especializado
321.,MSE38513,delamanida comprimido 50mg - tuberculose (exclusivo hospital dia),Medicamentos para o tratamento da tuberculose multidrogarresistente,Centro Especializado em Doenças Infecciosas - CEDIN (antigo Hospital Dia)* *Exclusivo Programa SITE-TB.
322.,90860,desferroxamina (mesilato) pó para solução injetável 500mg frasco ampola,Todos os outros produtos terapêuticos,Farmácia do Componente Especializado
323.,MSE33471,desmopressina 15 mcg/mL solução injetável - coagulopatias,Hormônios do lóbulo posterior da pituitária,Hemocentro
324.,MSE11163,desmopressina 4 mcg/mL solução injetável - coagulopatias,Hormônios do lóbulo posterior da pituitária,Hemocentro
325.,2198,"desmopressina spray nasal 0,1mg/mL frasco 2,5mL",Hormônios do lóbulo posterior da pituitária,uso hospitalar
326.,MS2198,"desmopressina spray nasal 0,1mg/mL frasco 2,5mL",Hormônios do lóbulo posterior da pituitária,Farmácia do Componente Especializado
327.,90105,"dexametasona (acetato) creme 0,1 % bisnaga 10 g",Corticosteróides isolados,UBS (farmácia ambulatorial e farmácia interna) e uso hospitalar
328.,90355,dexametasona comprimido 4 mg,"Corticosteróides de uso sistêmico, isolado",UBS (farmácia ambulatorial) e uso hospitalar
329.,33711,"dexametasona solução injetável 4 mg/mL 2,5 mL ampola ou frasco- ampola","Corticosteróides de uso sistêmico, isolado",UBS (farmácia interna) e uso hospitalar
330.,20832,"dexametasona suspensão oftálmica 0,1 % frasco 5 mL",Agentes anti-inflamatórios,UBS (farmácia ambulatorial) e uso hospitalar
331.,90760,dexclorfeniramina (maleato) comprimido 2 mg,Anti-histamínicos de uso sistêmico,UBS (farmácia ambulatorial) e uso hospitalar
332.,90141,dexclorfeniramina solução oral edulcorada ou xarope 2 mg / 5 mL frasco 100 mL com doseador,Anti-histamínicos de uso sistêmico,UBS (farmácia ambulatorial) e uso hospitalar
333.,20626,dexmedetomidina (cloridrato) solução injetável 100mcg/mL frasco-ampola 2mL,Hipnóticos e sedativos,uso hospitalar
334.,21623,dexpantenol pomada 50mg/g bisnaga 30g,Cicatrizantes,uso hospitalar
335.,90319,dextrana + hipromelose solução oftálmica (1mg +3mg)/mL frasco 15 mL,Outros oftalmológicos,UBS (farmácia ambulatorial) e uso hospitalar
336.,33729,dextrocetamina (escetamina) solução injetável 50mg/mL ampola 2mL,Anestésicos gerais,uso hospitalar e atendimento pré- hospitalar (SAMU)
337.,90326,diazepam comprimido 5 mg,Ansiolíticos,"UBS - Unidades de Referência* (farmácia ambulatorial), uso hospitalar e atendimento pré-hospitalar (SAMU) *Unidades Básicas de Saúde (UBS) Dispensadoras de Medicamentos Sujeitos à Controle Especial, conforme lista disponibilizada na página https://www.saude.df.gov.br/medicamentos-saude- mental-psicotropicos."
338.,90074,diazepam solução injetável 5 mg/mL ampola 2 mL,Ansiolíticos,uso hospitalar e atendimento pré- hospitalar (SAMU)
339.,90191,diclofenaco solução injetável 25 mg/mL ampola 3 mL,Produtos anti-inflamatórios e antirreumáticos não esteróides,"UBS (farmácia interna), uso hospitalar e atendimento pré-hospitalar (SAMU)"
340.,MSE33258,dietilcarbamazina comprimido 50 mg - filariose linfática,Medicamentos para o tratamento da filariose linfática,Farmácia Escola (HUB)
341.,37828,difenidramina (cloridrato) solução injetável 50 mg/mL ampola 1 mL (exclusivo oncologia),Anti-histamínicos de uso sistêmico,uso hospitalar (exclusivo HRT)
342.,90251,"digoxina comprimido 0,25 mg",Glicosidos cardíacos,UBS (farmácia ambulatorial) e uso hospitalar
343.,90159,diltiazem (cloridrato) comprimido 60 mg,Bloqueadores seletivos do canal de cálcio com efeito cardíaco direto,UBS (farmácia ambulatorial) e uso hospitalar
344.,90167,dimenidrinato + piridoxina (cloridrato) + glicose + frutose solução injetável 30 mg +50 mg + 1000 mg + 1000 mg ampola 10 mL,Antieméticos e antinauseantes,UBS (farmácia interna) e uso hospitalar
345.,39612,dipiridamol solução injetável 5 mg/mL ampola 2 mL (manipulado),Medicamentos manipulados,uso hospitalar
346.,1816,dipirona comprimido 500mg,Outros analgésicos e antipiréticos,UBS (farmácia ambulatorial e farmácia interna) e uso hospitalar
347.,90063,dipirona solução injetável 500 mg/mL 2 mL,Outros analgésicos e antipiréticos,"UBS (farmácia interna), uso hospitalar e atendimento pré-hospitalar (SAMU)"
348.,90062,dipirona solução oral 500 mg / mL frasco 10 mL,Outros analgésicos e antipiréticos,UBS (farmácia ambulatorial e farmácia interna) e uso hospitalar
349.,90260,"dobutamina (cloridrato) solução injetável 12,5 mg/mL ampola 20 mL","Estimulantes cardíacos, excluindo glicosidos cardíacos",uso hospitalar e atendimento pré- hospitalar (SAMU)
350.,90784,docetaxel solução injetável 80 mg frasco-ampola,Alcalóides de plantas e outros produtos naturais,uso hospitalar
351.,MSE34840,dolutegravir 50 mg comprimido - HIV,Medicamentos para o manejo da infecção pelo HIV,"Policlínica de Ceilândia, Policlínica do Gama, Policlínica de Planaltina, Policlínica de Taguatinga, UBS 1 Lago Sul, Farmácia Escola (HUB) e Centro Especializado em Doenças Infecciosas - CEDIN (antigo Hospital Dia) e UBS* (farmácia ambulatorial) *Unidades Básicas de Saúde (UBS) com farmácias dispensadoras de TARV (Terapia Antiretroviral) e de PEP (Profilaxia Pós-Exposição), conforme lista disponibilizada na página https://www.saude.df.gov.br/medicamentos-dst- aids."
352.,MSE38511,dolutegravir comprimido 5 mg - HIV,Medicamentos para o manejo da infecção pelo HIV,"Policlínica de Ceilândia, Policlínica do Gama, Policlínica de Planaltina, Policlínica de Taguatinga, UBS 1 Lago Sul, Farmácia Escola (HUB), Centro Especializado em Doenças Infecciosas - CEDIN (antigo Hospital Dia) e uso hospitalar (maternidades)"
353.,90253,domperidona comprimido 10 mg,Propulsivos,uso hospitalar
354.,90254,domperidona suspensão oral 1 mg/mL frasco 100 mL,Propulsivos,UBS (farmácia ambulatorial) e uso hospitalar
355.,MS542,donepezila comprimido 10mg,Medicamentos anti- demência,Farmácia do Componente Especializado
356.,MS538,donepezila comprimido 5mg,Medicamentos anti- demência,Farmácia do Componente Especializado
357.,90261,dopamina (cloridrato) solução injetável 5 mg/mL ampola 10 mL,"Estimulantes cardíacos, excluindo glicosidos cardíacos",uso hospitalar e atendimento pré- hospitalar (SAMU)
358.,21035,dorzolamida (cloridrato) solução oftálmica 2 % frasco 5 mL,Preparados antiglaucoma e mióticos,Farmácia do Componente Especializado
359.,6365,doxazosina (mesilato) comprimido 2mg,Agentes antiadrenérgicos de ação periférica,UBS (farmácia ambulatorial)
360.,17827,doxazosina (mesilato) comprimido 4mg,Agentes antiadrenérgicos de ação periférica,UBS (farmácia ambulatorial)
361.,MSE35969,doxiciclina comprimido 100 mg - febre maculosa,Medicamentos para o tratamento da febre maculosa,Farmácia Escola (HUB) e uso hospitalar
362.,MSE35970,doxiciclina comprimido 100 mg - ist,Medicamento para o tratamento de infecções sexualmente transmissíveis,UBS (farmácia ambulatorial)
363.,MSE35972,doxiciclina comprimido 100 mg - brucelose,Medicamentos para o tratamento da brucelose,"Policlínicas, Farmácia Escola (HUB) e Centro Especializado em Doenças Infecciosas - CEDIN (antigo Hospital Dia)"
364.,MSE38527,doxiciclina comprimido dispersível 100mg - febre maculosa,Medicamentos para o tratamento da febre maculosa,uso hospitalar
365.,90948,doxiciclina comprimido revestido ou comprimido solúvel 100 mg,Tetraciclinas,UBS (farmácia ambulatorial) e uso hospitalar
366.,MSE33475,doxiciclina pó para solução injetável 100 mg - febre maculosa,Medicamentos para o tratamento da febre maculosa,uso hospitalar
367.,90795,doxorrubicina (cloridrato) solução injetável ou pó liofilizado para solução injetável 50 mg frasco-ampola,Antibióticos citotóxico e substâncias relacionadas,uso hospitalar
368.,37995,"dupilumabe solução injetável 200 mg seringa preenchida 1,14 mL",Outros preparados dermatológicos,Farmácia do Componente Especializado
369.,36478,dupilumabe solução injetável 300mg seringa preenchida 2 mL,Outros preparados dermatológicos,Farmácia do Componente Especializado
370.,MS22635,eculizumabe solução para diluição para infusão 10 mg/mL frasco-ampola 30 mL,Imunossupressores,Farmácia do Componente Especializado
371.,MSE90047,efavirenz (efz) cápsula 200 mg - HIV,Medicamentos para o manejo da infecção pelo HIV,"Policlínica de Ceilândia, Policlínica do Gama, Policlínica de Planaltina, Policlínica de Taguatinga, UBS 1 Lago Sul, Farmácia Escola (HUB) e Centro Especializado em Doenças Infecciosas - CEDIN (antigo Hospital Dia)"
372.,MSE21348,efavirenz (efz) comprimido 600 mg - HIV,Medicamentos para o manejo da infecção pelo HIV,"Policlínica de Ceilândia, Policlínica do Gama, Policlínica de Planaltina, Policlínica de Taguatinga, UBS 1 Lago Sul, Farmácia Escola (HUB) e Centro Especializado em Doenças Infecciosas -"
373.,MSE21349,efavirenz (efz) solução oral 30 mg/mL frasco 180 mL - HIV,Medicamentos para o manejo da infecção pelo HIV,"Policlínica de Ceilândia, Policlínica do Gama, Policlínica de Planaltina, Policlínica de Taguatinga, UBS 1 Lago Sul, Farmácia Escola (HUB) e Centro Especializado em Doenças Infecciosas - CEDIN (antigo Hospital Dia)"
374.,90153,efedrina (sulfato) solução injetável 50 mg/mL ampola 1 mL,"Estimulantes cardíacos, excluindo glicosidos cardíacos",uso hospitalar
375.,MS38244,elexacaftor + tezacaftor + ivacaftor (100 mg + 50 mg + 75 mg) comprimido revestido co-embalado com ivacaftor 150 mg comprimido revestido,Outros produtos para o sistema respiratório,Farmácia do Componente Especializado
376.,MS38245,"elexacaftor + tezacaftor + ivacaftor (50 mg + 25 mg + 37,5 mg) comprimido revestido co-embalado com ivacaftor 75 mg comprimido revestido",Outros produtos para o sistema respiratório,Farmácia do Componente Especializado
377.,28719,eltrombopague olamina comprimido revestido 25 mg,Outros agentes hematológicos,Farmácia do Componente Especializado
378.,27930,eltrombopague olamina comprimido revestido 50mg,Outros agentes hematológicos,Farmácia do Componente Especializado
379.,90423,enalapril comprimido 20 mg,"Inibidores da enzima conversora de angiotensina (eca), isolados",UBS (farmácia ambulatorial) e uso hospitalar
380.,90422,enalapril comprimido 5 mg,"Inibidores da enzima conversora de angiotensina (eca), isolados",UBS (farmácia ambulatorial) e uso hospitalar
381.,MSE18299,enfuvirtida (t-20) po liofilizado solução injetável 90 mg/mL conjunto com diluente + seringa - HIV,Medicamentos para o manejo da infecção pelo HIV,"Policlínica de Ceilândia, Policlínica do Gama, Policlínica de Planaltina, Policlínica de Taguatinga, UBS 1 Lago Sul, Farmácia Escola (HUB) e Centro Especializado em Doenças Infecciosas - CEDIN (antigo Hospital Dia)"
382.,90424,enoxaparina sódica solução injetável 100 mg seringa preenchida 1 mL,Agentes antitrombóticos,uso hospitalar
383.,35694,enoxaparina sódica solução injetável 100 mg seringa preenchida 1 mL (exclusivo cardiologia),Agentes antitrombóticos,uso hospitalar
384.,90428,"enoxaparina sódica solução injetável 20 mg seringa preenchida 0,2 mL",Agentes antitrombóticos,uso hospitalar
385.,90427,"enoxaparina sódica solução injetável 40 mg seringa preenchida 0,4 mL",Agentes antitrombóticos,"Policlínica de Planaltina, Policlínica de Taguatinga, Farmácia Ambulatorial do HBDF, Centro Especializado em Saúde da Mulher - CESMU e uso hospitalar"
386.,90426,"enoxaparina sódica solução injetável 60 mg seringa preenchida 0,6 mL",Agentes antitrombóticos,"Policlínica de Planaltina, Policlínica de Taguatinga, Farmácia Ambulatorial do HBDF, Centro Especializado em Saúde da Mulher - CESMU e uso hospitalar"
387.,MS90426,"enoxaparina sódica solução injetável 60 mg seringa preenchida 0,6 mL",Agentes antitrombóticos,Farmácia do Componente Especializado
388.,35692,"enoxaparina sódica solução injetável 60 mg seringa preenchida 0,6 mL (exclusivo cardiologia)",Agentes antitrombóticos,uso hospitalar
389.,90425,"enoxaparina sódica solução injetável 80 mg seringa preenchida 0,8 mL",Agentes antitrombóticos,"Policlínica de Planaltina, Policlínica de Taguatinga, Farmácia Ambulatorial do HBDF, Centro Especializado em Saúde da Mulher - CESMU e uso hospitalar"
390.,35693,"enoxaparina sódica solução injetável 80 mg seringa preenchida 0,8 mL (exclusivo cardiologia)",Agentes antitrombóticos,uso hospitalar
391.,MS90427,"enoxaparina sódica solução injetável 40 mg seringa preenchida 0,4 mL",Agentes antitrombóticos,Farmácia do Componente Especializado
392.,MS623,entacapona comprimido revestido 200 mg (frasco ou blister),Agentes dopaminérgicos,Farmácia do Componente Especializado
393.,MSE21530,"entecavir comprimido revestido 0,5 mg - hepatite B",Medicamentos para hepatite B,"Policlínica de Ceilândia, Policlínica do Gama, Policlínica de Planaltina, Policlínica de Taguatinga, Farmácia Escola (HUB) e Centro Especializado em Doenças Infecciosas - CEDIN (antigo Hospital Dia)"
394.,90154,epinefrina solução injetável 1 mg/mL ampola 1 mL,"Estimulantes cardíacos, excluindo glicosidos cardíacos",uso hospitalar e atendimento pré- hospitalar (SAMU)
395.,MSE24303,eritromicina (estolato) comprimido 500mg - colera,Medicamentos para o tratamento da cólera,Farmácia Escola (HUB)
396.,MSE24309,eritromicina (estolato) suspensão oral 50 mg/mL frasco - colera,Medicamentos para o tratamento da cólera,Farmácia Escola (HUB)
397.,24309,eritromicina (estolato) suspensão oral 50 mg/mL frasco com no minimo 60mL com doseador,Medicamentos com dificuldade de aquisição,UBS (farmácia ambulatorial) e uso hospitalar
398.,90263,ertapenem pó para solução injetável 1 g frasco ampola,Outros antibacterianos beta-lactâmicos,uso hospitalar
399.,MSE90323,espiramicina comprimido 500 mg (1.500.000 UI) - toxoplasmose,Medicamentos para o tratamento da toxoplasmose,"UBS - Unidades de Referência* (farmácia ambulatorial), Policlínica de Planaltina e Farmácia Escola (HUB) *Medicamento disponibilizado nas Unidades de Referência, conforme lista disponibilizada na página https://www.saude.df.gov.br/medicamentos- toxoplasmose."
400.,90391,espironolactona comprimido 100 mg,Diuréticos poupadores de potássio,uso hospitalar
401.,90390,espironolactona comprimido 25 mg,Diuréticos poupadores de potássio,UBS (farmácia ambulatorial) e uso hospitalar
402.,MSE20795,estradiol (valerato) + noretisterona (enantato) solução injetável (5 mg +50 mg) / mL ampola ou seringa preenchida 1 mL,Medicamentos para a saúde da mulher,UBS (farmácia ambulatorial)
403.,MSE35966,estreptomicina (sulfato) pó liofilizado para solução injetável 1g frasco-ampola – tuberculose (exclusivo hospital dia),Medicamentos para o tratamento da tuberculose multidrogarresistente,Centro Especializado em Doenças Infecciosas - CEDIN (antigo Hospital Dia)* *Exclusivo Programa SITE-TB.
404.,MSE35967,estreptomicina (sulfato) po liofilizado para solução injetável 1g frasco-ampola - brucelose,Medicamentos para o tratamento da brucelose,Farmácia Escola (HUB)
405.,90132,estriol creme vaginal 1 mg / g bisnaga 50 g,Estrogênios,UBS (farmácia ambulatorial)
406.,MSE90146,etambutol (cloridrato) comprimido 400mg - tuberculose,Medicamentos para o tratamento da tuberculose,"UBS (farmácia ambulatorial), Policlínica de Planaltina, Policlínica de Taguatinga, Policlínica do Gama, Policlínica de Ceilândia, UBS 1 Lago Sul, Farmácia Escola (HUB), Centro Especializado em Doenças Infecciosas - CEDIN (antigo Hospital Dia) e uso hospitalar"
407.,MS7762,etanercepte po liofilizado para injetável 25mg frasco ampola + solução diluente,Imunossupressores,Farmácia do Componente Especializado
408.,M S21833 MS38518,etanercepte solução injetável 50 mg seringa preenchida,Imunossupressores,Farmácia do Componente Especializado
409.,38744,etilefrina (cloridrato) solução injetável 10 mg/mL ampola 1 mL,"Estimulantes cardíacos, excluindo glicosidos cardíacos",uso hospitalar
410.,MSE35953,"etinilestradiol + levonorgestrel comprimido 0,03 mg + 0,15 mg blister com 21 comprimidos",Medicamentos para a saúde da mulher,UBS (farmácia ambulatorial)
411.,MSE1832,etionamida comprimido revestido 250mg - tuberculose (exclusivo hospital dia),Medicamentos para o tratamento da tuberculose multidrogarresistente,Centro Especializado em Doenças Infecciosas - CEDIN (antigo Hospital Dia)* *Exclusivo Programa SITE-TB.
412.,90975,etomidato solução injetável 2 mg/mL ampola 10 mL,Anestésicos gerais,uso hospitalar e atendimento pré- hospitalar (SAMU)
413.,90803,etoposideo solução injetável 100 mg frasco-ampola,Alcalóides de plantas e outros produtos naturais,uso hospitalar
414.,21686,etossuximida xarope 50mg/mL frasco 120mL,Antiepilépticos,Farmácia do Componente Especializado
415.,MSE11790,etravirina comprimido 100 mg - HIV,Medicamentos para o manejo da infecção pelo HIV,"Policlínica de Ceilândia, Policlínica do Gama, Policlínica de Planaltina, Policlínica de Taguatinga, UBS 1 Lago Sul, Farmácia Escola (HUB) e Centro Especializado em Doenças Infecciosas - CEDIN (antigo Hospital Dia)"
416.,MSE35630,etravirina comprimido 200mg - HIV,Medicamentos para o manejo da infecção pelo HIV,"Policlínica de Ceilândia, Policlínica do Gama, Policlínica de Planaltina, Policlínica de Taguatinga, UBS 1 Lago Sul, Farmácia Escola (HUB) e Centro Especializado em Doenças Infecciosas - CEDIN (antigo Hospital Dia)"
417.,MS13226,"everolimo comprimido 0,5mg",Imunossupressores,Farmácia do Componente Especializado
418.,MS23202,"everolimo comprimido 0,75mg",Imunossupressores,Farmácia do Componente Especializado
419.,MS13228,everolimo comprimido 1mg,Imunossupressores,Farmácia do Componente Especializado
420.,90843,fenilefrina (cloridrato) solução oftálmica 10 % frasco conta-gotas 5 mL (manipulado),Descongestionantes e antialérgicos,uso hospitalar
421.,90075,fenitoina comprimido 100 mg,Antiepilépticos,"UBS - Unidades de Referência* (farmácia ambulatorial) e uso hospitalar *Unidades Básicas de Saude (UBS) Dispensadoras de Medicamentos Sujeitos à Controle Especial, conforme lista disponibilizada na página https://www.saude.df.gov.br/medicamentos-saude- mental-psicotropicos."
422.,90076,fenitoina solução injetável 50 mg/mL ampola 5 mL,Antiepilépticos,uso hospitalar e atendimento pré- hospitalar (SAMU)
423.,90077,fenobarbital comprimido 100 mg,Antiepilépticos,"UBS - Unidades de Referência* (farmácia ambulatorial) e uso hospitalar *Unidades Básicas de Saude (UBS) Dispensadoras de Medicamentos Sujeitos à Controle Especial, conforme lista disponibilizada na página https://www.saude.df.gov.br/medicamentos-saude- mental-psicotropicos."
424.,34750,fenobarbital solução injetável 200 mg ampola (via de administração iv ou iv e im),Antiepilépticos,uso hospitalar e atendimento pré- hospitalar (SAMU)
425.,90078,fenobarbital solução oral gotas 40 mg/mL frasco 20 mL,Antiepilépticos,"UBS - Unidades de Referência* (farmácia ambulatorial) e uso hospitalar *Unidades Básicas de Saude (UBS) Dispensadoras de Medicamentos Sujeitos à Controle Especial, conforme lista disponibilizada na página https://www.saude.df.gov.br/medicamentos-saude- mental-psicotropicos."
426.,MSE34113,fenoximetilpenicilina potássica 80.000ui/mL pó para suspensão oral frasco 60 mL - doença falciforme,Medicamentos para o tratamento da doença falciforme,Hospital da Criança (HCB)
427.,90011,"fentanila solução injetável 0,05 mg/mL ampola 2 mL",Anestésicos gerais,uso hospitalar e atendimento pré- hospitalar (SAMU)
428.,90959,"fentanila solução injetável 0,05 mg/mL ampola ou frasco-ampola 10 mL",Anestésicos gerais,uso hospitalar e atendimento pré- hospitalar (SAMU)
429.,90969,filgrastim solução injetável 300mcg seringa preenchida ou frasco-ampola,Imunomoestimulantes,"Farmácia Ambulatorial Oncológica do HRT, Farmácia Ambulatorial do HBDF e uso hospitalar"
430.,MS90969,filgrastim solução injetável 300mcg seringa preenchida ou frasco-ampola,Imunomoestimulantes,Farmácia do Componente Especializado
431.,21671,finasterida comprimido 5mg,Medicamentos usados em hipertrofia prostática benigna,UBS (farmácia ambulatorial)
432.,MS33272,"fingolimode (cloridrato) cápsula 0,5 mg",Imunossupressores,Farmácia do Componente Especializado
433.,19772,fitomenadiona (vitamina k) solução injetável intravenosa 10 mg/mL ampola (com indicação expressa para uso em neonatos) (manipulado),Medicamentos manipulados,uso hospitalar
434.,90528,fitomenadiona (vitamina k) solução injetável intra-muscular 10 mg/mL ampola 1 mL,Vitamina k e outros hemostáticos,uso hospitalar
435.,MSE38503,flucitosina cápsula 500mg - infecções fungicas sistêmicas,,Medicamentos para o tratamento de infecções fúngicas sistêmicas
436.,4350,fluconazol cápsula 150 mg,,Antimicóticos de uso sistêmico
437.,10275,fluconazol solução injetável 2 mg/mL bolsa ou frasco 100 mL sistema fechado de infusao,,Antimicóticos de uso sistêmico
438.,627,"fludrocortisona comprimido 0,1mg",,"Corticosteróides de uso sistêmico, isolado"
439.,90863,"flumazenil solução injetável 0,5 mg/ 5mL ampola 5 mL",,Todos os outros produtos terapêuticos
440.,34675*,fluoruracila solução injetável 50 mg/mL frasco-ampola 10 mL *será substituído pelo código 39720 fluoruracila solução injetável 50 mg/mL frasco-ampola 10 mL ou 20 mL. unidade de estoque/licitação: mL.,,Antimetabólitos
441.,203455*,,fluoruracila solução injetável 50 mg/mL frasco-ampola 20 mL,Antimetabólitos
442.,202404,fluoxetina (cloridrato) solução oral 20mg/mL frasco 20mL,,Antidepressivos
443.,90289,fluoxetina comprimido ou cápsula 20 mg,,"Antidepressivos ambulatorial) e uso hospitalar *Unidades Básicas de Saude (UBS) Dispensadoras de Medicamentos Sujeitos à Controle Especial, conforme lista disponibilizada na página https://www.saude.df.gov.br/medicamentos-saude- mental-psicotropicos."
444.,27683,fluticasona (propionato) aerossol ou spray para inalação oral 50mcg/dose frasco 120 doses,,"Outros medicamentos para doença obstrutiva das vias aéreas, inalantes"
445.,33426,foeniculum vulgare tintura 10% frasco 30mL (funcho),,"Medicamentos homeopáticos ou fitoterápicos ambulatorial) *Unidades Básicas de Saúde (UBS) Dispensadoras de Fitoterápicos Oficinais, conforme lista disponibilizada na página https://www.saude.df.gov.br/farmacias-vivas- fitoterapicos."
446.,90532,folinato de calcio 50 mg injetável frasco ampola,,Todos os outros produtos terapêuticos
447.,90519,folinato de calcio cápsula ou comprimido (equivalente 15 mg acido folinico),,Todos os outros produtos terapêuticos
448.,13810*,formoterol (fumarato) + budesonida po inalante (12mcg +400mcg)/dose frasco com 60 doses com inalador *será substituído pelo código 38596 formoterol (fumarato) + budesonida pó inalante ou cápsula com pó para inalação (12mcg +400mcg)/dose frasco com inalador com 60 doses ou tubo com 60 doses,,Inalantes adrenérgicos
449.,638*,formoterol (fumarato) + budesonida pó inalante (6mcg + 200mcg)/dose frasco com 60 doses com inalador *será substituído pelo código 38597 formoterol (fumarato) + budesonida pó inalante ou cápsula com pó para inalação (6mcg + 200mcg)/dose frasco com inalador com 60 doses ou tubo com 60 doses,Inalantes adrenérgicos,Farmácia do Componente Especializado
450.,31580*,formoterol (fumarato) pó inalante 12 mcg/dose cápsula + inalador *será substituído pelo código 38598 formoterol (fumarato) cápsula com pó para inalação ou cápsula inalatória 12mcg/dose + inalador,Inalantes adrenérgicos,Farmácia do Componente Especializado e uso hospitalar
451.,90556,fosfato de potassio solução injetável 2 meq/mL ampola 10 mL,Aditivos de soluções endovenosas,uso hospitalar
452.,90502,fosfato de sodio monobasico + fosfato de sodio dibasico solução enema (16 g +6 g)/100 mL frasco ou bolsa 125 mL a 133 mL,Laxativos,UBS (farmácia ambulatorial) e uso hospitalar
453.,23476,"fosfato tricalcico solução oral 12,9% frasco 100mL (manipulado)",Medicamentos manipulados,uso hospitalar
454.,21042,fulvestranto solução injetável 50 mg/mL seringa preenchida 5 mL,Antagonistas hormonais e agentes relacionados,Farmácia Ambulatorial Oncológica do HRT e Farmácia Ambulatorial do HBDF
455.,MS36108,fumarato de dimetila cápsula 120mg,Outros medicamentos do sistema nervoso,Farmácia do Componente Especializado
456.,MS36194,fumarato de dimetila cápsula 240mg,Outros medicamentos do sistema nervoso,Farmácia do Componente Especializado
457.,MSE35951,fumarato de tenofovir desoproxila + lamivudina + efavirenz 300mg + 300mg + 600 mg comprimido revestido - HIV,Medicamentos para o manejo da infecção pelo HIV,"Policlínica de Ceilândia, Policlínica do Gama, Policlínica de Planaltina, Policlínica de Taguatinga, UBS 1 Lago Sul, Farmácia Escola (HUB) e Centro Especializado em Doenças Infecciosas - CEDIN (antigo Hospital Dia)"
458.,90380,furosemida comprimido 40 mg,Diuréticos de alça ascendente,UBS (farmácia ambulatorial) e uso hospitalar
459.,90381,furosemida solução injetável 10 mg/mL ampola 2 mL,Diuréticos de alça ascendente,"UBS (farmácia interna), uso hospitalar e atendimento pré-hospitalar (SAMU)"
460.,17725,fórmula dietoterápica para crianças acima de 8 anos de idade portadoras de fenilcetonúria,Dietas enterais especiais regular,Farmácia do Componente Especializado
461.,17728,fórmula dietoterápica para crianças de 1 a 8 anos de idade portadoras de fenilcetonúria,Dietas enterais especiais regular,Farmácia do Componente Especializado
462.,17726,fórmula dietoterápica para lactentes de 0 a 1 ano de idade portadores de fenilcetonúria,Dietas enterais especiais regular,Farmácia do Componente Especializado
463.,MSE34503,fostensavir trometamol comprimido 600 mg – HIV,Medicamentos para o manejo da infecção pelo HIV,"Policlínica de Ceilândia, Policlínica do Gama, Policlínica de Planaltina, Policlínica de Taguatinga, UBS 1 Lago Sul, Farmácia Escola (HUB) e Centro Especializado em Doenças Infecciosas - CEDIN (antigo Hospital Dia)"
464.,5312,gabapentina cápsula 300mg,Antiepilépticos,Farmácia do Componente Especializado e uso hospitalar
465.,4822,gabapentina cápsula 400mg,Antiepilépticos,Farmácia do Componente Especializado e uso hospitalar
466.,MS21069,galantamina (hidrobrometo) cápsula de liberação prolongada 8mg,Medicamentos anti- demência,Farmácia do Componente Especializado
467.,MS15101,galantamina (hidrobrometo) cápsula liberação prolongada 16mg,Medicamentos anti- demência,Farmácia do Componente Especializado
468.,MS15503,galantamina (hidrobrometo) cápsula liberação prolongada 24mg (frasco ou blister),Medicamentos anti- demência,Farmácia do Componente Especializado
469.,MS11920,galsulfase solução injetável 1 mg/mL frasco ampola 5 mL,Outros medicamentos do aparelho digestivo e metabolismo,Farmácia do Componente Especializado
470.,90162,ganciclovir (sodico) injetável 500 mg frasco-ampola ou bolsa (exclusivo hrt),Antivirais de ação direta,uso hospitalar
471.,90781,gencitabina (cloridrato) po liofilizado p/ solução injetável 1000 mg frasco- ampola,Antimetabólitos,uso hospitalar
472.,13819,genfibrozila comprimido 600mg,"Agentes modificadores de lipídios, isolados",Farmácia do Componente Especializado
473.,37343,gentamicina (sulfato) solução injetável 20mg/mL ampola 1mL,Antibacterianos aminoglicosídeos,uso hospitalar
474.,90894,gentamicina solução injetável 40 mg/mL ampola 2 mL,Antibacterianos aminoglicosídeos,uso hospitalar
475.,MS36672,glatiramer solução injetável 40 mg/mL seringa preenchida ou frasco-ampola,Imunomoestimulantes,Farmácia do Componente Especializado
476.,MSE37749,glecaprevir + pibrentasvir comprimido 100mg + 40mg - hepatite C,Medicamentos para hepatite C,Policlínica de Planaltina e Farmácia Escola (HUB)
477.,90491,glibenclamida comprimido 5 mg,"Medicamentos hipoglicemiantes, excluindo insulinas",UBS (farmácia ambulatorial) e uso hospitalar
478.,90504,glicerina (glicerol) solução retal/enema 120mg/mL (12 %) frasco ou bolsa 500 mL com sonda ou aplicador,Laxativos,UBS (farmácia ambulatorial) e uso hospitalar
479.,10624,"glicina (acido aminoacetico) solução estéril, apirogência 15 mg/mL bolsa 3000 mL",Soluções de irrigação,uso hospitalar
480.,90225,gliclazida comprimido de liberacao prolongada 30 mg,"Medicamentos hipoglicemiantes, excluindo insulinas",UBS (farmácia ambulatorial) e uso hospitalar
481.,29664,gliclazida comprimido de liberacao prolongada 60 mg,"Medicamentos hipoglicemiantes, excluindo insulinas",UBS (farmácia ambulatorial) e uso hospitalar
482.,90564,gliconato de calcio solução injetável 100 mg/mL ampola 10 mL,Cálcio,uso hospitalar e atendimento pré- hospitalar (SAMU)
483.,34492,glicopirronio (brometo) 50 mcg cápsula para inalação,Outros medicamentos sistêmicos para doença obstrutiva das vias aéreas,Farmácia do Componente Especializado
484.,10245,glicose 10 % solução injetável bolsa ou frasco 250 mL sistema fechado de infusao,Outros nutrientes,uso hospitalar
485.,10249,glicose 10 % solução injetável bolsa ou frasco 500 mL sistema fechado de infusao,Outros nutrientes,uso hospitalar
486.,10270,"glicose 5 % + cloreto de sodio 0,9 % solução injetável bolsa ou frasco 500 mL sistema fechado de infusao",Outros nutrientes,uso hospitalar
487.,10251,glicose 5 % solução injetável bolsa ou frasco 100 mL sistema fechado de infusao,Outros nutrientes,uso hospitalar
488.,10271,glicose 5 % solução injetável bolsa ou frasco 250 mL sistema fechado de infusao embalagem primária isenta de pvc,Outros nutrientes,UBS (farmácia interna) e uso hospitalar
489.,10272,glicose 5 % solução injetável bolsa ou frasco 500 mL sistema fechado de infusao embalagem primária isenta de pvc,Outros nutrientes,"UBS (farmácia interna), uso hospitalar e atendimento pré-hospitalar (SAMU)"
490.,90562,glicose solução injetável 50 % ampola 10 mL,Outros nutrientes,"UBS (farmácia interna), uso hospitalar e atendimento pré-hospitalar (SAMU)"
491.,MS29141,"golimumabe solução injetável 50 mg/0,5 mL seringa preenchida",Imunossupressores,Farmácia do Componente Especializado
492.,90236,gonadotropina corionica humana (hcg) altamente purificada injetável 5.000 ui frasco-ampola ou ampola,Gonadotropinas e outros estimulantes de ovulação,uso hospitalar
493.,90233,gonadotropina humana da menopausa - menotropina (fsh-lh) injetável (75 ui + 75 ui) frasco-ampola ou ampola,Gonadotropinas e outros estimulantes de ovulação,uso hospitalar
494.,10158,"gosserrelina (acetato) 10,80 mg injetável de liberação prolongada (seringa preenchida)",Hormônios e agentes relacionados,"Farmácia do Componente Especializado, Farmácia Ambulatorial Oncológica do HRT e Farmácia Ambulatorial do HBDF"
495.,9364,"gosserrelina (acetato) 3,6 mg implante subcutâneo (seringa preenchida)",Hormônios e agentes relacionados,Farmácia Ambulatorial Oncológica do HRT e Farmácia Ambulatorial do HBDF
496.,90008,haloperidol (decanoato) solução injetável 50 mg/mL ampola 1 mL,Antipsicóticos,"UBS - Unidades de Referência* (farmácia ambulatorial) e uso hospitalar *Unidades Básicas de Saude (UBS) Dispensadoras de Medicamentos Sujeitos à Controle Especial, conforme lista disponibilizada na página https://www.saude.df.gov.br/medicamentos-saude- mental-psicotropicos. Medicamento dispensado conforme Nota Técnica nº 1/2021 (documento SEI nº 53874377) que trata da dispensação dos medicamentos haloperidol (decanoato) solução injetável 50 mg/mL ampola 1 mL e zuclopentixol solução injetável 200mg/mL ampola 1mL."
497.,90123,haloperidol comprimido 1 mg,Antipsicóticos,"UBS - Unidades de Referência* (farmácia ambulatorial), uso hospitalar e atendimento pré-hospitalar (SAMU) *Unidades Básicas de Saude (UBS) Dispensadoras de Medicamentos Sujeitos à Controle Especial, conforme lista disponibilizada na página https://www.saude.df.gov.br/medicamentos-saude- mental-psicotropicos."
498.,90124,haloperidol comprimido 5 mg,Antipsicóticos,"UBS - Unidades de Referência* (farmácia ambulatorial), uso hospitalar e atendimento pré-hospitalar (SAMU) *Unidades Básicas de Saude (UBS) Dispensadoras de Medicamentos Sujeitos à Controle Especial, conforme lista disponibilizada na página https://www.saude.df.gov.br/medicamentos-saude- mental-psicotropicos."
499.,90126,haloperidol solução injetável 5 mg/mL ampola 1 mL,Antipsicóticos,uso hospitalar e atendimento pré- hospitalar (SAMU)
500.,90125,haloperidol solução oral gotas 2 mg/mL frasco 20 mL,Antipsicóticos,"UBS - Unidades de Referência* (farmácia ambulatorial), uso hospitalar e atendimento pré-hospitalar (SAMU) *Unidades Básicas de Saude (UBS) Dispensadoras de Medicamentos Sujeitos à Controle Especial, conforme lista disponibilizada na página https://www.saude.df.gov.br/medicamentos-saude- mental-psicotropicos."
501.,90611,"heparina sódica solução injetável 5000 ui/0,25 mL ampola 0,25 mL",Agentes antitrombóticos,uso hospitalar
502.,90610,heparina sódica solução injetável 5000 ui/mL frasco ampola 5 mL,Agentes antitrombóticos,uso hospitalar
503.,21413,hidralazina 50mg comprimido ou dragea,Agentes que atuam sobre o músculo liso arteriolar,UBS (farmácia ambulatorial e farmácia interna) e uso hospitalar
504.,90411,hidralazina solução injetável 20 mg/mL ampola 1 mL,Agentes que atuam sobre o músculo liso arteriolar,uso hospitalar
505.,19847,hidroclorotiazida comprimido 25 mg,"Diuréticos de alça descentente, tiazidas",UBS (farmácia ambulatorial) e uso hospitalar
506.,90650*,hidrocortisona (acetato) creme 1 % bisnaga 15 g a 20 g *será substituído pelo código 39209 hidrocortisona (acetato) creme 10mg/g (1%) bisnaga. Unidade de estoque/licitação: grama.,Corticosteróides isolados,UBS (farmácia ambulatorial e farmácia interna) e uso hospitalar
507.,90645,hidrocortisona (succinato sodico) pó para solução injetável 500 mg frasco- ampola,"Corticosteróides de uso sistêmico, isolado","UBS (farmácia interna), uso hospitalar e atendimento pré-hospitalar (SAMU)"
508.,90644,hidrocortisona (succinato sodico) pó para solução injetável100 mg frasco- ampola,"Corticosteróides de uso sistêmico, isolado","UBS (farmácia interna), uso hospitalar e atendimento pré-hospitalar (SAMU)"
509.,3870,hidroxicloroquina comprimido 400mg,Antimaláricos,Farmácia do Componente Especializado
510.,23384,hidroxido de aluminio + hidroxido de magnésio suspensão oral (60 mg + 40 mg)/mL frasco com no minimo 100 mL,Antiácidos,UBS (farmácia ambulatorial) e uso hospitalar
511.,39600,hidroxiureia comprimido revestido 100 mg,Outros agentes antineoplásicos,Farmácia do Componente Especializado
512.,90666,hidroxiureia (hidroxicarbamida) cápsula 500mg (frasco ou blister),Outros agentes antineoplásicos,"Farmácia do Componente Especializado, Farmácia Ambulatorial do HBDF e uso hospitalar"
513.,MSE34528,hidroxocobalamina 5g solução injetável - intoxicação aguda por cianeto,Todos os outros produtos terapêuticos,HRAN
514.,11087,ibuprofeno comprimido 600 mg,Produtos antiinflamatórios e antirreumáticos não esteróides,UBS (farmácia ambulatorial) e uso hospitalar
515.,24503,ibuprofeno suspensão oral 50mg/mL frasco gotas 30mL,Produtos antiinflamatórios e antirreumáticos não esteróides,UBS (farmácia ambulatorial) e uso hospitalar
516.,90965,idarrubicina (cloridrato) po liofilizado para solução injetável 10 mg frasco- ampola,Medicamento de compra exclusiva do IHBDF,uso hospitalar
517.,MS10489,idursulfase solução injetável 2 mg/mL frasco ampola 3 mL,Outros medicamentos do aparelho digestivo e metabolismo,Farmácia do Componente Especializado
518.,31191,ifosfamida po liofilizado para solução injetável 2 g frasco-ampola,Agentes alquilantes,uso hospitalar
519.,35934,iloprosta solução para inalação 10 mcg/mL ampola 1 mL,Agentes antitrombóticos,Farmácia do Componente Especializado
520.,MS19341,imatinibe (mesilato) comprimido revestido ou cápsula 400 mg,Outros agentes antineoplásicos,"Farmácia Ambulatorial Oncológica do HRT, Farmácia Ambulatorial do HBDF, Farmácia Escola (HUB) e Farmácia Ambulatorial do HCB"
521.,MS90328,imatinibe (mesilato) comprimido revestido ou cápsula 100mg,Outros agentes antineoplásicos,"Farmácia Ambulatorial Oncológica do HRT, Farmácia Ambulatorial do HBDF, Farmácia Escola (HUB) e Farmácia Ambulatorial do HCB"
522.,MS23941,imiglucerase po liófilo injetável 400u frasco-ampola,Outros medicamentos do aparelho digestivo e metabolismo,Farmácia do Componente Especializado
523.,90918,imipenem + cilastatina sódica pó para solução injetável 500 mg + 500 mg frasco-ampola,Outros antibacterianos beta-lactâmicos,uso hospitalar
524.,90103,imipramina dragea ou comprimido revestido 25 mg,Antidepressivos,"UBS - Unidades de Referência* (farmácia ambulatorial) e uso hospitalar *Unidades Básicas de Saude (UBS) Dispensadoras de Medicamentos Sujeitos à Controle Especial, conforme lista disponibilizada na página https://www.saude.df.gov.br/medicamentos-saude- mental-psicotropicos."
525.,18912,imiquimode creme 50 mg/g sache 250 mg,Quimioterápicos de uso tópico,Farmácia Ambulatorial do HBDF e Centro Especializado em Saúde da Mulher - CESMU
526.,90741,imunoglobulina anti-rho (anti-d) solução injetável de 250 mcg a 300 mcg frasco -ampola ou seringa preenchida,Imunoglobulinas,uso hospitalar
527.,MS90988,"imunoglobulina humana 5,0g frasco",Imunoglobulinas,Farmácia do Componente Especializado
528.,MSE38261,imunoglobulina humana anti-hepatite B solução injetável 1000ui ampola ou frasco - hepatite B,Medicamentos para hepatite B,uso hospitalar
529.,32929*,imunoglobulina humana injetável 5g a 6g frasco-ampola *será substituído pelo código 38451 imunoglobulina humana injetável 5g frasco-ampola,Imunoglobulinas,uso hospitalar
530.,90313,"indapamida comprimido liberação prolongada 1,5 mg","Diuréticos de alça descendente, exceto tiazidas",UBS (farmácia ambulatorial) e uso hospitalar
531.,M S648 MS38519,infliximabe pó liofilizado para solução injetável 100 mg frasco-ampola,Imunossupressores,Farmácia do Componente Especializado
532.,90714,insulina análoga de ação ultra rápida solução injetável 100 UI/mL carpule de vidro 3 mL,Insulinas e análogos,"uso hospitalar e Para Diabetes Mellitus tipo 2: Policlínica de Planaltina, Policlínica de Taguatinga, Farmácia Escola (HUB), e Centro Especializado em Saúde da Mulher - CESMU"
533.,MS90714,insulina análoga de ação ultra rápida solução injetável 100 UI/mL carpule de vidro 3 mL,Insulinas e análogos,Para Diabetes Mellitus tipo 1: Farmácia do Componente Especializado
534.,38165*,insulina análoga de ação ultra rápida solução injetável 100 UI/mL carpule de vidro 3mL (crianças menores de 4 anos e grávidas) *caso os códigos 90714 e MS90714 não atendam a crianças menores de 4 anos e grávidas,Insulinas e análogos,"uso hospitalar e Para Diabetes Mellitus tipo 2: Policlínica de Planaltina, Policlínica de Taguatinga, Farmácia Escola (HUB), e Centro Especializado em Saúde da Mulher - CESMU Para Diabetes Mellitus tipo 1: Farmácia do Componente Especializado"
535.,14412,insulina análoga de ação ultra rápida solução injetável 100 UI/mL frasco- ampola 10mL,Insulinas e análogos,uso hospitalar
536.,39523,insulina degludeca 100 U/mL solução injetável carpule de vidro 3 mL,Insulinas e análogos,"Para Diabetes Mellitus tipo 1: Farmácia do Componente Especializado (caso o código MS37756 não atenda crianças menores de 2 anos e grávidas). Para Diabetes Mellitus tipo 2: Policlínica de Planaltina, Policlínica de Taguatinga, Farmácia Escola (HUB) e Centro Especializado em Saúde da Mulher - CESMU"
537.,18120,insulina glargina solução injetável 100 UI/mL carpule de vidro 3 mL,Insulinas e análogos,"Para Diabetes Mellitus tipo 2: Policlínica de Planaltina, Policlínica de Taguatinga, Farmácia Escola (HUB), e Centro Especializado em Saúde da Mulher - CESMU"
538.,17835,insulina glargina solução injetável 100 UI/mL frasco-ampola 10mL,Insulinas e análogos,uso hospitalar
539.,MS37756,insulina análoga de ação prolongada frasco 3mL,Insulinas e análogos,Para Diabetes Mellitus tipo 1: Farmácia do Componente Especializado
540.,90496,insulina humana NPH suspensão injetável 100 UI/mL frasco-ampola 10 mL,Insulinas e análogos,uso hospitalar
541.,MS90496,insulina humana NPH suspensão injetável 100 UI/mL frasco-ampola 10 mL,Insulinas e análogos,UBS (farmácia ambulatorial e farmácia interna)
542.,MS36283,insulina humana NPH suspensão injetável 100 UI/mL sistemas de aplicação preenchidos 3 mL,Insulinas e análogos,UBS (farmácia ambulatorial)
543.,MS38713,insulina humana NPH suspensão injetável 100 UI/mL carpule 3 mL,Insulinas e análogos,UBS (farmácia ambulatorial)
544.,MS90497,insulina humana regular solução injetável 100 UI/mL frasco-ampola 10 mL,Insulinas e análogos,UBS (farmácia ambulatorial e farmácia interna)
545.,MS36285,insulina humana regular solução injetável 100 UI/mL sistemas de aplicação preenchidos 3 mL,Insulinas e análogos,UBS (farmácia ambulatorial)
546.,MS38714,insulina humana regular solução injetável 100 UI/mL carpule 3 mL,Insulinas e análogos,UBS (farmácia ambulatorial)
547.,90497,insulina humana regular solução ou suspensão injetável 100 UI/mL frasco- ampola 10 mL,Insulinas e análogos,uso hospitalar
548.,90828,iodopovidona (iodopolividona) solução alcoolica 10% (teor de iodo 1%) frasco 1000 mL,Antissépticos e desinfetantes,uso hospitalar
549.,90830,iodopovidona (iodopolividona) solução aquosa 10% (teor de iodo 1%) frasco 1000 mL,Antissépticos e desinfetantes,UBS (farmácia interna) e uso hospitalar
550.,90829,iodopovidona (iodopolividona) solução degermante 10% (teor de iodo 1%) frasco 1000 mL,Antissépticos e desinfetantes,uso hospitalar
551.,31664,ipratropio (brometo) aerossol oral 20 mcg/dose frasco 10 mL,"Outros medicamentos para doença obstrutiva das vias aéreas, inalantes",UBS (farmácia ambulatorial)
552.,90095,"ipratropio (brometo) solução para inalação 0,25 mg/mL frasco 20 mL","Outros medicamentos para doença obstrutiva das vias aéreas, inalantes","UBS (farmácia ambulatorial e farmácia interna), uso hospitalar e atendimento pré-hospitalar (SAMU)"
553.,90269,irinotecano (cloridrato) solução injetável 20 mg/mL frasco-ampola 5 mL,Outros agentes antineoplásicos,uso hospitalar
554.,MSE21687,isavuconazol cápsula dura 100 mg - infecções fúngicas sistêmicas,Medicamentos para o tratamento de infecções fúngicas sistêmicas,uso hospitalar
555.,MSE21686,isavuconazol pó liófilo para solução injetável 200 mg frasco ampola - infecções fúngicas sistêmicas,Medicamentos para o tratamento de infecções fúngicas sistêmicas,uso hospitalar
556.,MSE1846,isoniazida comprimido 100mg - tuberculose,Medicamentos para o tratamento da tuberculose,"UBS (farmácia ambulatorial), Policlínica de Planaltina, Policlínica de Taguatinga, Policlínica do Gama, Policlínica de Ceilândia, UBS 1 Lago Sul, Farmácia Escola (HUB), Centro Especializado em Doenças Infecciosas - CEDIN (antigo Hospital Dia) e uso hospitalar"
557.,MSE35942,isoniazida comprimido 300mg - tuberculose,Medicamentos para o tratamento da tuberculose,"UBS (farmácia ambulatorial), Policlínica de Planaltina, Policlínica de Taguatinga, Policlínica do Gama, Policlínica de Ceilândia, UBS 1 Lago Sul, Farmácia Escola (HUB), Centro Especializado em Doenças Infecciosas - CEDIN (antigo Hospital Dia) e uso hospitalar"
558.,90320,isossorbida (dinitrato) comprimido sublingual 5 mg,Vasodilatadores usados em doenças cardíacas,"UBS (farmácia ambulatorial e farmácia interna), uso hospitalar e atendimento pré-hospitalar (SAMU)"
559.,7534,isossorbida (mononitrato) comprimido 40mg,Vasodilatadores usados em doenças cardíacas,UBS (farmácia ambulatorial) e uso hospitalar
560.,8460,isotretinoina cápsula 20mg,Preprarados antiacne para uso sistêmico,Farmácia do Componente Especializado
561.,4524,itraconazol cápsula 100 mg,Antimicóticos de uso sistêmico,UBS (farmácia ambulatorial) e uso hospitalar
562.,MSE4524,itraconazol cápsula 100 mg - infecçoes fungicas sistemicas,Medicamentos para o tratamento de infecções fúngicas sistêmicas,uso hospitalar
563.,MS38146,ivacaftor comprimido revestido 150mg,Outros produtos para o sistema respiratório,Farmácia do Componente Especializado
564.,90185,ivermectina comprimido 6 mg,Agentes antinematódeos,UBS (farmácia ambulatorial) e uso hospitalar
565.,23068,kit selante de fibrina solução tópica frasco 1mL,Vitamina k e outros hemostáticos,uso hospitalar
566.,35324,lacosamida comprimido revestido 50 mg,Antiepilépticos,Farmácia do Componente Especializado
567.,37399,lactulose líquido oral 667 mg/mL frasco 120 mL ou 200 mL. Unidade de estoque/licitação: mL.,Laxativos,UBS (farmácia ambulatorial) e uso hospitalar
568.,MSE90082,lamivudina (3tc) comprimido 150mg - HIV,Medicamentos para o manejo da infecção pelo HIV,"Policlínica de Ceilândia, Policlínica do Gama, Policlínica de Planaltina, Policlínica de Taguatinga, UBS 1 Lago Sul, Farmácia Escola (HUB) e Centro Especializado em Doenças Infecciosas - CEDIN (antigo Hospital Dia)"
569.,MSE34502,lamivudina + dolutegravir comprimido 300 mg + 50 mg - HIV,Medicamentos para o manejo da infecção pelo HIV,"Policlínica de Ceilândia, Policlínica do Gama, Policlínica de Planaltina, Policlínica de Taguatinga, UBS 1 Lago Sul, Farmácia Escola (HUB) e Centro Especializado em Doenças Infecciosas - CEDIN (antigo Hospital Dia)"
570.,MSE90053,lamivudina solução oral 10 mg/mL frasco 240 mL - HIV,Medicamentos para o manejo da infecção pelo HIV,"Policlínica de Ceilândia, Policlínica do Gama, Policlínica de Planaltina, Policlínica de Taguatinga, UBS 1 Lago Sul, Farmácia Escola (HUB), Centro Especializado em Doenças Infecciosas - CEDIN (antigo Hospital Dia) e uso hospitalar (maternidades)"
571.,1764,lamotrigina comprimido 100mg,Antiepilépticos,Farmácia do Componente Especializado
572.,8835,lamotrigina comprimido 25mg,Antiepilépticos,Farmácia do Componente Especializado
573.,MS30993,lanreotida solução injetável 120 mg seringa preenchida,Hormônios hipotalâmicos,Farmácia do Componente Especializado
574.,MS30991,lanreotida solução injetável 60 mg seringa preenchida,Hormônios hipotalâmicos,Farmácia do Componente Especializado
575.,MS30992,lanreotida solução injetável 90 mg seringa preenchida,Hormônios hipotalâmicos,Farmácia do Componente Especializado
576.,MS021078,"laronidase 0,58 mg/mL (2,9mg/5mL) solução injetável",Outros medicamentos do aparelho digestivo e metabolismo,Farmácia do Componente Especializado
577.,MS8759,"latanoprosta solução oftálmica 50 mcg/mL frasco com 2,5 mL",Preparados antiglaucoma e mióticos,Farmácia do Componente Especializado
578.,MS90087,leflunomida comprimido 20mg,Imunossupressores,Farmácia do Componente Especializado
579.,MS10107,levetiracetam comprimido revestido 1000 mg,Antiepilépticos,Farmácia do Componente Especializado
580.,MS34558,levetiracetam comprimido revestido 250 mg,Antiepilépticos,Farmácia do Componente Especializado
581.,MS32883,levetiracetam comprimido revestido 500 mg,Antiepilépticos,Farmácia do Componente Especializado
582.,MS34559,levetiracetam comprimido revestido 750 mg,Antiepilépticos,Farmácia do Componente Especializado
583.,MS33172,levetiracetam solução oral 100mg/mL frasco 150mL,Antiepilépticos,Farmácia do Componente Especializado
584.,6172,levodopa + benserazida (cloridrato) comprimido ou cápsula ou drágea liberação prolongada 100 mg +25 mg,Agentes dopaminérgicos,UBS (farmácia ambulatorial)
585.,29446,levodopa + benserazida (cloridrato) comprimido simples (100 mg + 25 mg),Agentes dopaminérgicos,UBS (farmácia ambulatorial)
586.,90091,levodopa + carbidopa comprimido simples 250 mg + 25 mg,Agentes dopaminérgicos,UBS (farmácia ambulatorial)
587.,90179,levofloxacino comprimido 250 mg,Antibacterianos quinolônicos,uso hospitalar
588.,MSE90179,levofloxacino comprimido 250 mg - tuberculose (exclusivo hospital dia),Medicamentos para o tratamento da tuberculose multidrogarresistente,Centro Especializado em Doenças Infecciosas - CEDIN (antigo Hospital Dia)* *Exclusivo Programa SITE-TB.
589.,MSE33247,levofloxacino comprimido 500 mg - tuberculose (exclusivo hospital dia),Medicamentos para o tratamento da tuberculose multidrogarresistente,Centro Especializado em Doenças Infecciosas - CEDIN (antigo Hospital Dia)* *Exclusivo Programa SITE-TB.
590.,MSE37656,levofloxacino comprimido 500mg (para atendimento ao período de descontinuidade temporária da rifabutina) - exclusivo farmácia escola e hospital dia - tuberculose,Medicamentos para o tratamento da tuberculose,Farmácia Escola (HUB) e Centro Especializado em Doenças Infecciosas - CEDIN (antigo Hospital Dia)
591.,10277,levofloxacino solução injetável 500 mg/100 mL bolsa ou frasco 100 mL sistema fechado de infusao,Antibacterianos quinolônicos,uso hospitalar
592.,90128,levomepromazina comprimido 100 mg,Antipsicóticos,"UBS - Unidades de Referência* (farmácia ambulatorial), uso hospitalar e atendimento pré-hospitalar (SAMU) *Unidades Básicas de Saude (UBS) Dispensadoras de Medicamentos Sujeitos à Controle Especial, conforme lista disponibilizada na página https://www.saude.df.gov.br/medicamentos-saude- mental-psicotropicos."
593.,90338,levomepromazina solução oral 4 % frasco 20 mL,Antipsicóticos,"UBS - Unidades de Referência* (farmácia ambulatorial), uso hospitalar e atendimento pré-hospitalar (SAMU) *Unidades Básicas de Saude (UBS) Dispensadoras de Medicamentos Sujeitos à Controle Especial, conforme lista disponibilizada na página https://www.saude.df.gov.br/medicamentos-saude- mental-psicotropicos."
594.,MSE35956,"levonorgestrel comprimido 0,75 mg blister com 2 comprimidos",Medicamentos para a saúde da mulher,UBS (farmácia ambulatorial e farmácia interna) e uso hospitalar
595.,90182,levotiroxina sódica comprimido 100 mcg,Preparados para tireóide,UBS (farmácia ambulatorial) e uso hospitalar
596.,90307,levotiroxina sódica comprimido 25 mcg,Preparados para tireóide,UBS (farmácia ambulatorial) e uso hospitalar
597.,90183,levotiroxina sódica comprimido 50 mcg,Preparados para tireóide,UBS (farmácia ambulatorial) e uso hospitalar
598.,34667,"lidocaina (cloridrato) + epinefrina solução injetável 20 mg/mL + 0,01 mg/mL (2% + 1:100.000) tubete 1,8 mL (uso exclusivo odontologia)",Anestésicos gerais,UBS (farmácia interna - uso exclusivo da odontologia) e uso hospitalar (uso exclusivo da odontologia)
599.,90028,lidocaina (cloridrato) geleia 2 % bisnaga 30 g,"Antipruriginosos, incluindo anti-histamínicos, anestésicos, etc.","UBS (farmácia interna), uso hospitalar e atendimento pré-hospitalar (SAMU)"
600.,90024,lidocaina (cloridrato) solução injetável 2 % frasco-ampola 20 mL,Anestésicos locais,"UBS (farmácia interna), uso hospitalar e atendimento pré-hospitalar (SAMU)"
601.,90025,"lidocaina + epinefrina solução injetável (20 mg + 0,005 mg)/mL frasco-ampola 20 mL",Anestésicos locais,uso hospitalar
602.,90027,lidocaina solução topica spray 100mg/mL frasco 50 mL,"Antipruriginosos, incluindo anti-histamínicos, anestésicos, etc.",uso hospitalar
603.,MSE90265,linezolida 2mg/mL solução injetável bolsa ou frasco - tuberculose (exclusivo hospital dia),Medicamentos para o tratamento da tuberculose multidrogarresistente,Centro Especializado em Doenças Infecciosas - CEDIN (antigo Hospital Dia)* *Exclusivo Programa SITE-TB.
604.,MSE31576,linezolida comprimido 600 mg - tuberculose (exclusivo hospital dia),Medicamentos para o tratamento da tuberculose multidrogarresistente,Centro Especializado em Doenças Infecciosas - CEDIN (antigo Hospital Dia)* *Exclusivo Programa SITE-TB.
605.,31576,linezolida comprimido revestido 600 mg,Outros antibacterianos,uso hospitalar
606.,90265,linezolida solução injetável 600 mg/300 mL bolsa ou frasco,Outros antibacterianos,uso hospitalar
607.,38174,lippia sidoides cham.tintura 20% frasco 30mL (alecrim pimenta),Fitoterápicos,"UBS - Unidades de Referência* (farmácia ambulatorial) *Unidades Básicas de Saúde (UBS) Dispensadoras de Fitoterápicos Oficinais, conforme lista disponibilizada na página https://www.saude.df.gov.br/farmacias-vivas- fitoterapicos."
608.,33415,lippia sidoides gel 10% pote 200g (alecrim pimenta),Medicamentos homeopáticos ou fitoterápicos,"UBS - Unidades de Referência* (farmácia ambulatorial) *Unidades Básicas de Saúde (UBS) Dispensadoras de Fitoterápicos Oficinais, conforme lista disponibilizada na página https://www.saude.df.gov.br/farmacias-vivas- fitoterapicos."
609.,33416,lippia sidoides gel 10% pote 30g (alecrim pimenta),Medicamentos homeopáticos ou fitoterápicos,"UBS - Unidades de Referência* (farmácia ambulatorial) *Unidades Básicas de Saúde (UBS) Dispensadoras de Fitoterápicos Oficinais, conforme lista disponibilizada na página https://www.saude.df.gov.br/farmacias-vivas- fitoterapicos."
610.,27795,"liraglutida solução injetável 6mg/mL sistema de aplicação 3mL multidoses de até 3,0 mg (indicação: controle de peso)",Outros medicamentos do aparelho digestivo e metabolismo,Farmácia do Componente Especializado
611.,MSE32517,lopinavir + ritonavir (lpv/r ) comprimido 100mg + 25 mg - HIV,Medicamentos para o manejo da infecção pelo HIV,"Policlínica de Ceilândia, Policlínica do Gama, Policlínica de Planaltina, Policlínica de Taguatinga, UBS 1 Lago Sul, Farmácia Escola (HUB) e Centro Especializado em Doenças Infecciosas - CEDIN (antigo Hospital Dia)"
612.,MSE21350,lopinavir + ritonavir (lpv/r) solução oral 80mg/mL + 20mg/mL frasco 160 mL - HIV,Medicamentos para o manejo da infecção pelo HIV,"Policlínica de Ceilândia, Policlínica do Gama, Policlínica de Planaltina, Policlínica de Taguatinga, UBS 1 Lago Sul, Farmácia Escola (HUB) e Centro Especializado em Doenças Infecciosas - CEDIN (antigo Hospital Dia)"
613.,90283,loratadina comprimido 10 mg,Anti-histamínicos de uso sistêmico,UBS (farmácia ambulatorial) e uso hospitalar
614.,90284,loratadina xarope 1 mg/mL frasco 100 mL,Anti-histamínicos de uso sistêmico,UBS (farmácia ambulatorial) e uso hospitalar
615.,8944,losartana potassica comprimido revestido 50 mg,"Antagonistas de angiotensina ii, isolados",UBS (farmácia ambulatorial) e uso hospitalar
616.,10265,manitol solução injetável 200 mg/mL bolsa ou frasco 250 mL sistema fechado de infusao,Soluções endovenosas,uso hospitalar
617.,MSE13219,maraviroque comprimido revestido 150mg - HIV,Medicamentos para o manejo da infecção pelo HIV,"Policlínica de Ceilândia, Policlínica do Gama, Policlínica de Planaltina, Policlínica de Taguatinga UBS 1 Lago Sul, Farmácia Escola (HUB) e Centro Especializado em Doenças Infecciosas - CEDIN (antigo Hospital Dia)"
618.,21023,medroxiprogesterona (acetato) comprimido 10 mg,Contraceptivos hormonais de uso sistêmico,UBS (farmácia ambulatorial)
619.,MSE20194,medroxiprogesterona (acetato) suspensão injetável 150 mg/mL frasco- ampola 1 mL,Medicamentos para a saúde da mulher,UBS (farmácia ambulatorial)
620.,MSE202669,meglumina (antimoniato) 300 mg/mL solução injetável - leishmaniose,Medicamentos para o tratamento de leishmaniose,Farmácia Escola (HUB) e uso hospitalar
621.,90785,melfalano comprimido 2 mg,Medicamento de compra exclusiva do IHBDF,Farmácia Ambulatorial do HBDF
622.,MS20547,memantina (cloridrato) comprimido 10 mg,Medicamentos anti- demência,Farmácia do Componente Especializado
623.,93181,"mepivacaina (cloridrato) sem vasoconstritor solução injetável 30 mg/mL (3%) carpule 1,8 mL (uso exclusivo odontologia)",Anestésicos locais,UBS (farmácia interna - uso exclusivo da odontologia) e uso hospitalar (uso exclusivo da odontologia)
624.,93180,"mepivacaína + epinefrina solução injetável 20 mg/mL (2%) + 0,01 mg/mL (1:100.000) carpule 1,8 mL (uso exclusivo odontologia)",Anestésicos locais,uso hospitalar (uso exclusivo da odontologia)
625.,36099*,mepolizumabe pó para solução injetável ou solução injetável 100 mg frasco ou caneta aplicadora ou seringa preenchida *será substituído pelo código 39026 mepolizumabe solução injetável 100 mg/mL caneta aplicadora ou seringa preenchida,Outros produtos para o sistema respiratório,Farmácia do Componente Especializado
626.,90775,mercaptopurina comprimido 50 mg,Medicamento de compra exclusiva do IHBDF,Farmácia Ambulatorial do HBDF
627.,21605,meropenem po injetável 1 g,Outros antibacterianos beta-lactâmicos,uso hospitalar
628.,13802,mesalazina comprimido de liberação prolongada 500mg,Agentes antiinflamatórios intestinais,Farmácia do Componente Especializado
629.,90187*,mesalazina comprimido 400 mg *será substituído pelo código 39062 mesalazina comprimido revestido ou comprimido revestido de liberação retardada 400mg,Agentes antiinflamatórios intestinais,Farmácia do Componente Especializado
630.,202044*,mesalazina comprimido 800 mg *será substituído pelo código 39063 mesalazina comprimido revestido ou comprimido revestido de liberação retardada 800mg,Agentes antiinflamatórios intestinais,Farmácia do Componente Especializado
631.,35890,mesalazina enema 10 mg/mL frasco 100 mL,Agentes antiinflamatórios intestinais,Farmácia do Componente Especializado
632.,29850,mesalazina granulo de liberação prolongada envelope 2g sachê,Agentes antiinflamatórios intestinais,Farmácia do Componente Especializado
633.,5870,mesalazina supositorio 250 mg,Agentes antiinflamatórios intestinais,Farmácia do Componente Especializado
634.,35889,mesalazina supositório 1000mg,Agentes antiinflamatórios intestinais,Farmácia do Componente Especializado
635.,90958,mesna solução injetável 100 mg/mL ampola 4 mL,Todos os outros produtos terapêuticos,uso hospitalar
636.,654,metadona (cloridrato) comprimido 10 mg,Medicamentos usados em transtorno aditivo,Farmácia do Componente Especializado e uso hospitalar
637.,35916,metaraminol (hemitartarato) solução injetável 10 mg/mL ampola 1mL,"Estimulantes cardíacos, excluindo glicosidos cardíacos",uso hospitalar
638.,90226,metformina (cloridrato) comprimido 850 mg,"Medicamentos hipoglicemiantes, excluindo insulinas",UBS (farmácia ambulatorial) e uso hospitalar
639.,90295,metildopa comprimido revestido 250 mg,Agentes antiadrenérgicos de ação central,UBS (farmácia ambulatorial) e uso hospitalar
640.,90701,"metilergometrina (maleato) solução injetável 0,2 mg/mL ampola 1 mL",Oxitócicos,uso hospitalar
641.,202439,metilfenidato (cloridrato) cápsula com microgranulos de liberacao modificada 30mg,"Psicoestimulantes, agentes usados para adhd e nootropicos",Farmácia do Componente Especializado
642.,15790,metilfenidato (cloridrato) comprimido 10 mg,"Psicoestimulantes, agentes usados para adhd e nootropicos",Farmácia do Componente Especializado
643.,90646,metilprednisolona (acetato) suspensão injetável 40 mg/mL frasco-ampola 2 mL,"Corticosteróides de uso sistêmico, isolado",uso hospitalar
644.,90647,metilprednisolona (succinato) pó para solução injetável 500mg frasco ampola,"Corticosteróides de uso sistêmico, isolado",uso hospitalar
645.,90482,metoclopramida solução injetável 5 mg/mL ampola 2 mL,Propulsivos,UBS (farmácia interna) e uso hospitalar
646.,21408,metoprolol (succinato) comprimido de liberação controlada 50 mg,Agentes beta bloqueadores,UBS (farmácia ambulatorial) e uso hospitalar
647.,18040,metoprolol (succinato) comprimido revestido de liberação controlada 25 mg,Agentes beta bloqueadores,UBS (farmácia ambulatorial) e uso hospitalar
648.,3286,metoprolol solução injetável 1 mg/mL seringa pronto uso ou ampola 5 mL,Agentes beta bloqueadores,uso hospitalar e atendimento pré- hospitalar (SAMU)
649.,90776,"metotrexato comprimido 2,5mg",Antimetabólitos,Farmácia Ambulatorial do HBDF e uso hospitalar
650.,MS90776,"metotrexato comprimido 2,5mg",Antimetabólitos,Farmácia do Componente Especializado
651.,90779,metotrexato solução injetável 500 mg frasco-ampola,Antimetabólitos,uso hospitalar
652.,90777,metotrexato solução injetável 50 mg frasco ampola 2 mL,Antimetabólitos,uso hospitalar
653.,MS90777,metotrexato solução injetável 50 mg frasco ampola 2 mL (25mg/mL),Antimetabólitos,Farmácia do Componente Especializado
654.,90909,metronidazol (benzoil) suspensão oral 40mg/mL frasco de 80mL a 120 mL com doseador,Agentes contra amebíase e outras doenças protozoárias,UBS (farmácia ambulatorial) e uso hospitalar
655.,90908,metronidazol comprimido 250mg,Outros antibacterianos,UBS (farmácia ambulatorial)
656.,90708,metronidazol comprimido 400 mg,Agentes contra amebíase e outras doenças protozoárias,UBS (farmácia ambulatorial) e uso hospitalar
657.,90690,metronidazol gel vaginal 100mg/g bisnaga 50g + aplicadores (10 para cada bisnaga),"Antiinfecciosos e antissépticos, excluindo associações com corticosteróides",UBS (farmácia ambulatorial) e uso hospitalar
658.,10278,metronidazol solução injetável 5 mg/mL bolsa ou frasco 100 mL sistema fechado de infusao,Outros antibacterianos,uso hospitalar
659.,25071,micafungina pó para solução injetável 100 mg frasco ampola,Antimicóticos de uso sistêmico,uso hospitalar
660.,25070,micafungina pó para solução injetável 50 mg frasco ampola,Antimicóticos de uso sistêmico,uso hospitalar
661.,MS7056,micofenolato de mofetila comprimido 500mg,Imunossupressores,Farmácia do Componente Especializado
662.,MS20187,micofenolato sodico comprimido 180mg,Imunossupressores,Farmácia do Componente Especializado
663.,MS999,micofenolato sodico comprimido 360mg,Imunossupressores,Farmácia do Componente Especializado
664.,31654,miconazol (nitrato) 20mg/g creme dermatológico bisnaga 28 g,Antifúngicos para uso tópico,UBS (farmácia ambulatorial e farmácia interna)
665.,8739,miconazol creme vaginal 20mg/g bisnaga 80 g + aplicadores,Antifúngicos para uso tópico,UBS (farmácia ambulatorial) e uso hospitalar
666.,90112,midazolam comprimido 15 mg,Hipnóticos e sedativos,uso hospitalar e atendimento pré- hospitalar (SAMU)
667.,90039,midazolam solução injetável 5 mg/mL ampola 10 mL,Hipnóticos e sedativos,uso hospitalar e atendimento pré- hospitalar (SAMU)
668.,90111,midazolam solução injetável 15 mg ampola 3 mL,Hipnóticos e sedativos,uso hospitalar e atendimento pré- hospitalar (SAMU)
669.,3243,midazolam solução oral 2 mg/mL frasco 10 mL,Hipnóticos e sedativos,uso hospitalar
670.,MS31156,miglustate cápsula 100 mg,Outros medicamentos do aparelho digestivo e metabolismo,Farmácia do Componente Especializado
671.,11092,mikania glomerata spreng xarope frasco 100 mL,"Expectorantes, excluindo associações com supressores da tosse",UBS (farmácia ambulatorial)
672.,33440,mikania laevigata tintura 20% frasco 30mL (guaco),Medicamentos homeopáticos ou fitoterápicos,"UBS* (farmácia ambulatorial) *Unidades Básicas de Saúde (UBS) Dispensadoras de Fitoterápicos Oficinais, conforme lista disponibilizada na página https://www.saude.df.gov.br/farmacias-vivas- fitoterapicos."
673.,33443,mikania laevigata xarope 10% frasco 100mL (guaco),Medicamentos homeopáticos ou fitoterápicos,"UBS* (farmácia ambulatorial) *Unidades Básicas de Saúde (UBS) Dispensadoras de Fitoterápicos Oficinais, conforme lista disponibilizada na página https://www.saude.df.gov.br/farmacias-vivas- fitoterapicos."
674.,23495,milrinona solução injetável 1 mg/mL ampola 10 mL,"Estimulantes cardíacos, excluindo glicosidos cardíacos",uso hospitalar
675.,MSE34510,miltefosina cápsula 10 mg - leishmaniose,Medicamentos para o tratamento de leishmaniose,Farmácia Escola (HUB)
676.,MSE37681,miltefosina cápsula 50 mg - leishmaniose,Medicamentos para o tratamento de leishmaniose,Farmácia Escola (HUB)
677.,MSE8522,minociclina comprimido 100mg - hanseniase,Medicamentos para o tratamento da hanseníase,"UBS (farmácia ambulatorial), Farmácia Escola (HUB), Centro Especializado em Doenças Infecciosas - CEDIN (antigo Hospital Dia) e HRAN"
678.,5288,mirtazapina comprimido revestido ou comprimido orodispersivel 30mg,Antidepressivos,Farmácia do Componente Especializado
679.,4384,mirtazapina comprimido revestido ou comprimido orodispersivel 45mg,Antidepressivos,Farmácia do Componente Especializado
680.,90189,misoprostol comprimido vaginal 200 mcg,Oxitócicos,uso hospitalar
681.,MS90189,misoprostol comprimido vaginal 200 mcg,Medicamentos para a saúde da mulher,uso hospitalar
682.,90244,misoprostol comprimido vaginal 25 mcg,Oxitócicos,uso hospitalar
683.,MS90244,misoprostol comprimido vaginal 25 mcg,Medicamentos para a saúde da mulher,uso hospitalar
684.,34674,"mitomicina pó liofilizado 0,04% 2,5 mL frasco ampola (manipulado)",Medicamentos manipulados,uso hospitalar
685.,90309,montelucaste (sodico) comprimido mastigavel 4 mg,Outros medicamentos sistêmicos para doença obstrutiva das vias aéreas,"Policlínica de Planaltina, Policlínica de Taguatinga e Centro Especializado em Saúde da Mulher – CESMU"
686.,21688,montelucaste (sodico) comprimido mastigavel 5 mg,Outros medicamentos sistêmicos para doença obstrutiva das vias aéreas,"Policlínica de Planaltina, Policlínica de Taguatinga e Centro Especializado em Saúde da Mulher – CESMU"
687.,90310,montelucaste (sodico) comprimido revestido 10 mg,Outros medicamentos sistêmicos para doença obstrutiva das vias aéreas,"Policlínica de Planaltina, Policlínica de Taguatinga e Centro Especializado em Saúde da Mulher – CESMU"
688.,21687,montelucaste (sodico) granulo 4 mg sache,Outros medicamentos sistêmicos para doença obstrutiva das vias aéreas,"Policlínica de Planaltina, Policlínica de Taguatinga e Centro Especializado em Saúde da Mulher – CESMU"
689.,665,morfina (sulfato) cápsula liberação controlada 30mg,Opiáceos,Farmácia do Componente Especializado e uso hospitalar
690.,666,morfina (sulfato) cápsula ou comprimido de liberação controlada 60mg,Opiáceos,Farmácia do Componente Especializado
691.,90052,morfina (sulfato) comprimido 10mg,Opiáceos,Farmácia do Componente Especializado e uso hospitalar
692.,663,morfina (sulfato) solução oral 10mg/mL frasco 60 mL,Opiáceos,Farmácia do Componente Especializado e uso hospitalar
693.,90041,morfina cápsula liberação controlada 100 mg,Opiáceos,Farmácia do Componente Especializado e uso hospitalar
694.,90042,morfina comprimido 30mg,Opiáceos,Farmácia do Componente Especializado e uso hospitalar
695.,90192,morfina solução injetável 1 mg/mL ampola 2 mL,Opiáceos,uso hospitalar
696.,90043,morfina solução injetável 10mg/mL ampola 1mL,Opiáceos,uso hospitalar e atendimento pré- hospitalar (SAMU)
697.,90196,"morfina solução injetável 0,2 mg/mL ampola 1 mL",Opiáceos,uso hospitalar
698.,MSE90317,moxifloxacino comprimido 400 mg - tuberculose (exclusivo hospital dia),Medicamentos para o tratamento da tuberculose multidrogarresistente,Centro Especializado em Doenças Infecciosas - CEDIN (antigo Hospital Dia)* *Exclusivo Programa SITE-TB.
699.,90316,moxifloxacino solução injetável 400 mg/250mL bolsa ou frasco 250mL sistema fechado de infusao,Antibacterianos quinolônicos,uso hospitalar
700.,90974,mupirocina creme ou pomada 20 mg/g bisnaga 15 g,Antibióticos de uso tópico,uso hospitalar
701.,203420,mycobacterium bovis (bcg) po liofilizado 40 mg ampola,Imunomoestimulantes,uso hospitalar
702.,90170,n-acetilcisteina solução injetável 100 mg/mL ampola 3 mL,"Expectorantes, excluindo associações com supressores da tosse",uso hospitalar
703.,33220,nalbufina 10mg/mL solução injetável ampola 1mL - uso exclusivo no centro cirurgico,Opiáceos,uso hospitalar
704.,90861,"naloxona (cloridrato) solução injetável 0,4 mg/mL ampola 1 mL",Todos os outros produtos terapêuticos,uso hospitalar e atendimento pré- hospitalar (SAMU)
705.,21682,naltrexona (cloridrato) comprimido 50 mg (frasco ou blister) (uso exclusivo para tratamento de adicção),Medicamentos usados em transtorno aditivo,"CAPS AD III, Policlínica de Taguatinga, Policlínica do Gama e Instituto de Saúde Mental (ISM)."
706.,17785,naproxeno comprimido 500 mg,Produtos antiinflamatórios e antirreumáticos não esteróides,Farmácia do Componente Especializado e uso hospitalar
707.,MS22531,natalizumabe solução injetável 20 mg/mL frasco ampola 15 mL,Imunossupressores,Farmácia do Componente Especializado
708.,90823,neomicina (sulfato) + bacitracina (zincica) pomada (5 mg +250 ui)/g bisnaga 15 g,Antibióticos de uso tópico,UBS (farmácia ambulatorial e farmácia interna) e uso hospitalar
709.,90240,"neostigmina solução injetável 0,5 mg/mL ampola 1 mL",Parasimpaticomiméticos,uso hospitalar
710.,MSE90056,nevirapina cápsula ou comprimido 200 mg - HIV,Medicamentos para o manejo da infecção pelo HIV,"Policlínica de Ceilândia, Policlínica do Gama, Policlínica de Planaltina, Policlínica de Taguatinga, UBS 1 Lago Sul, Farmácia Escola (HUB) e Centro Especializado em Doenças Infecciosas - CEDIN (antigo Hospital Dia)"
711.,MSE90168,nevirapina suspensão oral 10 mg/mL frasco 240 mL - HIV,Medicamentos para o manejo da infecção pelo HIV,"Policlínica de Ceilândia, Policlínica do Gama, Policlínica de Planaltina, Policlínica de Taguatinga, UBS 1 Lago Sul, Farmácia Escola (HUB) e Centro Especializado em Doenças Infecciosas - CEDIN (antigo Hospital Dia)"
712.,MSE38506,nevirapina suspensão oral 10mg/mL frasco 100mL - HIV,Medicamentos para o manejo da infecção pelo HIV,"Policlínica de Ceilândia, Policlínica do Gama, Policlínica de Planaltina, Policlínica de Taguatinga, UBS 1 Lago Sul, Farmácia Escola (HUB), Centro Especializado em Doenças Infecciosas - CEDIN (antigo Hospital Dia) e uso hospitalar (maternidades)"
713.,MSE767,nicotina adesivo transdermico 14 mg - tabagismo,Medicamentos usados em transtorno aditivo,"Unidades de Referência* *Medicamento destinado ao Programa Nacional de Controle do Tabagismo. Disponibilizado nos Centros de Atendimento de Tabagismo, conforme lista disponível na página: https://www.saude.df.gov.br/tabagismo."
714.,MSE765,nicotina adesivo transdermico 21 mg - tabagismo,Medicamentos usados em transtorno aditivo,"Unidades de Referência* *Medicamento destinado ao Programa Nacional de Controle do Tabagismo. Disponibilizado nos Centros de Atendimento de Tabagismo, conforme lista disponível na página: https://www.saude.df.gov.br/tabagismo."
715.,MSE761,nicotina adesivo transdermico 7 mg - tabagismo,Medicamentos usados em transtorno aditivo,"Unidades de Referência* *Medicamento destinado ao Programa Nacional de Controle do Tabagismo. Disponibilizado nos Centros de Atendimento de Tabagismo, conforme lista disponível na página: https://www.saude.df.gov.br/tabagismo."
716.,MSE769,nicotina goma de mascar 2mg - tabagismo,Medicamentos usados em transtorno aditivo,"Unidades de Referência* *Medicamento destinado ao Programa Nacional de Controle do Tabagismo. Disponibilizado nos Centros de Atendimento de Tabagismo, conforme lista disponível na página: https://www.saude.df.gov.br/tabagismo."
717.,90330,nifedipino comprimido ou cápsula 10 mg,Bloqueadores seletivos do canal de cálcio com efeitos principalmente vasculares,UBS (farmácia interna) e uso hospitalar
718.,MSE35941,nifurtimox comprimido 120 mg - doença de chagas,Medicamentos para o tratamento de chagas,Farmácia Escola (HUB)
719.,MS18241,nilotinibe cápsula gelatinosa dura 200mg,Outros agentes antineoplásicos,Farmácia Ambulatorial do HBDF e Farmácia Escola (HUB)
720.,39583,nimodipino comprimido ou cápsula 30 mg (manipulado),Medicamentos manipulados,uso hospitalar
721.,MSE38354,nirmatrelvir 2 comprimidos revestidos 150mg + ritonavir comprimido revestido 100 mg – COVID-19,Medicamentos para o tratamento do COVID-19,"Centro Especializado em Doenças Infecciosas - CEDIN (antigo Hospital Dia), Políclinica de Planaltina, Policlínica de Ceilândia, Policlínica de Taguatinga, Policlínica do Gama, Farmácia Escola (HUB), UBS – Unidades de Referência (farmácia ambulatorial) e uso hospitalar"
722.,39423,"nirsevimabe solução injetável 100 mg/mL seringa preenchida 0,5 mL",Medicamentos para a prevenção da infecção por VSR,
723.,39424,nirsevimabe solução injetável 100 mg/mL seringa preenchida 1 mL,,Medicamentos para a prevenção da infecção por VSR
724.,90924,nistatina suspensão oral 100.000 ui/mL frasco 50 mL com doseador,Antiinfecciosos intestinais,
725.,90985,"nitrato de prata solução oftálmica 1 % frasco 2,5 a 5,0 mL (manipulado)",Medicamentos em fase de despadronização,
726.,5277,nitrazepam comprimido 5mg,Hipnóticos e sedativos,
727.,10368,nitrofurantoina cápsula 100 mg,Outros antibacterianos,hospitalar
728.,21409,nitrofurantoina suspensão oral 5 mg/mL frasco 100 mL a 120 mL com doseador (manipulado),Medicamentos manipulados,
729.,90199,nitroglicerina solução injetável 5 mg/mL ampola 5 mL,Vasodilatadores usados em doenças cardíacas,
730.,90413,nitroprusseto de sodio po liofilizado ou solução injetável 50 mg frasco-ampola ou ampola,Agentes que atuam sobre o músculo liso arteriolar,
731.,90262,norepinefrina (hemitartarato) solução injetável 2 mg/mL (equivalente a 1mg/mL de norepinefrina base) ampola 4 mL,"Estimulantes cardíacos, excluindo glicosidos cardíacos",
732.,MSE90018,"noretisterona comprimido 0,35 mg caixa com 35 comprimidos",Medicamentos para a saúde da mulher,
733.,90713,norfloxacina comprimido 400 mg,Antibacterianos quinolônicos,
734.,21245,nortriptilina (cloridrato) cápsula 25 mg,Antidepressivos,
735.,90201,nortriptilina cápsula 50 mg,Antidepressivos,"ambulatorial) e uso hospitalar *Unidades Básicas de Saude (UBS) Dispensadoras de Medicamentos Sujeitos à Controle Especial, conforme lista disponibilizada na página https://www.saude.df.gov.br/medicamentos-saude- mental-psicotropicos."
736.,MS35176,"nusinersena solução injetável 2,4 mg/mL frasco ampola 5 mL",Outros medicamentos para perturbações do sistema musculo-esquelético,
737.,90680,ocitocina solução injetável 5 ui ampola 1 mL,Hormônios do lóbulo posterior da pituitária,
738.,1489,octreotida pó para suspensão injetável 20 mg frasco-ampola + seringa preenchida com diluente 2mL + sistema de aplicacao,Hormônios hipotalâmicos,
739.,MS1489,octreotida pó para suspensão injetável 20 mg frasco-ampola + diluente + sistema de aplicacao,Hormônios hipotalâmicos,Farmácia do Componente Especializado
740.,MS1490,octreotida pó para suspensão injetável 30 mg frasco-ampola + diluente + sistema de aplicação,Hormônios hipotalâmicos,Farmácia do Componente Especializado
741.,1490,octreotida pó para suspensão injetável 30 mg frasco-ampola + seringa preenchida com diluente 2mL + sistema de aplicação,Hormônios hipotalâmicos,Farmácia Ambulatorial Oncológica do HRT e Farmácia Ambulatorial do HBDF
742.,90202,"octreotida solução injetável 0,1mg/mL ampola 1mL",Hormônios hipotalâmicos,uso hospitalar
743.,MSE4372,ofloxacino comprimido 400mg - hanseniase,Medicamentos para o tratamento da hanseníase,"UBS (farmácia ambulatorial), Farmácia Escola (HUB), Centro Especializado em Doenças Infecciosas - CEDIN (antigo Hospital Dia) e HRAN"
744.,8784,olanzapina comprimido 10mg,Antipsicóticos,uso hospitalar e atendimento pré- hospitalar (SAMU)
745.,MS8784,olanzapina comprimido revestido 10mg,Antipsicóticos,Farmácia do Componente Especializado
746.,MS2533,olanzapina comprimido revestido 5mg,Antipsicóticos,Farmácia do Componente Especializado
747.,90505,oleo mineral 100 % puro frasco 100 mL,Laxativos,UBS (farmácia ambulatorial e farmácia interna) e uso hospitalar
748.,10157,omalizumabe po liofilizado para solução injetável ou solução injetável 150 mg frasco ampola ou seringa preenchida,Outros medicamentos sistêmicos para doença obstrutiva das vias aéreas,Farmácia do Componente Especializado
749.,90204,omeprazol cápsula 20mg,Medicamentos para de úlcera péptica e doença do refluxo gastro esofágico,UBS (farmácia ambulatorial) e uso hospitalar
750.,90203,omeprazol po injetável 40 mg frasco ampola + diluente (ampola 10 mL),Medicamentos para de úlcera péptica e doença do refluxo gastro esofágico,UBS (farmácia interna) e uso hospitalar
751.,90950*,ondansetrona comprimido 8 mg *será substituído pelo código 39065 ondansetrona comprimido ou comprimido orodispersível 8 mg,Antieméticos e antinauseantes,UBS (farmácia ambulatorial e farmácia interna) e uso hospitalar
752.,90949,ondansetrona solução injetável 2 mg/mL ampola 4 mL,Antieméticos e antinauseantes,"UBS (farmácia interna), uso hospitalar e atendimento pré-hospitalar (SAMU)"
753.,MSE24553,oseltamivir (fosfato) cápsula 30 mg - influenza,Medicamentos para o tratamento de influenza,UBS - Unidades de Referência (farmácia ambulatorial) e uso hospitalar
754.,MSE24552,oseltamivir (fosfato) cápsula 45 mg - influenza,Medicamentos para o tratamento de influenza,UBS - Unidades de Referência (farmácia ambulatorial) e uso hospitalar
755.,MSE24551,oseltamivir (fosfato) cápsula 75 mg - influenza,Medicamentos para o tratamento de influenza,UBS - Unidades de Referência (farmácia ambulatorial) e uso hospitalar
756.,90883,oxacilina (sódica) pó para solução injetável 500 mg frasco-ampola,"Antibacterianos beta- lactâmicos, penicilinas",uso hospitalar
757.,6009,oxaliplatina injetável100 mg frasco- ampola,Outros agentes antineoplásicos,uso hospitalar
758.,MSE33265,oxamniquina 50 mg/mL suspensão oral - esquistossomose,Medicamentos para o tratamento de esquistossomose,Farmácia Escola (HUB)
759.,8764,oxcarbazepina suspensão oral 60 mg/mL frasco 100mL com doseador,Antiepilépticos,Farmácia do Componente Especializado
760.,39248,"oxibuprocaína (cloridrato) solução oftálmica estéril 4 mg/mL (0,4 %) frasco 10 mL",Outros oftalmológicos,uso hospitalar
761.,5996,oxibutinina (cloridrato) comprimido 5 mg,Outros urológicos incluindo antiespasmódicos,UBS (farmácia ambulatorial) e uso hospitalar
762.,5327,oxibutinina xarope 1 mg/mL frasco 120 mL,Outros urológicos incluindo antiespasmódicos,UBS (farmácia ambulatorial) e uso hospitalar
763.,31536,oxicodona comprimido revestido de liberação controlada 10mg,Opiáceos,Farmácia do Componente Especializado e uso hospitalar
764.,21593,oxicodona comprimido revestido de liberação controlada 20mg,Opiáceos,Farmácia do Componente Especializado e uso hospitalar
765.,90814,oxido de zinco + vitamina a + vitamina d pomada dermatologica bisnaga 45 g. deve conter a seguinte concentração mínima de cada um dos princípios ativos: oxido de zinco: 100 mg/g; vitamina a: 1000 UI/g; vitamina d 400 UI/g.,Emolientes e protetores,UBS (farmácia ambulatorial e farmácia interna) e uso hospitalar
766.,25337,paclitaxel solução injetável 6 mg/mL frasco ampola 50 mL,Alcalóides de plantas e outros produtos naturais,uso hospitalar
767.,MSE33249,"palivizumabe 100mg/mL injetável frasco-ampola 0,5 mL- prevenção da infecção por vsr",Medicamentos para a prevenção da infecção por VSR,uso hospitalar
768.,MSE14244,palivizumabe 100mg/mL injetável frasco-ampola 1mL- prevenção da infecção por vsr,Medicamentos para a prevenção da infecção por VSR,uso hospitalar
769.,14244,palivizumabe injetável 100mg frasco- ampola,Medicamentos em fase de despadronização,uso hospitalar
770.,38673,"palivizumabe injetável 100mg/mL frasco ampola 0,5mL",Medicamentos em fase de despadronização,uso hospitalar
771.,11343,pancreatina (lipase + amilase + protease) cápsula com microgranulos de liberação entérica 10.000 UI (equivale a 150mg),Digestivos incluindo enzimas,Farmácia do Componente Especializado
772.,11341,pancreatina (lipase + amilase + protease) cápsula com microgranulos de liberação entérica 25.000 UI (equivale a 300mg),Digestivos incluindo enzimas,Farmácia do Componente Especializado
773.,90257,pantoprazol pó liofilizado para solução injetável 40 mg frasco-ampola,Medicamentos para de úlcera péptica e doença do refluxo gastro esofágico,uso hospitalar
774.,20060,paracetamol comprimido 500 mg,Outros analgésicos e antipiréticos,UBS (farmácia ambulatorial e farmácia interna) e uso hospitalar
775.,90314*,,paracetamol solução oral 200 mg/mL frasco 15 mL,Outros analgésicos e antipiréticos
776.,90298,parecoxibe po liofilizado 40 mg frasco- ampola,,Produtos antiinflamatórios e antirreumáticos não esteróides
777.,MS29142,paricalcitol solução injetável 5 mcg/mL ampola 1mL,,"Vitamina a e d, incluindo associações das duas"
778.,MSE27130,pastilha de nicotina 2mg -tabagismo,,Medicamentos usados em transtorno aditivo
779.,31170,pazopanibe comprimido 400 mg,,Outros agentes antineoplásicos
780.,35240,pembrolizumabe solução injetável 25mg/mL frasco-ampola 4 mL,,Outros agentes antineoplásicos
781.,21258,pemetrexede dissódico pó liofilizado para solução injetável 500mg frasco- ampola,,Outros agentes antineoplásicos
782.,988,penicilamina cápsula 250 mg,,Agentes antirreumáticos específicos
783.,MSE2272,pentamidina (isotionato) solução injetável 300mg - leishmaniose,,Medicamentos para o tratamento de leishmaniose
784.,MSE35954,pentoxifilina comprimido 400 mg - hanseniase,,Medicamentos para o tratamento da hanseníase
785.,MSE35955,pentoxifilina comprimido 400 mg - leishmaniose,,Medicamentos para o tratamento de leishmaniose
786.,90227,pentoxifilina comprimido revestido ou comprimido revestido de liberação prolongada 400 mg,,Vasodilatadores periféricos
787.,11091,permetrina loçao topica 10 mg/mL frasco 60 mL,,"Ectoparasiticidas, incluindo escabicidas"
788.,35821,permetrina loção tópica 50 mg/mL frasco 60 mL,,"Ectoparasiticidas, incluindo escabicidas"
789.,MS36112,pertuzumabe solução injetável 30 mg/mL frasco ampola 14 mL,,Outros agentes antineoplásicos
790.,90044,petidina (cloridrato) solução injetável 50 mg/mL ampola 2 mL,,Opiáceos
791.,90258,"piperacilina + tazobactam pó liofilizado para solução injetável 4,0 g + 500 mg frasco-ampola",,"Antibacterianos beta- lactâmicos, penicilinas"
792.,MSE35975,pirazinamida 150 mg comprimido dispersivel - tuberculose,Medicamentos para o tratamento da tuberculose,"UBS (farmácia ambulatorial), Policlínica de Planaltina, Policlínica de Taguatinga, Policlínica do Gama, Policlínica de Ceilândia, UBS 1 Lago Sul, Farmácia Escola (HUB), Centro Especializado em Doenças Infecciosas - CEDIN (antigo Hospital Dia) e uso hospitalar"
793.,MSE90149,pirazinamida comprimido 500mg - tuberculose,Medicamentos para o tratamento da tuberculose,"UBS (farmácia ambulatorial), Farmácia Escola (HUB), Centro Especializado em Doenças Infecciosas - CEDIN (antigo Hospital Dia) e uso hospitalar"
794.,MSE90148,pirazinamida suspensão oral 30mg/mL frasco 150mL com doseador - tuberculose,Medicamentos para o tratamento da tuberculose,"UBS (farmácia ambulatorial), Policlínica de Planaltina, Policlínica de Taguatinga, Policlínica do Gama, Policlínica de Ceilândia, UBS 1 Lago Sul, Farmácia Escola (HUB)e Centro Especializado em Doenças Infecciosas - CEDIN (antigo Hospital Dia)"
795.,90241,piridostigmina (brometo) comprimido 60 mg,Parasimpaticomiméticos,Farmácia do Componente Especializado e uso hospitalar
796.,MSE38351,piridoxina comprimido 50mg - tuberculose,Medicamentos para o tratamento da tuberculose,Centro Especializado em Doenças Infecciosas - CEDIN (antigo Hospital Dia) e UBS (farmácia ambulatorial) e uso hospitalar
797.,90324,pirimetamina comprimido 25mg,Antimaláricos,UBS (farmácia ambulatorial) e uso hospitalar
798.,MSE90324,pirimetamina comprimido 25mg - toxoplasmose,Medicamentos para o tratamento da toxoplasmose,"UBS - Unidades de Referência* (farmácia ambulatorial) *Medicamento disponibilizado nas Unidades de Referência, conforme lista disponibilizada na página https://www.saude.df.gov.br/medicamentos- toxoplasmose."
799.,33425,plectranthus barbatus tintura 20% frasco 30mL (boldo),Medicamentos homeopáticos ou fitoterápicos,"UBS - Unidades de Referência* (farmácia ambulatorial) *Unidades Básicas de Saúde (UBS) Dispensadoras de Fitoterápicos Oficinais, conforme lista disponibilizada na página https://www.saude.df.gov.br/farmacias-vivas- fitoterapicos."
800.,36092,"polidocanol 0,5% ampola 2 mL (manipulado)",Medicamentos manipulados,uso hospitalar
801.,36091,polidocanol 1% ampola 2 mL (manipulado),Medicamentos manipulados,uso hospitalar
802.,28477,polidocanol 3% ampola 2mL (manipulado),Medicamentos manipulados,uso hospitalar
803.,8836,polimixina b injetável 500000ui frasco ampola,Outros antibacterianos,uso hospitalar
804.,MSE90115,poliquimioterapia única adulto - pqt-u adulto,Medicamentos para o tratamento da hanseníase,"UBS (farmácia ambulatorial), Farmácia Escola (HUB), Centro Especializado em Doenças Infecciosas - CEDIN (antigo Hospital Dia) e HRAN"
805.,MSE90116,poliquimioterapia única infantil - pqt-u infantil,Medicamentos para o tratamento da hanseníase,"UBS (farmácia ambulatorial), Farmácia Escola (HUB), Centro Especializado em Doenças Infecciosas - CEDIN (antigo Hospital Dia) e HRAN"
806.,90531,polivitaminicos ou multivitaminicos sem minerais pó liofilizado para solução injetável ou solução injetável frasco- ampola ou ampola (uso adulto),"Multivitaminas, associações",uso hospitalar
807.,MS667,"pramipexol comprimido 0,125 mg",Agentes dopaminérgicos,Farmácia do Componente Especializado
808.,MS1061,"pramipexol comprimido 0,25 mg",Agentes dopaminérgicos,Farmácia do Componente Especializado
809.,MS3363,pramipexol comprimido 1 mg,Agentes dopaminérgicos,Farmácia do Componente Especializado
810.,MSE202114,praziquantel comprimido 600mg - esquistossomose,Medicamentos para o tratamento de esquistossomose,Farmácia Escola (HUB)
811.,90286,prednisolona solução oral 3 mg/mL frasco de 100 a 120 mL com doseador,"Corticosteróides de uso sistêmico, isolado",UBS (farmácia ambulatorial e farmácia interna) e uso hospitalar
812.,90649,prednisona comprimido 20 mg,"Corticosteróides de uso sistêmico, isolado",UBS (farmácia ambulatorial) e uso hospitalar
813.,MSE90649,prednisona comprimido 20 mg - hanseniase,Medicamentos para o tratamento da hanseníase,"UBS (farmácia ambulatorial), Farmácia Escola (HUB), Centro Especializado em Doenças Infecciosas - CEDIN (antigo Hospital Dia) e HRAN"
814.,90648,prednisona comprimido 5 mg,"Corticosteróides de uso sistêmico, isolado",UBS (farmácia ambulatorial) e uso hospitalar
815.,MSE90648,prednisona comprimido 5 mg - hanseníase,Medicamentos para o tratamento da hanseníase,"UBS (farmácia ambulatorial), Farmácia Escola (HUB), Centro Especializado em Doenças Infecciosas - CEDIN (antigo Hospital Dia) e HRAN"
816.,MSE34512,pretomanida comprimido 200mg - tuberculose (exclusivo hospital dia),Medicamentos para o tratamento da tuberculose multidrogarresistente,Centro Especializado em Doenças Infecciosas - CEDIN (antigo Hospital Dia)* *Exclusivo Programa SITE-TB.
817.,93009,"prilocaína (cloridrato) + felipressina solução injetável 30 mg/mL (3%) + 0,03 ui/mL carpule 1,8 mL (uso exclusivo odontologia)",Anestésicos locais,UBS (farmácia interna - uso exclusivo da odontologia) e uso hospitalar (uso exclusivo da odontologia)
818.,MSE33266,primaquina comprimido 15 mg - HIV,Medicamentos para o manejo da infecção pelo HIV,"Farmácia Escola (HUB), Centro Especializado em Doenças Infecciosas - CEDIN (antigo Hospital Dia) e uso hospitalar"
819.,MSE33254,primaquina comprimido 15 mg - malária,Medicamentos para o tratamento da malária,Programa de Malária – Equipe Volante
820.,MSE33253,primaquina comprimido 5 mg - malária,Medicamentos para o tratamento da malária,Programa de Malária – Equipe Volante
821.,37690*,produto à base de canabidiol solução oral 200 mg/mL frasco 30 mL com seringa dosadora *será substituído pelo código 38950 produto de cannabis (canabidiol 200mg/mL) solução oral com seringa dosadora ou solução gotas frasco. Unidade de estoque/licitação: mL.,Antiepilépticos,Farmácia do Componente Especializado
822.,38117*,produto à base de canabidiol solução oral 50 mg/mL frasco 30 mL com seringa dosadora *será substituído pelo código 38951 produto de cannabis (canabidiol 50mg/mL) solução oral com seringa dosadora ou solução gotas frasco. Unidade de estoque/licitação: mL.,Antiepilépticos,Farmácia do Componente Especializado
823.,38701,progesterona cápsula gelatinosa mole 200mg,Outros hormônios sexuais e moduladores do sistema genital,"UBS (farmácia ambulatorial), Policlínica de Planaltina, Policlínica de Taguatinga, Policlínica do Gama, Centro Especializado em Saúde da Mulher - CESMU e uso hospitalar"
824.,90761,prometazina (cloridrato) comprimido 25 mg,Anti-histamínicos de uso sistêmico,"UBS (farmácia ambulatorial), uso hospitalar e atendimento pré-hospitalar (SAMU)"
825.,90762,prometazina (cloridrato) solução injetável 25 mg/mL ampola 2 mL,Anti-histamínicos de uso sistêmico,"UBS (farmácia interna), uso hospitalar e atendimento pré-hospitalar (SAMU)"
826.,90983,propafenona comprimido 300 mg,"Antiarrítmicos, classe I e III",UBS (farmácia ambulatorial) e uso hospitalar
827.,90206,propatilnitrato comprimido 10 mg,Vasodilatadores usados em doenças cardíacas,UBS (farmácia ambulatorial) e uso hospitalar
828.,90660,propiltiouracila comprimido 100 mg,Preparados antitireóide,UBS (farmácia ambulatorial) e uso hospitalar
829.,90207,propofol emulsao injetável 10 mg/mL ampola ou frasco-ampola 20 mL,Anestésicos gerais,uso hospitalar
830.,90270,propofol emulsao injetável 10 mg/mL seringa preenchida 50 mL,Anestésicos gerais,uso hospitalar
831.,90271,propofol emulsao injetável 20 mg/mL frasco-ampola 50 mL,Anestésicos gerais,uso hospitalar
832.,90291,propranolol (cloridrato) comprimido 40 mg,Agentes beta bloqueadores,"UBS (farmácia ambulatorial), uso hospitalar e atendimento pré-hospitalar (SAMU)"
833.,90600,protamina (cloridrato) solução injetável 10 mg/mL ampola 5 mL,Todos os outros produtos terapêuticos,uso hospitalar
834.,1038,quetiapina comprimido 100mg,Antipsicóticos,uso hospitalar e atendimento pré- hospitalar (SAMU)
835.,MS1038,quetiapina comprimido 100mg,Antipsicóticos,Farmácia do Componente Especializado
836.,MS5889,quetiapina comprimido 200mg,Antipsicóticos,Farmácia do Componente Especializado
837.,5889,quetiapina comprimido 200mg,Antipsicóticos,uso hospitalar
838.,21068,quetiapina comprimido 25mg,Antipsicóticos,uso hospitalar
839.,MS21068,quetiapina comprimido 25mg,Antipsicóticos,Farmácia do Componente Especializado
840.,MS15495,quetiapina comprimido revestido liberação prolongada 300mg,Antipsicóticos,Farmácia do Componente Especializado
841.,671,raloxifeno comprimido 60 mg,Outros hormônios sexuais e moduladores do sistema genital,Farmácia do Componente Especializado
842.,MSE35952,raltegravir 100 mg comprimido - HIV,Medicamentos para o manejo da infecção pelo HIV,"Policlínica de Ceilândia, Policlínica do Gama, Policlínica de Planaltina, Policlínica de Taguatinga, UBS 1 Lago Sul, Farmácia Escola (HUB) e Centro Especializado em Doenças Infecciosas - CEDIN (antigo Hospital Dia)"
843.,MSE11055,raltegravir comprimido revestido 400 mg - HIV,Medicamentos para o manejo da infecção pelo HIV,"Policlínica de Ceilândia, Policlínica do Gama, Policlínica de Planaltina, Policlínica de Taguatinga, UBS 1 Lago Sul, Farmácia Escola (HUB) e Centro Especializado em Doenças Infecciosas - CEDIN (antigo Hospital Dia)"
844.,MSE37691,raltegravir granulado para suspensão oral 100 mg - HIV,Medicamentos para o manejo da infecção pelo HIV,"Policlínica de Ceilândia, Policlínica do Gama, Policlínica de Planaltina, Policlínica de Taguatinga, UBS 1 Lago Sul, Farmácia Escola (HUB), Centro Especializado em Doenças Infecciosas - CEDIN (antigo Hospital Dia) e uso hospitalar (maternidades)"
845.,12728,ranibizumabe solução injetável 10mg/mL frasco ampola com agulha,Agentes para distúrbio vascular ocular,uso hospitalar
846.,MS12898,rasagilina comprimido 1mg,Agentes dopaminérgicos,Farmácia do Componente Especializado
847.,90459,remifentanila (cloridrato) po liofilizado para solução injetável 2 mg frasco ampola,Anestésicos gerais,uso hospitalar
848.,8757,"retinol (acetato) + aminoacidos + dl- metionina + cloranfenicol pomada oftálmica (10000 ui + 25 mg + 5 mg + 5 mg)/g bisnaga 3,5 g",Outros oftalmológicos,uso hospitalar
849.,MSE4326,ribavirina cápsula 250mg - hepatite C,Medicamentos para hepatite C,Policlínica de Planaltina e Farmácia Escola (HUB)
850.,36677,ribociclibe (succinato) comprimido revestido 200mg,Outros agentes antineoplásicos,Farmácia Ambulatorial Oncológica do HRT e Farmácia Ambulatorial do HBDF
851.,MSE4387,rifabutina cápsula 150 mg -tuberculose,Medicamentos para o tratamento da tuberculose,"UBS (farmácia ambulatorial), Farmácia Escola (HUB), Centro Especializado em Doenças Infecciosas - CEDIN (antigo Hospital Dia) e uso hospitalar"
852.,MSE22470,rifampicina 150 mg + isoniazida 75 mg + pirazinamida 400 mg + etambutol 275 mg comprimido - tuberculose,Medicamentos para o tratamento da tuberculose,"UBS (farmácia ambulatorial), Policlínica de Planaltina, Policlínica de Taguatinga, Policlínica do Gama, Policlínica de Ceilândia, UBS 1 Lago Sul, Farmácia Escola (HUB), Centro Especializado em Doenças Infecciosas - CEDIN (antigo Hospital Dia) e uso hospitalar"
853.,MSE90150,rifampicina 150 mg + isoniazida 75 mg comprimido - tuberculose,Medicamentos para o tratamento da tuberculose,"UBS (farmácia ambulatorial), Policlínica de Planaltina, Policlínica de Taguatinga, Policlínica do Gama, Policlínica de Ceilândia, UBS 1 Lago Sul, Farmácia Escola (HUB), Centro Especializado em Doenças Infecciosas - CEDIN (antigo Hospital Dia) e uso hospitalar"
854.,MSE37482,rifampicina 300 mg + isoniazida 150 mg comprimido - tuberculose,Medicamentos para o tratamento da tuberculose,"UBS (farmácia ambulatorial), Policlínica de Planaltina, Policlínica de Taguatinga, Policlínica do Gama, Policlínica de Ceilândia, UBS 1 Lago Sul, Farmácia Escola (HUB), Centro Especializado em Doenças Infecciosas - CEDIN (antigo Hospital Dia) e uso hospitalar"
855.,MSE35977,rifampicina 75 mg + isoniazida 50 mg + pirazinamida 150 mg comprimido dispersível - tuberculose,Medicamentos para o tratamento da tuberculose,"UBS (farmácia ambulatorial), Policlínica de Planaltina, Policlínica de Taguatinga, Policlínica do Gama, Policlínica de Ceilândia, UBS 1 Lago Sul, Farmácia Escola (HUB), Centro Especializado em Doenças Infecciosas - CEDIN (antigo Hospital Dia) e uso hospitalar"
856.,MSE35976,rifampicina 75 mg + isoniazida 50 mg comprimido dispersível - tuberculose,Medicamentos para o tratamento da tuberculose,"UBS (farmácia ambulatorial), Policlínica de Planaltina, Policlínica de Taguatinga, Policlínica do Gama, Policlínica de Ceilândia, UBS 1 Lago Sul, Farmácia Escola (HUB), Centro Especializado em Doenças Infecciosas - CEDIN (antigo Hospital Dia) e uso hospitalar"
857.,MSE35962,rifampicina cápsula 300mg - brucelose,Medicamentos para o tratamento da brucelose,Farmácia Escola (HUB)
858.,MSE35959,rifampicina cápsula 300mg - hanseniase,Medicamentos para o tratamento da hanseníase,"UBS (farmácia ambulatorial), Farmácia Escola (HUB), Centro Especializado em Doenças Infecciosas - CEDIN (antigo Hospital Dia) e HRAN"
859.,MSE35961,rifampicina cápsula 300mg - meningite,Medicamentos para o tratamento da meningite,uso hospitalar
860.,MSE35960,rifampicina cápsula 300mg - tuberculose,Medicamentos para o tratamento da tuberculose,"UBS (farmácia ambulatorial), Policlínica de Planaltina, Farmácia Escola (HUB), Centro Especializado em Doenças Infecciosas - CEDIN (antigo Hospital Dia) e uso hospitalar"
861.,MS38164,rifampicina cápsula 300mg - hidradenite supurativa,"Lincosaminas e estreptograminas, macrolídeos",UBS (farmácia ambulatorial)
862.,MSE35965,rifampicina suspensão oral 20mg/mL frasco com doseador - brucelose,Medicamentos para o tratamento da brucelose,Farmácia Escola (HUB)
863.,MSE37368,rifampicina suspensão oral 20mg/mL frasco com doseador - hanseníase,Medicamentos para o tratamento da hanseníase,"UBS (farmácia ambulatorial), Farmácia Escola (HUB), Centro Especializado em Doenças Infecciosas - CEDIN (antigo Hospital Dia) e HRAN."
864.,MSE35964,rifampicina suspensão oral 20mg/mL frasco com doseador - meningite,Medicamentos para o tratamento da meningite,uso hospitalar
865.,MSE35963,rifampicina suspensão oral 20mg/mL frasco com doseador - tuberculose,Medicamentos para o tratamento da tuberculose,"UBS (farmácia ambulatorial), Policlínica de Planaltina, Policlínica de Taguatinga, Policlínica do Gama, Policlínica de Ceilândia, UBS 1 Lago Sul, Farmácia Escola (HUB), Centro Especializado em Doenças Infecciosas - CEDIN (antigo Hospital Dia) e uso hospitalar"
866.,MSE34500,rifapentina + isoniazida comprimido 300 mg + 300 mg - tuberculose,Medicamentos para o tratamento da tuberculose,"UBS (farmácia ambulatorial), Policlínica de Planaltina, Policlínica de Taguatinga, Policlínica do Gama, Policlínica de Ceilândia, UBS 1 Lago Sul, Farmácia Escola (HUB), Centro Especializado em Doenças Infecciosas - CEDIN (antigo Hospital Dia) e uso hospitalar"
867.,MSE37990,rifapentina comprimido 150mg - tuberculose,Medicamentos para o tratamento da tuberculose,"UBS (farmácia ambulatorial), Policlínica de Planaltina, Policlínica de Taguatinga, Policlínica do Gama, Policlínica de Ceilândia, UBS 1 Lago Sul, Farmácia Escola (HUB), Centro Especializado em Doenças Infecciosas - CEDIN (antigo Hospital Dia) e uso hospitalar"
868.,38190,rifaximina comprimido revestido 550 mg,Antiinfecciosos intestinais,"Policlínica de Planaltina, Policlínica de Taguatinga, Policlínica do Gama, Centro Especializado em Saúde da Mulher – CESMU e uso hospitalar"
869.,MS7057,riluzol comprimido 50mg,Outros medicamentos do sistema nervoso,Farmácia do Componente Especializado
870.,MS38716,risanquizumabe solução injetável 150 mg caneta aplicadora 1 mL,Imunossupressores,Farmácia do Componente Especializado
871.,MS38502,"risdiplam pó para soluçâo oral 0,75 mg/mL frasco 80 mL",Outros medicamentos para perturbações do sistema musculo-esquelético,Farmácia do Componente Especializado
872.,175,risedronato comprimido 35mg,Medicamentos que afetam a estrutura óssea e mineralização,Farmácia do Componente Especializado
873.,7031,risperidona comprimido 1 mg,Antipsicóticos,Farmácia do Componente Especializado e uso hospitalar
874.,7032,risperidona comprimido 2 mg,Antipsicóticos,"Farmácia do Componente Especializado, uso hospitalar e atendimento pré- hospitalar (SAMU)"
875.,21692,risperidona comprimido revestido 3 mg,Antipsicóticos,Farmácia do Componente Especializado
876.,29465,risperidona solução oral 1mg/mL frasco 30mL,,Antipsicóticos
877.,MSE90164,ritonavir cápsula 100 mg - HIV,,"Medicamentos para o manejo da infecção pelo HIV Gama, Policlínica de Planaltina, Policlínica de Taguatinga, UBS 1 Lago Sul, Farmácia Escola (HUB) e Centro Especializado em Doenças Infecciosas - CEDIN (antigo Hospital Dia)"
878.,MSE90057,ritonavir pó para suspensão oral 100 mg - HIV,,Medicamentos para o manejo da infecção pelo HIV
879.,MSE90165,ritonavir solução oral 80 mg/mL frasco 240 mL - HIV,,"Medicamentos para o manejo da infecção pelo HIV Gama, Policlínica de Planaltina, Policlínica de Taguatinga, UBS 1 Lago Sul, Farmácia Escola (HUB) e Centro Especializado em Doenças Infecciosas - CEDIN (antigo Hospital Dia)"
880.,MS5292,rituximabe solução injetável 500 mg frasco-ampola 50 mL,,Outros agentes antineoplásicos
881.,MS5293,rituximabe solução injetável 100 mg frasco-ampola 10 mL,,Outros agentes antineoplásicos
882.,M S38524 MS38520 MS38521,rituximabe solução injetável 500mg frasco ampola 50 mL,,Outros agentes antineoplásicos
883.,MS16360,"rivastigmina adesivo transdermico 18mg com liberação de 9,5mg/24h",,Medicamentos anti- demência
884.,MS17162,"rivastigmina adesivo transdermico 9mg com liberação de 4,6mg/24h",,Medicamentos anti- demência
885.,MS5276,"rivastigmina cápsula 1,5 mg",,Medicamentos anti- demência
886.,MS672,rivastigmina cápsula 3 mg,,Medicamentos anti- demência
887.,MS5909,"rivastigmina cápsula 4,5 mg",,Medicamentos anti- demência
888.,MS5725,rivastigmina cápsula 6 mg,,Medicamentos anti- demência
889.,90458*,,rocurônio solução injetável 10 mg/mL frasco-ampola 5 mL,"Relaxantes musculares, agentes de ação periférica"
890.,MS38711,"romosozumabe solução injetável 90 mg/mL seringa preenchida 1,17 mL",,Outros medicamentos para perturbações do sistema musculo-esquelético
891.,90456,"ropivacaina (cloridrato) solução injetável 7,5mg/mL ampola ou frasco ampola 20mL",,Anestésicos locais
892.,90457,ropivacaina (cloridrato) solução injetável 10 mg/mL ampola ou frasco ampola 20 mL,,Anestésicos locais
893.,90590,sacarato de óxido férrico solução injetável endovenosa 20mg/mL ampola ou frasco ampola 5mL,,Preparados de ferro
894.,36352,sacubitril valsartana sódica hidratada comprimido 100 mg,"Antagonista da angiotensina ii, associação",Farmácia do Componente Especializado
895.,35977,sacubitril valsartana sódica hidratada comprimido 200 mg,"Antagonista da angiotensina ii, associação",Farmácia do Componente Especializado
896.,36496,sacubitril valsartana sódica hidratada comprimido 50 mg,"Antagonista da angiotensina ii, associação",Farmácia do Componente Especializado
897.,90541*,"sais para reidratação oral fórmula preconizada pela oms/unicef po p/preparo de 1 litro de solução envelope *será substituído pelo código 39216 sais para reidratação oral (cloreto de sódio 3,5g + cloreto de potássio 1,5g + citrato de sódio di-hidratado 2,9g + glicose 20g) pó para preparo de 1 litro de solução envelope",Eletrólitos com carboidratos,UBS (farmácia ambulatorial e farmácia interna) e uso hospitalar
898.,90158,"salbutamol (sulfato) solução injetável 0,5 mg/mL ampola 1 mL",Outros medicamentos sistêmicos para doença obstrutiva das vias aéreas,uso hospitalar
899.,5289,salbutamol (sulfato) spray ou aerossol para inalação oral 100 mcg/dose frasco 200 doses com inalador,Inalantes adrenérgicos,"UBS (farmácia ambulatorial e farmácia interna), uso hospitalar e atendimento pré-hospitalar (SAMU)"
900.,21695,salmeterol (xinafoato) + fluticasona (propionato) aerosol para inalação 25 mcg/dose + 125mcg/dose tubo (120 doses) + inalador,Inalantes adrenérgicos,"Policlínica de Planaltina, Policlínica de Taguatinga e Centro Especializado em Saúde da Mulher – CESMU"
901.,23607,salmeterol (xinafoato) + fluticasona (propionato) pó para inalação 50mcg/dose + 500mcg/dose recipiente dosador contendo strip com 60 doses,Inalantes adrenérgicos,Farmácia do Componente Especializado
902.,35337,sapropterina comprimido 100mg,Outros medicamentos do aparelho digestivo e metabolismo,Farmácia do Componente Especializado
903.,MS34767,secuquinumabe 150 mg pó para solução injetável ou solução injetável,Imunossupressores,Farmácia do Componente Especializado
904.,MSE33470,"selante de fibrina 0,5 mL frasco ampola - coagulopatias",Vitamina k e outros hemostáticos,Hemocentro
905.,MSE23068,selante de fibrina 1 mL frasco ampola - coagulopatias,Vitamina k e outros hemostáticos,Hemocentro
906.,38399,"selexipague comprimido revestido 0,2 mg",Agentes antitrombóticos,Farmácia do Componente Especializado
907.,38693,"selexipague comprimido revestido 0,4 mg",Agentes antitrombóticos,Farmácia do Componente Especializado
908.,39001,"selexipague comprimido revestido 0,6 mg",Agentes antitrombóticos,Farmácia do Componente Especializado
909.,38401,"selexipague comprimido revestido 0,8 mg",Agentes antitrombóticos,Farmácia do Componente Especializado
910.,39002,selexipague comprimido revestido 1 mg,Agentes antitrombóticos,Farmácia do Componente Especializado
911.,39003,"selexipague comprimido revestido 1,2 mg",Agentes antitrombóticos,Farmácia do Componente Especializado
912.,39004,"selexipague comprimido revestido 1,4 mg",Agentes antitrombóticos,Farmácia do Componente Especializado
913.,39005,"selexipague comprimido revestido 1,6 mg",Agentes antitrombóticos,Farmácia do Componente Especializado
914.,MS693,sevelamer (hidrocloreto) comprimido revestido 800mg,Todos os outros produtos terapêuticos,Farmácia do Componente Especializado
915.,90277,sevoflurano solução inalatoria frasco 250 mL,Anestésicos gerais,uso hospitalar
916.,21673,sildenafila (citrato) comprimido revestido 20 mg,Outros urológicos incluindo antiespasmódicos,uso hospitalar
917.,MS21673,sildenafila (citrato) comprimido revestido 20 mg,Outros urológicos incluindo antiespasmódicos,Farmácia do Componente Especializado
918.,MS18383,sildenafila comprimido 25mg,Outros urológicos incluindo antiespasmódicos,Farmácia do Componente Especializado
919.,MS18078,sildenafila comprimido 50mg,"Estimulantes cardíacos, excluindo glicosidos cardíacos",Farmácia do Componente Especializado
920.,31716,simeticona emulsao ou solução ou suspensão oral gotas 75 mg/mL frasco 10mL a 15mL,Medicamentos para transtorno da função intestinal,UBS (farmácia ambulatorial) e uso hospitalar
921.,694,sinvastatina comprimido 20 mg,"Agentes modificadores de lipídios, isolados",UBS (farmácia ambulatorial) e uso hospitalar
922.,695,sinvastatina comprimido 40 mg,"Agentes modificadores de lipídios, isolados",UBS (farmácia ambulatorial) e uso hospitalar
923.,MS20269,sirolimo drágea 1mg,Imunossupressores,Farmácia do Componente Especializado
924.,MS20189,sirolimo drágea 2mg,Imunossupressores,Farmácia do Componente Especializado
925.,MSE32639,sofosbuvir comprimido 400mg - hepatite C,Medicamentos para hepatite C,Policlínica de Planaltina e Farmácia Escola (HUB)
926.,MSE35284,sofosbuvir 400mg + velpatasvir 100mg comprimido - hepatite C,Medicamentos para hepatite C,Policlínica de Planaltina e Farmácia Escola (HUB)
927.,MSE34504,sofosbuvir + velpatasvir comprimido 200mg + 50mg - hepatite c,Medicamentos para hepatite C,Policlínica de Planaltina e Farmácia Escola (HUB)
928.,MSE34505,sofosbuvir + velpatasvir + voxilaprevir comprimido 400mg + 100mg + 100mg - hepatite c,Medicamentos para hepatite C,Policlínica de Planaltina e Farmácia Escola (HUB)
929.,90575,"solução acida p/ hemodialise galao de 5l p/maq. mistura proporcional (1:34 até 1:45) com k=2,0meq/l; ca=2,5meq/l; sem glicose",Hemodialíticos e hemofiltrados,uso hospitalar
930.,90576,"solução basica (com bicarbonato de sodio a 8,4 %) p/hemodialise galao de 5l maq. mistura proporcional",Hemodialíticos e hemofiltrados,uso hospitalar
931.,10264,"solução de ringer (cloretos de na, k, ca) solução injetável bolsa ou frasco 500 mL sistema fechado de infusao",Soluções endovenosas,uso hospitalar
932.,10263,"solução de ringer (cloretos de na, k, ca) + lactato (sodico) solução injetável bolsa ou frasco 500 mL sistema fechado de infusao",Soluções endovenosas,uso hospitalar
933.,25200,somatropina injetável 4 ui frasco- ampola,Hormônios do lóbulo anterior da pituitária e análogos,Farmácia do Componente Especializado
934.,MS30983,somatropina injetável 12 ui frasco ampola,Hormônios do lóbulo anterior da pituitária e análogos,Farmácia do Componente Especializado
935.,MS37752,somatropina injetável 16 ui frasco ampola,Hormônios do lóbulo anterior da pituitária e análogos,Farmácia do Componente Especializado
936.,MS25200,somatropina injetável 4 ui frasco ampola,Hormônios do lóbulo anterior da pituitária e análogos,Farmácia do Componente Especializado
937.,201707,sorafenibe (tosilato) comprimido revestido 200mg,Outros agentes antineoplásicos,Farmácia Ambulatorial Oncológica do HRT e Farmácia Ambulatorial do HBDF
938.,32223,subgalato de bismuto pó frasco ou pote 50 g (manipulado),Medicamentos manipulados,uso hospitalar
939.,90213,sufentanila (citrato) solução injetável 5 mcg/mL ampola 2 mL,Anestésicos gerais,uso hospitalar
940.,37599,sufentanila (citrato) solução injetável 50 mcg/mL ampola 1 mL,Anestésicos gerais,uso hospitalar
941.,30284,sugamadex sódico solução injetável100 mg/mL frasco-ampola 2 mL,"Relaxantes musculares, agentes de ação periférica",uso hospitalar
942.,MSE90911,sulfadiazina comprimido 500mg - toxoplasmose,Medicamentos para o tratamento da toxoplasmose,"UBS - Unidades de Referência* (farmácia ambulatorial) e uso hospitalar *Medicamento disponibilizado nas Unidades de Referência, conforme lista disponibilizada na página https://www.saude.df.gov.br/medicamentos- toxoplasmose."
943.,90245,sulfadiazina de prata creme dermatologico 1% bisnaga 50 g,Quimioterápicos de uso tópico,UBS (farmácia interna) e uso hospitalar
944.,30977,sulfadiazina de prata creme dermatológico 1% frasco ou pote 400 g,Quimioterápicos de uso tópico,uso hospitalar
945.,90912,sulfametoxazol + trimetoprima comprimido 400 mg +80 mg,Sulfonamidas e trimetroprima,UBS (farmácia ambulatorial) e uso hospitalar
946.,90914,sulfametoxazol + trimetoprima solução injetável (400 mg + 80 mg)/5 mL ampola 5 mL,Sulfonamidas e trimetroprima,uso hospitalar
947.,90913,sulfametoxazol +trimetoprima suspensão oral (200 +40 mg)/5mL frasco 100 mL com doseador,Sulfonamidas e trimetroprima,UBS (farmácia ambulatorial) e uso hospitalar
948.,90214*,sulfassalazina comprimido ou comprimido revestido 500mg *será substituído pelo código 39064 sulfassalazina comprimido revestido de liberação retardada 500mg,Agentes antiinflamatórios intestinais,Farmácia do Componente Especializado
949.,90080,sulfato de magnésio solução injetável 50 % (4 meq/mL) ampola 10 mL,Aditivos de soluções endovenosas,uso hospitalar e atendimento pré- hospitalar (SAMU)
950.,39599,"sulfato de zinco heptahidratado 17,60 mg/mL frasco 100 mL",Outros medicamentos do aparelho digestivo e metabolismo,UBS (farmácia ambulatorial) e uso hospitalar
951.,90592,sulfato ferroso (equivalente a 40 mg de ferro elementar) comprimido revestido,Preparados de ferro,UBS (farmácia ambulatorial) e uso hospitalar
952.,90593,sulfato ferroso solução oral 125 mg/mL correspondente a 25 mg/mL de ferro elementar frasco 30 mL,Preparados de ferro,UBS (farmácia ambulatorial) e uso hospitalar
953.,MSE33472,suplemento alimentar com múltiplos micronutrientes po 1 g - prevençao de deficiencias nutricionais,"Multivitaminas, associações",UBS (farmácia ambulatorial)
954.,25186,"surfactante pulmonar (fração fosfolipidica de pulmão porcino) 80 mg/mL suspensão frasco ampola 1,5 mL",Outros produtos para o sistema respiratório,uso hospitalar
955.,90230,suxametonio (cloreto) pó para solução injetável 100 mg frasco-ampola,"Relaxantes musculares, agentes de ação periférica",uso hospitalar
956.,33424,symphytum officinale gel 10% pote 200g (confrei),Medicamentos homeopáticos ou fitoterápicos,"UBS - Unidades de Referência* (farmácia ambulatorial) *Unidades Básicas de Saúde (UBS) Dispensadoras de Fitoterápicos Oficinais, conforme lista disponibilizada na página https://www.saude.df.gov.br/farmacias-vivas- fitoterapicos."
957.,33423,symphytum officinale gel 10% pote 30g (confrei),Medicamentos homeopáticos ou fitoterápicos,"UBS - Unidades de Referência* (farmácia ambulatorial) *Unidades Básicas de Saúde (UBS) Dispensadoras de Fitoterápicos Oficinais, conforme lista disponibilizada na página https://www.saude.df.gov.br/farmacias-vivas- fitoterapicos."
958.,MS5561,tacrolimo cápsula 1mg,Imunossupressores,Farmácia do Componente Especializado
959.,MS5562,tacrolimo cápsula 5mg,Imunossupressores,Farmácia do Componente Especializado
960.,21544,tadalafila comprimido revestido 20 mg,Outros urológicos incluindo antiespasmódicos,Centro Especializado em Saúde da Mulher - CESMU
961.,37495,tadalafila comprimido revestido 5 mg,Outros urológicos incluindo antiespasmódicos,Centro Especializado em Saúde da Mulher - CESMU
962.,MS35470,tafamidis meglumina cápsula 20mg,Outros medicamentos do sistema nervoso,Farmácia do Componente Especializado
963.,mse34506,tafenoquina (succinato) comprimido 150mg - malária,Medicamentos para o tratamento da malária,Programa de Malária – Equipe Volante
964.,MSE1877,talidomida comprimido 100 mg - hanseníase,Medicamentos para o tratamento da hanseníase,"UBS - Unidades de Referência (farmácia ambulatorial), Centro Especializado em Doenças Infecciosas - CEDIN (antigo Hospital Dia), Policlínica de Planaltina e Farmácia Escola (HUB)"
965.,28115,tamoxifeno comprimido 20 mg,Antagonistas hormonais e agentes relacionados,Farmácia Ambulatorial Oncológica do HRT e Farmácia Ambulatorial do HBDF
966.,90719,teicoplanina pó para solução injetável 200 mg frasco-ampola,Outros antibacterianos,uso hospitalar
967.,10329,temozolomida cápsula 100mg (frasco ou blister),Agentes alquilantes,Farmácia Ambulatorial Oncológica do HRT e Farmácia Ambulatorial do HBDF
968.,21445,temozolomida cápsula 140mg (frasco ou blister),Agentes alquilantes,Farmácia Ambulatorial Oncológica do HRT e Farmácia Ambulatorial do HBDF
969.,18459,temozolomida cápsula 20mg (frasco ou blister),Agentes alquilantes,Farmácia Ambulatorial Oncológica do HRT e Farmácia Ambulatorial do HBDF
970.,10246,temozolomida cápsula 250mg (frasco ou blister),Agentes alquilantes,Farmácia Ambulatorial Oncológica do HRT e Farmácia Ambulatorial do HBDF
971.,18529,temozolomida cápsula 5mg (frasco ou blister),Agentes alquilantes,Farmácia Ambulatorial Oncológica do HRT e Farmácia Ambulatorial do HBDF
972.,90134,tenecteplase po liofilizado 40mg frasco ampola + seringa preenchida com 8 mL diluente + adaptador + agulha,Agentes antitrombóticos,uso hospitalar
973.,37736,tenecteplase pó liofilizado injetável 50mg frasco ampola + seringa preenchida com 10 mL diluente + adaptador + agulha,Agentes antitrombóticos,uso hospitalar
974.,MSE35629,tenofovir + entricitabina comprimido revestido 300mg + 200mg - HIV,Medicamentos para o manejo da infecção pelo HIV,"Policlínica de Ceilândia, Policlínica de Taguatinga, UBS 1 Lago Sul, Farmácia Escola (HUB) e Centro Especializado em Doenças Infecciosas - CEDIN (antigo Hospital Dia) e UBS* (farmácia ambulatorial) *Unidades Básicas de Saúde (UBS) com farmácias dispensadoras de PrEP (Profilaxia Pré-Exposição), conforme lista disponibilizada na página https://www.saude.df.gov.br/medicamentos-dst- aids."
975.,MSE21352,tenofovir + lamivudina comprimido 300mg + 300mg - hepatite B,Medicamentos para hepatite B,"Policlínica de Ceilândia, Policlínica do Gama, Policlínica de Planaltina, Policlínica de Taguatinga, Farmácia Escola (HUB) e Centro Especializado em Doenças Infecciosas - CEDIN (antigo Hospital Dia)"
976.,MSE38213,tenofovir alafenamida comprimido 25mg - hepatite B,Medicamentos para hepatite B,"Policlínica de Ceilândia, Policlínica do Gama, Policlínica de Planaltina, Policlínica de Taguatinga, Farmácia Escola (HUB) e Centro Especializado em Doenças Infecciosas - CEDIN (antigo Hospital Dia)"
977.,MSE38214,tenofovir alafenamida comprimido 25mg – HIV,Medicamentos para o manejo da infecção pelo HIV,"Policlínica de Ceilândia, Policlínica do Gama, Policlínica de Planaltina, Policlínica de Taguatinga, UBS 1 Lago Sul, Farmácia Escola (HUB) e Centro Especializado em Doenças Infecciosas - CEDIN (antigo Hospital Dia)"
978.,MSE37511,tenofovir comprimido 300 mg - hepatite B,Medicamentos para hepatite B,"Policlínica de Ceilândia, Policlínica do Gama, Policlínica de Planaltina, Policlínica de Taguatinga, Farmácia Escola (HUB) e Centro Especializado em Doenças Infecciosas - CEDIN (antigo Hospital Dia)"
979.,MSE21351,tenofovir comprimido 300 mg - HIV,Medicamentos para o manejo da infecção pelo HIV,"Policlínica de Ceilândia, Policlínica do Gama, Policlínica de Planaltina, Policlínica de Taguatinga, UBS 1 Lago Sul, Farmácia Escola (HUB) e Centro Especializado em Doenças Infecciosas - CEDIN (antigo Hospital Dia)"
980.,MSE33485,tenofovir desoproxila (fumarato) 300 mg + lamivudina 300 mg - HIV,Medicamentos para o manejo da infecção pelo HIV,"Policlínica de Ceilândia, Policlínica do Gama, Policlínica de Planaltina, , Policlínica de Taguatinga, UBS 1 Lago Sul, Farmácia Escola (HUB) e Centro Especializado em Doenças Infecciosas - CEDIN (antigo Hospital Dia) e UBS* (farmácia ambulatorial) *Unidades Básicas de Saúde (UBS) com farmácias dispensadoras de TARV (Terapia Antiretroviral) e de PEP (Profilaxia Pós-Exposição), conforme lista disponibilizada na página https://www.saude.df.gov.br/medicamentos-dst- aids."
981.,90215,tenoxicam pó liofilizado para solução injetável 20 mg frasco-ampola,Produtos antiinflamatórios e antirreumáticos não esteróides,"UBS (farmácia interna), uso hospitalar e atendimento pré-hospitalar (SAMU)"
982.,7155,terbinafina comprimido 250 mg,Antifúngicos para uso sistémico,uso hospitalar
983.,MS32853,teriflunomida 14 mg comprimidos,Imunossupressores,Farmácia do Componente Especializado
984.,18238,"teriparatida solução injetável 250 mcg/mL carpule 2,4 a 3,0 mL + sistema de aplicacao",Hormônios paratireoideanos e análogos,Farmácia Ambulatorial do HBDF e Centro Especializado em Saúde da Mulher - CESMU.
985.,MSE4434,terizidona cápsula 250mg - tuberculose (exclusivo hospital dia),Medicamentos para o tratamento da tuberculose multidrogarresistente,Centro Especializado em Doenças Infecciosas - CEDIN (antigo Hospital Dia)* *Exclusivo Programa SITE-TB.
986.,15868*,terlipressina (acetato) pó liófilo injetável 1mg frasco-ampola + diluente *será substituído pelo código 39055 terlipressina (acetato) pó liofilizado injetável ou solução injetável 1mg frasco-ampola ou ampola,Hormônios do lóbulo posterior da pituitária,uso hospitalar
987.,12330,testosterona (undecilato) solução injetável 250mg/mL ampola 4mL (exclusivo HRAN),Androgênios,uso hospitalar (exclusivo HRAN)
988.,33676,tiamazol (metimazol) comprimido 10mg,Preparados antitireóide,UBS (farmácia ambulatorial) e uso hospitalar
989.,90524,tiamina (vitamina b1) comprimido 300 mg,"Vitamina b1, isolada e em associação com vitamina b6 e B12",UBS (farmácia ambulatorial) e uso hospitalar
990.,10356,tigeciclina po liofilizado para solução injetável 50 mg frasco ampola,Tetraciclinas,uso hospitalar
991.,90849,"timolol solução oftálmica 0,5 % frasco 5 mL",Preparados antiglaucoma e mióticos,Farmácia do Componente Especializado e uso hospitalar
992.,90337,tioridazina (cloridrato) comprimido liberação prolongada 200 mg,Medicamentos com dificuldade de aquisição,"UBS - Unidades de Referência* (farmácia ambulatorial) *Unidades Básicas de Saude (UBS) Dispensadoras de Medicamentos Sujeitos à Controle Especial, conforme lista disponibilizada na página https://www.saude.df.gov.br/medicamentos-saude- mental-psicotropicos."
993.,90336*,tioridazina (cloridrato) drágea 100 mg *será substituído pelo código 38820 tioridazina (cloridrato) drágea ou comprimido revestido 100 mg,Antipsicóticos,"UBS - Unidades de Referência* (farmácia ambulatorial) e uso hospitalar *Unidades Básicas de Saude (UBS) Dispensadoras de Medicamentos Sujeitos à Controle Especial, conforme lista disponibilizada na página https://www.saude.df.gov.br/medicamentos-saude- mental-psicotropicos."
994.,90168*,tioridazina (cloridrato) drágea 50 mg *será substituído pelo código 38741 tioridazina (cloridrato) drágea ou comprimido revestido 50 mg,Antipsicóticos,"UBS - Unidades de Referência* (farmácia ambulatorial) *Unidades Básicas de Saude (UBS) Dispensadoras de Medicamentos Sujeitos à Controle Especial, conforme lista disponibilizada na página https://www.saude.df.gov.br/medicamentos-saude- mental-psicotropicos."
995.,38188,"tiotrópio (brometo) + olodaterol (cloridrato) solução para inalação 2,5 mcg/dose + 2,5 mcg/dose frasco com 60 doses com inalador",Inalantes adrenérgicos,Farmácia do Componente Especializado
996.,90347,"tobramicina + dexametasona pomada oftálmica 0,3 % + 0,1 % bisnaga 3,5 g",Agentes antiinflamatórios e antiinfecciosos em associação,UBS (farmácia ambulatorial) e uso hospitalar
997.,90349,"tobramicina pomada oftálmica 0,3 % bisnaga 3,5 g",Antiinfecciosos,uso hospitalar
998.,90350,"tobramicina solução oftálmica 0,3 % frasco 5 mL",Antiinfecciosos,UBS (farmácia ambulatorial) e uso hospitalar
999.,MS3404,tobramicina solução para inalação 300 mg ampola ou flaconete,Antibacterianos aminoglicosídeos,Farmácia do Componente Especializado
1000.,MS23589,tocilizumabe solução injetável 20 mg/mL frasco ampola 4 mL,Imunossupressores,Farmácia do Componente Especializado
1001.,MS34049,tofacitinibe (citrato) comprimido revestido 5mg,Imunossupressores,Farmácia do Componente Especializado
1002.,8566,topiramato comprimido 100 mg,Antiepilépticos,Farmácia do Componente Especializado
1003.,8921,topiramato comprimido 25 mg,Antiepilépticos,Farmácia do Componente Especializado
1004.,5528,topiramato comprimido 50 mg,Antiepilépticos,Farmácia do Componente Especializado
1005.,MS2480,toxina botulinica tipo a de clostridium botulinum 500u po liofilizado p/ solução injetável frasco-ampola,"Relaxantes musculares, agentes de ação periférica",Farmácia do Componente Especializado
1006.,MS26043,toxina botulinica tipo a po liofilizado para solução injetável 100u frasco- ampola,"Relaxantes musculares, agentes de ação periférica",Farmácia do Componente Especializado
1007.,90218,tramadol (cloridrato) solução injetável 50 mg/mL ampola 2 mL,Opiáceos,uso hospitalar e atendimento pré- hospitalar (SAMU)
1008.,MS8957,trastuzumabe pó liófilo injetável 150 mg,Outros agentes antineoplásicos,uso hospitalar
1009.,MS20070,"travoprosta solução oftálmica 0,04 mg/mL frasco conta-gota 2,5 mL",Preparados antiglaucoma e mióticos,Farmácia do Componente Especializado
1010.,8428,tretinoina (acido trans-retinoico) cápsula 10 mg,Medicamento de compra exclusiva do IHBDF,Farmácia Ambulatorial do HBDF
1011.,34059*,triancinolona acetonida pomada bucal 1mg/mL bisnaga 10 g *será substituído pelo código 39222 triancinolona acetonida pomada bucal ou pasta 1mg/mL bisnaga 10 g (uso exclusivo odontologia),Corticosteróides isolados,uso hospitalar (uso exclusivo da odontologia)
1012.,MS37996,trientina (cloridrato) cápsula 250mg,Outros medicamentos do aparelho digestivo e metabolismo,Farmácia do Componente Especializado
1013.,39176,"triptorrelina (embonato) pó liofilizado para suspensão injetável de liberação prolongada 22,5 mg frasco-ampola",Hormônios e agentes relacionados,Farmácia do Componente Especializado
1014.,3521,"triptorrelina 3,75 mg frasco-ampola ou seringa preenchida",Hormônios e agentes relacionados,Farmácia do Componente Especializado
1015.,38171,"triptorrelina acetato solução injetável 0,1 mg/mL seringa 1 mL (uso exclusivo hmib)",Gonadotropinas e outros estimulantes de ovulação,uso hospitalar (exclusivo HMIB)
1016.,90845,tropicamida solução oftálmica 10 mg/mL frasco 5 mL,Midriáticos e cicloplégicos,uso hospitalar
1017.,38187,"umeclidínio (brometo) + vilanterol (trifenatato) pó inalante 62,5 mcg/dose + 25 mcg/dose recipiente dosador contendo strip com 30 doses",Inalantes adrenérgicos,Farmácia do Componente Especializado
1018.,MS38250,upadacitinibe comprimido revestido de liberação prolongada 15mg,Imunossupressores,Farmácia do Componente Especializado
1019.,90231,urofolitropina altamente purificada injetável 75 ui frasco ampola,Gonadotropinas e outros estimulantes de ovulação,uso hospitalar
1020.,11292,ursodesoxicolico (acido) comprimido 300 mg,Terapêutica biliar,"Farmácia do Componente Especializado, Farmácia Ambulatorial do HBDF e uso hospitalar"
1021.,MS27582,ustequinumabe solução injetável 45mg frasco ampola ou seringa preenchida,Imunossupressores,Farmácia do Componente Especializado
1022.,90288,valproato de sodio comprimido (equivalente 500 mg acido valproico),Antiepilépticos,"UBS - Unidades de Referência* (farmácia ambulatorial) e uso hospitalar *Unidades Básicas de Saude (UBS) Dispensadoras de Medicamentos Sujeitos à Controle Especial, conforme lista disponibilizada na página https://www.saude.df.gov.br/medicamentos-saude- mental-psicotropicos."
1023.,90005,valproato de sodio comprimido ou cápsula (equivalente 250 mg acido valproico),Antiepilépticos,"UBS - Unidades de Referência* (farmácia ambulatorial), uso hospitalar e atendimento pré-hospitalar (SAMU) *Unidades Básicas de Saude (UBS) Dispensadoras de Medicamentos Sujeitos à Controle Especial, conforme lista disponibilizada na página https://www.saude.df.gov.br/medicamentos-saude- mental-psicotropicos."
1024.,90070,valproato de sodio solução oral ou xarope (equivalente 250 mg/5 mL acido valproico) frasco 100 mL,Antiepilépticos,"UBS - Unidades de Referência* (farmácia ambulatorial) e uso hospitalar *Unidades Básicas de Saude (UBS) Dispensadoras de Medicamentos Sujeitos à Controle Especial, conforme lista disponibilizada na página https://www.saude.df.gov.br/medicamentos-saude- mental-psicotropicos."
1025.,90917,vancomicina pó para solução injetável 500 mg frasco-ampola,Outros antibacterianos,uso hospitalar
1026.,19575,varfarina sódica comprimido 5 mg,Agentes antitrombóticos,UBS (farmácia ambulatorial) e uso hospitalar
1027.,17337,"varfarina sódica cristalina comprimido 2,5mg",Agentes antitrombóticos,UBS (farmácia ambulatorial) e uso hospitalar
1028.,36195,"vaselina sólida (petrolato) 100 %, embalagem primária: bisnaga ou tubo. Unidade de estoque/licitação: grama.",Cosméticos,UBS (farmácia interna) e uso hospitalar
1029.,33227,vasopressina 20u/mL solução injetável ampola 1 mL,Hormônios do lóbulo posterior da pituitária,uso hospitalar
1030.,MS35555,vedolizumabe pó liofilizado para solução injetável 300 mg frasco- ampola,Imunossupressores,Farmácia do Componente Especializado
1031.,90311,verapamil (cloridrato) comprimido 80 mg,Bloqueadores seletivos do canal de cálcio com efeito cardíaco direto,UBS (farmácia ambulatorial) e uso hospitalar
1032.,7636,vigabatrina comprimido 500 mg,Antiepilépticos,Farmácia do Componente Especializado
1033.,90764,vinorelbina (tartarato) solução injetável 50 mg frasco-ampola,Alcalóides de plantas e outros produtos naturais,uso hospitalar
1034.,MSE33202,vitamina a (retinol) 100.000ui cápsula - prevençao de deficiencias nutricionais,"Vitamina a e d, incluindo associações das duas",UBS (farmácia interna)
1035.,MSE33203,vitamina a (retinol) 200.000ui cápsula - prevençao de deficiencias nutricionais,"Vitamina a e d, incluindo associações das duas",UBS (farmácia interna)
1036.,19721,voriconazol comprimido 200 mg,Antimicóticos de uso sistêmico,uso hospitalar
1037.,15510,voriconazol po liofilizado para solução injetável 200 mg frasco ampola,Antimicóticos de uso sistêmico,uso hospitalar
1038.,MSE24624,zanamivir pó para inalação oral 5 mg kit com 20 doses + aplicador - influenza,Medicamentos para o tratamento de influenza,uso hospitalar
1039.,MSE90069,zidovudina + lamivudina (azt/3tc) comprimido 300 mg + 150 mg - HIV,Medicamentos para o manejo da infecção pelo HIV,"Policlínica de Ceilândia, Policlínica do Gama, Policlínica de Planaltina, Policlínica de Taguatinga, UBS 1 Lago Sul, Farmácia Escola (HUB) e Centro Especializado em Doenças Infecciosas - CEDIN (antigo Hospital Dia)"
1040.,MSE90065,zidovudina cápsula 100 mg - HIV,Medicamentos para o manejo da infecção pelo HIV,"Policlínica de Ceilândia, Policlínica do Gama, Policlínica de Planaltina, Policlínica de Taguatinga, UBS 1 Lago Sul, Farmácia Escola (HUB) e Centro Especializado em Doenças Infecciosas - CEDIN (antigo Hospital Dia)"
1041.,MSE90067,zidovudina solução injetável 10 mg/mL frasco-ampola 20 mL - HIV,Medicamentos para o manejo da infecção pelo HIV,uso hospitalar (maternidades)
1042.,MSE38509,zidovudina solução oral 10 mg/mL frasco 100 mL - HIV,Medicamentos para o manejo da infecção pelo HIV,"Policlínica de Ceilândia, Policlínica do Gama, Policlínica de Planaltina, Policlínica de Taguatinga, UBS 1 Lago Sul, Farmácia Escola (HUB) e Centro Especializado em Doenças Infecciosas - CEDIN (antigo Hospital Dia) e uso hospitalar (maternidades)"
1043.,MSE90066,zidovudina solução oral 10 mg/mL frasco 200 mL - HIV,Medicamentos para o manejo da infecção pelo HIV,"Policlínica de Ceilândia, Policlínica do Gama, Policlínica de Planaltina, Policlínica de Taguatinga, UBS 1 Lago Sul, Farmácia Escola (HUB) e Centro Especializado em Doenças Infecciosas - CEDIN (antigo Hospital Dia) e uso hospitalar (maternidades)"
1044.,MSE38510,zidovudina solução oral 10 mg/mL frasco 240 mL - HIV,Medicamentos para o manejo da infecção pelo HIV,"Policlínica de Ceilândia, Policlínica do Gama, Policlínica de Planaltina, Policlínica de Taguatinga, UBS 1 Lago Sul, Farmácia Escola (HUB) e Centro Especializado em Doenças Infecciosas - CEDIN (antigo Hospital Dia) e uso hospitalar (maternidades)"
1045.,708,ziprasidona cápsula 40 mg,Antipsicóticos,uso hospitalar
1046.,MS708,ziprasidona cápsula 40 mg,Antipsicóticos,Farmácia do Componente Especializado
1047.,MS709,ziprasidona cápsula 80 mg,Antipsicóticos,Farmácia do Componente Especializado
1048.,16371,zuclopentixol solução injetável 200mg/mL ampola 1mL,Antipsicóticos,UBS* (farmácia ambulatorial) e uso hospitalar *Medicamento dispensado conforme Nota Técnica nº 1/2021 (documento SEI nº 53874377) que trata da dispensação dos medicamentos haloperidol (decanoato) solução injetável 50 mg/mL ampola 1 mL e zuclopentixol solução injetável 200mg/mL ampola 1mL.
